version https://git-lfs.github.com/spec/v1
oid sha256:f3f46a24d034e726e65501b9c0c9de2429b30657601eac92f165de9494a07fdb
size 179775097
15:03:21,0.0,0.0,0.0,0.0,0.0,0.0
15:03:21,0.0,0.0,0.0,0.0,0.0,0.0
15:03:22,0.0,0.0,0.0,0.0,0.0,0.0
15:03:22,0.0,0.0,0.0,0.0,0.0,0.0
15:03:22,0.0,0.0,0.0,0.0,0.0,0.0
15:03:22,0.0,0.0,0.0,0.0,0.0,0.0
15:03:22,0.0,0.0,0.0,0.0,0.0,0.0
15:03:22,0.0,0.0,0.0,0.0,0.0,0.0
15:03:22,0.0,0.0,0.0,0.0,0.0,0.0
15:03:23,0.0,0.0,0.0,0.0,0.0,0.0
15:03:23,0.0,0.0,0.0,0.0,0.0,0.0
15:03:23,0.0,0.0,0.0,0.0,0.0,0.0
15:03:23,0.0,0.0,0.0,0.0,0.0,0.0
15:03:23,0.0,0.0,0.0,0.0,0.0,0.0
15:03:23,0.0,0.0,0.0,0.0,0.0,0.0
15:03:23,0.0,0.0,0.0,0.0,0.0,0.0
15:03:23,0.0,0.0,0.0,0.0,0.0,0.0
15:03:24,0.0,0.0,0.0,0.0,0.0,0.0
15:03:24,0.0,0.0,0.0,0.0,0.0,0.0
15:03:24,0.0,0.0,0.0,0.0,0.0,0.0
15:03:24,0.0,0.0,0.0,0.0,0.0,0.0
15:03:24,0.0,0.0,0.0,0.0,0.0,0.0
15:03:24,0.0,0.0,0.0,0.0,0.0,0.0
15:03:24,0.0,0.0,0.0,0.0,0.0,0.0
15:03:24,0.0,0.0,0.0,0.0,0.0,0.0
15:03:25,0.0,0.0,0.0,0.0,0.0,0.0
15:03:25,0.0,0.0,0.0,0.0,0.0,0.0
15:03:25,0.0,0.0,0.0,0.0,0.0,0.0
15:03:25,0.0,0.0,0.0,0.0,0.0,0.0
15:03:25,0.0,0.0,0.0,0.0,0.0,0.0
15:03:25,0.0,0.0,0.0,0.0,0.0,0.0
15:03:25,0.0,0.0,0.0,0.0,0.0,0.0
15:03:26,0.0,0.0,0.0,0.0,0.0,0.0
15:03:26,0.0,0.0,0.0,0.0,0.0,0.0
15:03:26,0.0,0.0,0.0,0.0,0.0,0.0
15:03:26,0.0,0.0,0.0,0.0,0.0,0.0
15:03:26,0.0,0.0,0.0,0.0,0.0,0.0
15:03:26,0.0,0.0,0.0,0.0,0.0,0.0
15:03:26,0.0,0.0,0.0,0.0,0.0,0.0
15:03:26,0.0,0.0,0.0,0.0,0.0,0.0
15:03:27,0.0,0.0,0.0,0.0,0.0,0.0
15:03:27,0.0,0.0,0.0,0.0,0.0,0.0
15:03:27,0.0,0.0,0.0,0.0,0.0,0.0
15:03:27,0.0,0.0,0.0,0.0,0.0,0.0
15:03:27,0.0,0.0,0.0,0.0,0.0,0.0
15:03:27,0.0,0.0,0.0,0.0,0.0,0.0
15:03:27,0.0,0.0,0.0,0.0,0.0,0.0
15:03:28,0.0,0.0,0.0,0.0,0.0,0.0
15:03:28,0.0,0.0,0.0,0.0,0.0,0.0
15:03:28,0.0,0.0,0.0,0.0,0.0,0.0
15:03:28,0.0,0.0,0.0,0.0,0.0,0.0
15:03:28,0.0,0.0,0.0,0.0,0.0,0.0
15:03:28,0.0,0.0,0.0,0.0,0.0,0.0
15:03:28,0.0,0.0,0.0,0.0,0.0,0.0
15:03:28,0.0,0.0,0.0,0.0,0.0,0.0
15:03:29,0.0,0.0,0.0,0.0,0.0,0.0
15:03:29,0.0,0.0,0.0,0.0,0.0,0.0
15:03:29,0.0,0.0,0.0,0.0,0.0,0.0
15:03:29,0.0,0.0,0.0,0.0,0.0,0.0
15:03:29,0.0,0.0,0.0,0.0,0.0,0.0
15:03:29,0.0,0.0,0.0,0.0,0.0,0.0
15:03:29,0.0,0.0,0.0,0.0,0.0,0.0
15:03:29,0.0,0.0,0.0,0.0,0.0,0.0
15:03:30,0.0,0.0,0.0,0.0,0.0,0.0
15:03:30,0.0,0.0,0.0,0.0,0.0,0.0
15:03:30,0.0,0.0,0.0,0.0,0.0,0.0
15:03:30,0.0,0.0,0.0,0.0,0.0,0.0
15:03:30,0.0,0.0,0.0,0.0,0.0,0.0
15:03:30,0.0,0.0,0.0,0.0,0.0,0.0
15:03:30,0.0,0.0,0.0,0.0,0.0,0.0
15:03:30,0.0,0.0,0.0,0.0,0.0,0.0
15:03:31,0.0,0.0,0.0,0.0,0.0,0.0
15:03:31,0.0,0.0,0.0,0.0,0.0,0.0
15:03:31,0.0,0.0,0.0,0.0,0.0,0.0
15:03:31,0.0,0.0,0.0,0.0,0.0,0.0
15:03:31,0.0,0.0,0.0,0.0,0.0,0.0
15:03:31,0.0,0.0,0.0,0.0,0.0,0.0
15:03:31,0.0,0.0,0.0,0.0,0.0,0.0
15:03:32,0.0,0.0,0.0,0.0,0.0,0.0
15:03:32,0.0,0.0,0.0,0.0,0.0,0.0
15:03:32,0.0,0.0,0.0,0.0,0.0,0.0
15:03:32,0.0,0.0,0.0,0.0,0.0,0.0
15:03:32,0.0,0.0,0.0,0.0,0.0,0.0
15:03:32,0.0,0.0,0.0,0.0,0.0,0.0
15:03:32,0.0,0.0,0.0,0.0,0.0,0.0
15:03:33,0.0,0.0,0.0,0.0,0.0,0.0
15:03:33,0.0,0.0,0.0,0.0,0.0,0.0
15:03:33,0.0,0.0,0.0,0.0,0.0,0.0
15:03:33,0.0,0.0,0.0,0.0,0.0,0.0
15:03:33,0.0,0.0,0.0,0.0,0.0,0.0
15:03:33,0.0,0.0,0.0,0.0,0.0,0.0
15:03:34,0.0,0.0,0.0,0.0,0.0,0.0
15:03:34,0.0,0.0,0.0,0.0,0.0,0.0
15:03:34,0.0,0.0,0.0,0.0,0.0,0.0
15:03:34,0.0,0.0,0.0,0.0,0.0,0.0
15:03:34,0.0,0.0,0.0,0.0,0.0,0.0
15:03:34,0.0,0.0,0.0,0.0,0.0,0.0
15:03:34,0.0,0.0,0.0,0.0,0.0,0.0
15:03:34,0.0,0.0,0.0,0.0,0.0,0.0
15:03:35,0.0,0.0,0.0,0.0,0.0,0.0
15:03:35,0.0,0.0,0.0,0.0,0.0,0.0
15:03:35,0.0,0.0,0.0,0.0,0.0,0.0
15:03:35,0.0,0.0,0.0,0.0,0.0,0.0
15:03:35,0.0,0.0,0.0,0.0,0.0,0.0
15:03:35,0.0,0.0,0.0,0.0,0.0,0.0
15:03:35,0.0,0.0,0.0,0.0,0.0,0.0
15:03:36,0.0,0.0,0.0,0.0,0.0,0.0
15:03:36,0.0,0.0,0.0,0.0,0.0,0.0
15:03:36,0.0,0.0,0.0,0.0,0.0,0.0
15:03:36,0.0,0.0,0.0,0.0,0.0,0.0
15:03:36,0.0,0.0,0.0,0.0,0.0,0.0
15:03:36,0.0,0.0,0.0,0.0,0.0,0.0
15:03:36,0.0,0.0,0.0,0.0,0.0,0.0
15:03:36,0.0,0.0,0.0,0.0,0.0,0.0
15:03:37,0.0,0.0,0.0,0.0,0.0,0.0
15:03:37,0.0,0.0,0.0,0.0,0.0,0.0
15:03:37,0.0,0.0,0.0,0.0,0.0,0.0
15:03:37,0.0,0.0,0.0,0.0,0.0,0.0
15:03:37,0.0,0.0,0.0,0.0,0.0,0.0
15:03:37,0.0,0.0,0.0,0.0,0.0,0.0
15:03:37,0.0,0.0,0.0,0.0,0.0,0.0
15:03:38,0.0,0.0,0.0,0.0,0.0,0.0
15:03:38,0.0,0.0,0.0,0.0,0.0,0.0
15:03:38,0.0,0.0,0.0,0.0,0.0,0.0
15:03:38,0.0,0.0,0.0,0.0,0.0,0.0
15:03:38,0.0,0.0,0.0,0.0,0.0,0.0
15:03:38,0.0,0.0,0.0,0.0,0.0,0.0
15:03:38,0.0,0.0,0.0,0.0,0.0,0.0
15:03:38,0.0,0.0,0.0,0.0,0.0,0.0
15:03:39,0.0,0.0,0.0,0.0,0.0,0.0
15:03:39,0.0,0.0,0.0,0.0,0.0,0.0
15:03:39,0.0,0.0,0.0,0.0,0.0,0.0
15:03:39,0.0,0.0,0.0,0.0,0.0,0.0
15:03:39,0.0,0.0,0.0,0.0,0.0,0.0
15:03:39,0.0,0.0,0.0,0.0,0.0,0.0
15:03:39,0.0,0.0,0.0,0.0,0.0,0.0
15:03:39,0.0,0.0,0.0,0.0,0.0,0.0
15:03:39,0.0,0.0,0.0,0.0,0.0,0.0
15:03:40,0.0,0.0,0.0,0.0,0.0,0.0
15:03:40,0.0,0.0,0.0,0.0,0.0,0.0
15:03:40,0.0,0.0,0.0,0.0,0.0,0.0
15:03:40,0.0,0.0,0.0,0.0,0.0,0.0
15:03:40,0.0,0.0,0.0,0.0,0.0,0.0
15:03:40,0.0,0.0,0.0,0.0,0.0,0.0
15:03:40,0.0,0.0,0.0,0.0,0.0,0.0
15:03:40,0.0,0.0,0.0,0.0,0.0,0.0
15:03:41,0.0,0.0,0.0,0.0,0.0,0.0
15:03:41,0.0,0.0,0.0,0.0,0.0,0.0
15:03:41,0.0,0.0,0.0,0.0,0.0,0.0
15:03:41,0.0,0.0,0.0,0.0,0.0,0.0
15:03:41,0.0,0.0,0.0,0.0,0.0,0.0
15:03:41,0.0,0.0,0.0,0.0,0.0,0.0
15:03:41,0.0,0.0,0.0,0.0,0.0,0.0
15:03:41,0.0,0.0,0.0,0.0,0.0,0.0
15:03:41,0.0,0.0,0.0,0.0,0.0,0.0
15:03:42,0.0,0.0,0.0,0.0,0.0,0.0
15:03:42,0.0,0.0,0.0,0.0,0.0,0.0
15:03:42,0.0,0.0,0.0,0.0,0.0,0.0
15:03:42,0.0,0.0,0.0,0.0,0.0,0.0
15:03:42,0.0,0.0,0.0,0.0,0.0,0.0
15:03:42,0.0,0.0,0.0,0.0,0.0,0.0
15:03:42,0.0,0.0,0.0,0.0,0.0,0.0
15:03:42,0.0,0.0,0.0,0.0,0.0,0.0
15:03:42,0.0,0.0,0.0,0.0,0.0,0.0
15:03:43,0.0,0.0,0.0,0.0,0.0,0.0
15:03:43,0.0,0.0,0.0,0.0,0.0,0.0
15:03:43,0.0,0.0,0.0,0.0,0.0,0.0
15:03:43,0.0,0.0,0.0,0.0,0.0,0.0
15:03:43,0.0,0.0,0.0,0.0,0.0,0.0
15:03:43,0.0,0.0,0.0,0.0,0.0,0.0
15:03:43,0.0,0.0,0.0,0.0,0.0,0.0
15:03:43,0.0,0.0,0.0,0.0,0.0,0.0
15:03:44,0.0,0.0,0.0,0.0,0.0,0.0
15:03:44,0.0,0.0,0.0,0.0,0.0,0.0
15:03:44,0.0,0.0,0.0,0.0,0.0,0.0
15:03:44,0.0,0.0,0.0,0.0,0.0,0.0
15:03:44,0.0,0.0,0.0,0.0,0.0,0.0
15:03:44,0.0,0.0,0.0,0.0,0.0,0.0
15:03:44,0.0,0.0,0.0,0.0,0.0,0.0
15:03:44,0.0,0.0,0.0,0.0,0.0,0.0
15:03:45,0.0,0.0,0.0,0.0,0.0,0.0
15:03:45,0.0,0.0,0.0,0.0,0.0,0.0
15:03:45,0.0,0.0,0.0,0.0,0.0,0.0
15:03:45,0.0,0.0,0.0,0.0,0.0,0.0
15:03:45,0.0,0.0,0.0,0.0,0.0,0.0
15:03:45,0.0,0.0,0.0,0.0,0.0,0.0
15:03:45,0.0,0.0,0.0,0.0,0.0,0.0
15:03:46,0.0,0.0,0.0,0.0,0.0,0.0
15:03:46,0.0,0.0,0.0,0.0,0.0,0.0
15:03:46,0.0,0.0,0.0,0.0,0.0,0.0
15:03:46,0.0,0.0,0.0,0.0,0.0,0.0
15:03:46,0.0,0.0,0.0,0.0,0.0,0.0
15:03:46,0.0,0.0,0.0,0.0,0.0,0.0
15:03:46,0.0,0.0,0.0,0.0,0.0,0.0
15:03:46,0.0,0.0,0.0,0.0,0.0,0.0
15:03:47,0.0,0.0,0.0,0.0,0.0,0.0
15:03:47,0.0,0.0,0.0,0.0,0.0,0.0
15:03:47,0.0,0.0,0.0,0.0,0.0,0.0
15:03:47,0.0,0.0,0.0,0.0,0.0,0.0
15:03:47,0.0,0.0,0.0,0.0,0.0,0.0
15:03:47,0.0,0.0,0.0,0.0,0.0,0.0
15:03:47,0.0,0.0,0.0,0.0,0.0,0.0
15:03:47,0.0,0.0,0.0,0.0,0.0,0.0
15:03:48,0.0,0.0,0.0,0.0,0.0,0.0
15:03:48,0.0,0.0,0.0,0.0,0.0,0.0
15:03:48,0.0,0.0,0.0,0.0,0.0,0.0
15:03:48,0.0,0.0,0.0,0.0,0.0,0.0
15:03:48,0.0,0.0,0.0,0.0,0.0,0.0
15:03:48,0.0,0.0,0.0,0.0,0.0,0.0
15:03:48,0.0,0.0,0.0,0.0,0.0,0.0
15:03:48,0.0,0.0,0.0,0.0,0.0,0.0
15:03:48,0.0,0.0,0.0,0.0,0.0,0.0
15:03:49,0.0,0.0,0.0,0.0,0.0,0.0
15:03:49,0.0,0.0,0.0,0.0,0.0,0.0
15:03:49,0.0,0.0,0.0,0.0,0.0,0.0
15:03:49,0.0,0.0,0.0,0.0,0.0,0.0
15:03:49,0.0,0.0,0.0,0.0,0.0,0.0
15:03:49,0.0,0.0,0.0,0.0,0.0,0.0
15:03:49,0.0,0.0,0.0,0.0,0.0,0.0
15:03:49,0.0,0.0,0.0,0.0,0.0,0.0
15:03:49,0.0,0.0,0.0,0.0,0.0,0.0
15:03:50,0.0,0.0,0.0,0.0,0.0,0.0
15:03:50,0.0,0.0,0.0,0.0,0.0,0.0
15:03:50,0.0,0.0,0.0,0.0,0.0,0.0
15:03:50,0.0,0.0,0.0,0.0,0.0,0.0
15:03:50,0.0,0.0,0.0,0.0,0.0,0.0
15:03:50,0.0,0.0,0.0,0.0,0.0,0.0
15:03:50,0.0,0.0,0.0,0.0,0.0,0.0
15:03:50,0.0,0.0,0.0,0.0,0.0,0.0
15:03:50,0.0,0.0,0.0,0.0,0.0,0.0
15:03:51,0.0,0.0,0.0,0.0,0.0,0.0
15:03:51,0.0,0.0,0.0,0.0,0.0,0.0
15:03:51,0.0,0.0,0.0,0.0,0.0,0.0
15:03:51,0.0,0.0,0.0,0.0,0.0,0.0
15:03:51,0.0,0.0,0.0,0.0,0.0,0.0
15:03:51,0.0,0.0,0.0,0.0,0.0,0.0
15:03:51,0.0,0.0,0.0,0.0,0.0,0.0
15:03:51,0.0,0.0,0.0,0.0,0.0,0.0
15:03:51,0.0,0.0,0.0,0.0,0.0,0.0
15:03:52,0.0,0.0,0.0,0.0,0.0,0.0
15:03:52,0.0,0.0,0.0,0.0,0.0,0.0
15:03:52,0.0,0.0,0.0,0.0,0.0,0.0
15:03:52,0.0,0.0,0.0,0.0,0.0,0.0
15:03:52,0.0,0.0,0.0,0.0,0.0,0.0
15:03:52,0.0,0.0,0.0,0.0,0.0,0.0
15:03:52,0.0,0.0,0.0,0.0,0.0,0.0
15:03:52,0.0,0.0,0.0,0.0,0.0,0.0
15:03:53,0.0,0.0,0.0,0.0,0.0,0.0
15:03:53,0.0,0.0,0.0,0.0,0.0,0.0
15:03:53,0.0,0.0,0.0,0.0,0.0,0.0
15:03:53,0.0,0.0,0.0,0.0,0.0,0.0
15:03:53,0.0,0.0,0.0,0.0,0.0,0.0
15:03:53,0.0,0.0,0.0,0.0,0.0,0.0
15:03:53,0.0,0.0,0.0,0.0,0.0,0.0
15:03:53,0.0,0.0,0.0,0.0,0.0,0.0
15:03:54,0.0,0.0,0.0,0.0,0.0,0.0
15:03:54,0.0,0.0,0.0,0.0,0.0,0.0
15:03:54,0.0,0.0,0.0,0.0,0.0,0.0
15:03:54,0.0,0.0,0.0,0.0,0.0,0.0
15:03:54,0.0,0.0,0.0,0.0,0.0,0.0
15:03:54,0.0,0.0,0.0,0.0,0.0,0.0
15:03:54,0.0,0.0,0.0,0.0,0.0,0.0
15:03:54,0.0,0.0,0.0,0.0,0.0,0.0
15:03:55,0.0,0.0,0.0,0.0,0.0,0.0
15:03:55,0.0,0.0,0.0,0.0,0.0,0.0
15:03:55,0.0,0.0,0.0,0.0,0.0,0.0
15:03:55,0.0,0.0,0.0,0.0,0.0,0.0
15:03:55,0.0,0.0,0.0,0.0,0.0,0.0
15:03:55,0.0,0.0,0.0,0.0,0.0,0.0
15:03:55,0.0,0.0,0.0,0.0,0.0,0.0
15:03:55,0.0,0.0,0.0,0.0,0.0,0.0
15:03:55,0.0,0.0,0.0,0.0,0.0,0.0
15:03:56,0.0,0.0,0.0,0.0,0.0,0.0
15:03:56,0.0,0.0,0.0,0.0,0.0,0.0
15:03:56,0.0,0.0,0.0,0.0,0.0,0.0
15:03:56,0.0,0.0,0.0,0.0,0.0,0.0
15:03:56,0.0,0.0,0.0,0.0,0.0,0.0
15:03:56,0.0,0.0,0.0,0.0,0.0,0.0
15:03:56,0.0,0.0,0.0,0.0,0.0,0.0
15:03:57,0.0,0.0,0.0,0.0,0.0,0.0
15:03:57,0.0,0.0,0.0,0.0,0.0,0.0
15:03:57,0.0,0.0,0.0,0.0,0.0,0.0
15:03:57,0.0,0.0,0.0,0.0,0.0,0.0
15:03:57,0.0,0.0,0.0,0.0,0.0,0.0
15:03:57,0.0,0.0,0.0,0.0,0.0,0.0
15:03:57,0.0,0.0,0.0,0.0,0.0,0.0
15:03:57,0.0,0.0,0.0,0.0,0.0,0.0
15:03:57,0.0,0.0,0.0,0.0,0.0,0.0
15:03:58,0.0,0.0,0.0,0.0,0.0,0.0
15:03:58,0.0,0.0,0.0,0.0,0.0,0.0
15:03:58,0.0,0.0,0.0,0.0,0.0,0.0
15:03:58,0.0,0.0,0.0,0.0,0.0,0.0
15:03:58,0.0,0.0,0.0,0.0,0.0,0.0
15:03:58,0.0,0.0,0.0,0.0,0.0,0.0
15:03:58,0.0,0.0,0.0,0.0,0.0,0.0
15:03:59,0.0,0.0,0.0,0.0,0.0,0.0
15:03:59,0.0,0.0,0.0,0.0,0.0,0.0
15:03:59,0.0,0.0,0.0,0.0,0.0,0.0
15:03:59,0.0,0.0,0.0,0.0,0.0,0.0
15:03:59,0.0,0.0,0.0,0.0,0.0,0.0
15:03:59,0.0,0.0,0.0,0.0,0.0,0.0
15:03:59,0.0,0.0,0.0,0.0,0.0,0.0
15:04:00,0.0,0.0,0.0,0.0,0.0,0.0
15:04:00,0.0,0.0,0.0,0.0,0.0,0.0
15:04:00,0.0,0.0,0.0,0.0,0.0,0.0
15:04:00,0.0,0.0,0.0,0.0,0.0,0.0
15:04:00,0.0,0.0,0.0,0.0,0.0,0.0
15:04:00,0.0,0.0,0.0,0.0,0.0,0.0
15:04:00,0.0,0.0,0.0,0.0,0.0,0.0
15:04:00,0.0,0.0,0.0,0.0,0.0,0.0
15:04:00,0.0,0.0,0.0,0.0,0.0,0.0
15:04:01,0.0,0.0,0.0,0.0,0.0,0.0
15:04:01,0.0,0.0,0.0,0.0,0.0,0.0
15:04:01,0.0,0.0,0.0,0.0,0.0,0.0
15:04:01,0.0,0.0,0.0,0.0,0.0,0.0
15:04:01,0.0,0.0,0.0,0.0,0.0,0.0
15:04:01,0.0,0.0,0.0,0.0,0.0,0.0
15:04:01,0.0,0.0,0.0,0.0,0.0,0.0
15:04:02,0.0,0.0,0.0,0.0,0.0,0.0
15:04:02,0.0,0.0,0.0,0.0,0.0,0.0
15:04:02,0.0,0.0,0.0,0.0,0.0,0.0
15:04:02,0.0,0.0,0.0,0.0,0.0,0.0
15:04:02,0.0,0.0,0.0,0.0,0.0,0.0
15:04:02,0.0,0.0,0.0,0.0,0.0,0.0
15:04:02,0.0,0.0,0.0,0.0,0.0,0.0
15:04:02,0.0,0.0,0.0,0.0,0.0,0.0
15:04:02,0.0,0.0,0.0,0.0,0.0,0.0
15:04:03,0.0,0.0,0.0,0.0,0.0,0.0
15:04:03,0.0,0.0,0.0,0.0,0.0,0.0
15:04:03,0.0,0.0,0.0,0.0,0.0,0.0
15:04:03,0.0,0.0,0.0,0.0,0.0,0.0
15:04:03,0.0,0.0,0.0,0.0,0.0,0.0
15:04:03,0.0,0.0,0.0,0.0,0.0,0.0
15:04:03,0.0,0.0,0.0,0.0,0.0,0.0
15:04:03,0.0,0.0,0.0,0.0,0.0,0.0
15:04:03,0.0,0.0,0.0,0.0,0.0,0.0
15:04:04,0.0,0.0,0.0,0.0,0.0,0.0
15:04:04,0.0,0.0,0.0,0.0,0.0,0.0
15:04:04,0.0,0.0,0.0,0.0,0.0,0.0
15:04:04,0.0,0.0,0.0,0.0,0.0,0.0
15:04:04,0.0,0.0,0.0,0.0,0.0,0.0
15:04:04,0.0,0.0,0.0,0.0,0.0,0.0
15:04:04,0.0,0.0,0.0,0.0,0.0,0.0
15:04:04,0.0,0.0,0.0,0.0,0.0,0.0
15:04:04,0.0,0.0,0.0,0.0,0.0,0.0
15:04:05,0.0,0.0,0.0,0.0,0.0,0.0
15:04:05,0.0,0.0,0.0,0.0,0.0,0.0
15:04:05,0.0,0.0,0.0,0.0,0.0,0.0
15:04:05,0.0,0.0,0.0,0.0,0.0,0.0
15:04:05,0.0,0.0,0.0,0.0,0.0,0.0
15:04:05,0.0,0.0,0.0,0.0,0.0,0.0
15:04:05,0.0,0.0,0.0,0.0,0.0,0.0
15:04:05,0.0,0.0,0.0,0.0,0.0,0.0
15:04:05,0.0,0.0,0.0,0.0,0.0,0.0
15:04:06,0.0,0.0,0.0,0.0,0.0,0.0
15:04:06,0.0,0.0,0.0,0.0,0.0,0.0
15:04:06,0.0,0.0,0.0,0.0,0.0,0.0
15:04:06,0.0,0.0,0.0,0.0,0.0,0.0
15:04:06,0.0,0.0,0.0,0.0,0.0,0.0
15:04:06,0.0,0.0,0.0,0.0,0.0,0.0
15:04:06,0.0,0.0,0.0,0.0,0.0,0.0
15:04:06,0.0,0.0,0.0,0.0,0.0,0.0
15:04:06,0.0,0.0,0.0,0.0,0.0,0.0
15:04:07,0.0,0.0,0.0,0.0,0.0,0.0
15:04:07,0.0,0.0,0.0,0.0,0.0,0.0
15:04:07,0.0,0.0,0.0,0.0,0.0,0.0
15:04:07,0.0,0.0,0.0,0.0,0.0,0.0
15:04:07,0.0,0.0,0.0,0.0,0.0,0.0
15:04:07,0.0,0.0,0.0,0.0,0.0,0.0
15:04:07,0.0,0.0,0.0,0.0,0.0,0.0
15:04:07,0.0,0.0,0.0,0.0,0.0,0.0
15:04:08,0.0,0.0,0.0,0.0,0.0,0.0
15:04:08,0.0,0.0,0.0,0.0,0.0,0.0
15:04:08,0.0,0.0,0.0,0.0,0.0,0.0
15:04:08,0.0,0.0,0.0,0.0,0.0,0.0
15:04:08,0.0,0.0,0.0,0.0,0.0,0.0
15:04:08,0.0,0.0,0.0,0.0,0.0,0.0
15:04:08,0.0,0.0,0.0,0.0,0.0,0.0
15:04:08,0.0,0.0,0.0,0.0,0.0,0.0
15:04:08,0.0,0.0,0.0,0.0,0.0,0.0
15:04:09,0.0,0.0,0.0,0.0,0.0,0.0
15:04:09,0.0,0.0,0.0,0.0,0.0,0.0
15:04:09,0.0,0.0,0.0,0.0,0.0,0.0
15:04:09,0.0,0.0,0.0,0.0,0.0,0.0
15:04:09,0.0,0.0,0.0,0.0,0.0,0.0
15:04:09,0.0,0.0,0.0,0.0,0.0,0.0
15:04:09,0.0,0.0,0.0,0.0,0.0,0.0
15:04:09,0.0,0.0,0.0,0.0,0.0,0.0
15:04:10,0.0,0.0,0.0,0.0,0.0,0.0
15:04:10,0.0,0.0,0.0,0.0,0.0,0.0
15:04:10,0.0,0.0,0.0,0.0,0.0,0.0
15:04:10,0.0,0.0,0.0,0.0,0.0,0.0
15:04:10,0.0,0.0,0.0,0.0,0.0,0.0
15:04:10,0.0,0.0,0.0,0.0,0.0,0.0
15:04:10,0.0,0.0,0.0,0.0,0.0,0.0
15:04:11,0.0,0.0,0.0,0.0,0.0,0.0
15:04:11,0.0,0.0,0.0,0.0,0.0,0.0
15:04:11,0.0,0.0,0.0,0.0,0.0,0.0
15:04:11,0.0,0.0,0.0,0.0,0.0,0.0
15:04:12,0.0,0.0,0.0,0.0,0.0,0.0
15:04:12,0.0,0.0,0.0,0.0,0.0,0.0
15:04:12,0.0,0.0,0.0,0.0,0.0,0.0
15:04:12,0.0,0.0,0.0,0.0,0.0,0.0
15:04:12,0.0,0.0,0.0,0.0,0.0,0.0
15:12:29,0.0,0.0,0.0,0.0,0.0,0.0
15:12:29,0.0,0.0,0.0,0.0,0.0,0.0
15:12:29,0.0,0.0,0.0,0.0,0.0,0.0
15:12:30,0.0,0.0,0.0,0.0,0.0,0.0
15:12:30,0.0,0.0,0.0,0.0,0.0,0.0
15:12:30,0.0,0.0,0.0,0.0,0.0,0.0
15:12:30,0.0,0.0,0.0,0.0,0.0,0.0
15:12:30,0.0,0.0,0.0,0.0,0.0,0.0
15:12:30,0.0,0.0,0.0,0.0,0.0,0.0
15:12:30,0.0,0.0,0.0,0.0,0.0,0.0
15:12:31,0.0,0.0,0.0,0.0,0.0,0.0
15:12:31,0.0,0.0,0.0,0.0,0.0,0.0
15:12:31,0.0,0.0,0.0,0.0,0.0,0.0
15:12:31,0.0,0.0,0.0,0.0,0.0,0.0
15:12:31,0.0,0.0,0.0,0.0,0.0,0.0
15:12:31,0.0,0.0,0.0,0.0,0.0,0.0
15:12:31,0.0,0.0,0.0,0.0,0.0,0.0
15:12:32,0.0,0.0,0.0,0.0,0.0,0.0
15:12:32,0.0,0.0,0.0,0.0,0.0,0.0
15:12:32,0.0,0.0,0.0,0.0,0.0,0.0
15:12:32,0.0,0.0,0.0,0.0,0.0,0.0
15:12:32,0.0,0.0,0.0,0.0,0.0,0.0
15:12:32,0.0,0.0,0.0,0.0,0.0,0.0
15:12:33,0.0,0.0,0.0,0.0,0.0,0.0
15:12:33,0.0,0.0,0.0,0.0,0.0,0.0
15:12:33,0.0,0.0,0.0,0.0,0.0,0.0
15:12:33,0.0,0.0,0.0,0.0,0.0,0.0
15:12:33,0.0,0.0,0.0,0.0,0.0,0.0
15:12:33,0.0,0.0,0.0,0.0,0.0,0.0
15:12:34,0.0,0.0,0.0,0.0,0.0,0.0
15:12:34,0.0,0.0,0.0,0.0,0.0,0.0
15:12:34,0.0,0.0,0.0,0.0,0.0,0.0
15:12:34,0.0,0.0,0.0,0.0,0.0,0.0
15:12:34,0.0,0.0,0.0,0.0,0.0,0.0
15:12:34,0.0,0.0,0.0,0.0,0.0,0.0
15:12:35,0.0,0.0,0.0,0.0,0.0,0.0
15:12:35,0.0,0.0,0.0,0.0,0.0,0.0
15:12:35,0.0,0.0,0.0,0.0,0.0,0.0
15:12:35,0.0,0.0,0.0,0.0,0.0,0.0
15:12:35,0.0,0.0,0.0,0.0,0.0,0.0
15:12:35,0.0,0.0,0.0,0.0,0.0,0.0
15:12:35,0.0,0.0,0.0,0.0,0.0,0.0
15:12:35,0.0,0.0,0.0,0.0,0.0,0.0
15:12:36,0.0,0.0,0.0,0.0,0.0,0.0
15:12:36,0.0,0.0,0.0,0.0,0.0,0.0
15:12:36,0.0,0.0,0.0,0.0,0.0,0.0
15:12:36,0.0,0.0,0.0,0.0,0.0,0.0
15:12:36,0.0,0.0,0.0,0.0,0.0,0.0
15:12:36,0.0,0.0,0.0,0.0,0.0,0.0
15:12:36,0.0,0.0,0.0,0.0,0.0,0.0
15:12:36,0.0,0.0,0.0,0.0,0.0,0.0
15:12:37,0.0,0.0,0.0,0.0,0.0,0.0
15:12:37,0.0,0.0,0.0,0.0,0.0,0.0
15:12:37,0.0,0.0,0.0,0.0,0.0,0.0
15:12:37,0.0,0.0,0.0,0.0,0.0,0.0
15:12:37,0.0,0.0,0.0,0.0,0.0,0.0
15:12:37,0.0,0.0,0.0,0.0,0.0,0.0
15:12:37,0.0,0.0,0.0,0.0,0.0,0.0
15:12:38,0.0,0.0,0.0,0.0,0.0,0.0
15:12:38,0.0,0.0,0.0,0.0,0.0,0.0
15:12:38,0.0,0.0,0.0,0.0,0.0,0.0
15:12:38,0.0,0.0,0.0,0.0,0.0,0.0
15:12:38,0.0,0.0,0.0,0.0,0.0,0.0
15:12:38,0.0,0.0,0.0,0.0,0.0,0.0
15:12:38,0.0,0.0,0.0,0.0,0.0,0.0
15:12:38,0.0,0.0,0.0,0.0,0.0,0.0
15:12:39,0.0,0.0,0.0,0.0,0.0,0.0
15:12:39,0.0,0.0,0.0,0.0,0.0,0.0
15:12:39,0.0,0.0,0.0,0.0,0.0,0.0
15:12:39,0.0,0.0,0.0,0.0,0.0,0.0
15:12:39,0.0,0.0,0.0,0.0,0.0,0.0
15:12:39,0.0,0.0,0.0,0.0,0.0,0.0
15:12:39,0.0,0.0,0.0,0.0,0.0,0.0
15:12:39,0.0,0.0,0.0,0.0,0.0,0.0
15:12:40,0.0,0.0,0.0,0.0,0.0,0.0
15:12:40,0.0,0.0,0.0,0.0,0.0,0.0
15:12:40,0.0,0.0,0.0,0.0,0.0,0.0
15:12:40,0.0,0.0,0.0,0.0,0.0,0.0
15:12:40,0.0,0.0,0.0,0.0,0.0,0.0
15:12:40,0.0,0.0,0.0,0.0,0.0,0.0
15:12:40,0.0,0.0,0.0,0.0,0.0,0.0
15:12:40,0.0,0.0,0.0,0.0,0.0,0.0
15:12:41,0.0,0.0,0.0,0.0,0.0,0.0
15:12:41,0.0,0.0,0.0,0.0,0.0,0.0
15:12:41,0.0,0.0,0.0,0.0,0.0,0.0
15:12:41,0.0,0.0,0.0,0.0,0.0,0.0
15:12:41,0.0,0.0,0.0,0.0,0.0,0.0
15:12:41,0.0,0.0,0.0,0.0,0.0,0.0
15:12:41,0.0,0.0,0.0,0.0,0.0,0.0
15:12:42,0.0,0.0,0.0,0.0,0.0,0.0
15:12:42,0.0,0.0,0.0,0.0,0.0,0.0
15:12:42,0.0,0.0,0.0,0.0,0.0,0.0
15:12:42,0.0,0.0,0.0,0.0,0.0,0.0
15:12:42,0.0,0.0,0.0,0.0,0.0,0.0
15:12:42,0.0,0.0,0.0,0.0,0.0,0.0
15:12:42,0.0,0.0,0.0,0.0,0.0,0.0
15:12:42,0.0,0.0,0.0,0.0,0.0,0.0
15:12:43,0.0,0.0,0.0,0.0,0.0,0.0
15:12:43,0.0,0.0,0.0,0.0,0.0,0.0
15:12:43,0.0,0.0,0.0,0.0,0.0,0.0
15:12:43,0.0,0.0,0.0,0.0,0.0,0.0
15:12:43,0.0,0.0,0.0,0.0,0.0,0.0
15:12:43,0.0,0.0,0.0,0.0,0.0,0.0
15:12:43,0.0,0.0,0.0,0.0,0.0,0.0
15:12:43,0.0,0.0,0.0,0.0,0.0,0.0
15:12:44,0.0,0.0,0.0,0.0,0.0,0.0
15:12:44,0.0,0.0,0.0,0.0,0.0,0.0
15:12:44,0.0,0.0,0.0,0.0,0.0,0.0
15:12:44,0.0,0.0,0.0,0.0,0.0,0.0
15:12:44,0.0,0.0,0.0,0.0,0.0,0.0
15:12:44,0.0,0.0,0.0,0.0,0.0,0.0
15:12:44,0.0,0.0,0.0,0.0,0.0,0.0
15:12:45,0.0,0.0,0.0,0.0,0.0,0.0
15:12:45,0.0,0.0,0.0,0.0,0.0,0.0
15:12:45,0.0,0.0,0.0,0.0,0.0,0.0
15:12:45,0.0,0.0,0.0,0.0,0.0,0.0
15:12:45,0.0,0.0,0.0,0.0,0.0,0.0
15:12:45,0.0,0.0,0.0,0.0,0.0,0.0
15:12:45,0.0,0.0,0.0,0.0,0.0,0.0
15:12:46,0.0,0.0,0.0,0.0,0.0,0.0
15:12:46,0.0,0.0,0.0,0.0,0.0,0.0
15:12:46,0.0,0.0,0.0,0.0,0.0,0.0
15:12:46,0.0,0.0,0.0,0.0,0.0,0.0
15:12:46,0.0,0.0,0.0,0.0,0.0,0.0
15:12:46,0.0,0.0,0.0,0.0,0.0,0.0
15:12:46,0.0,0.0,0.0,0.0,0.0,0.0
15:12:47,0.0,0.0,0.0,0.0,0.0,0.0
15:12:47,0.0,0.0,0.0,0.0,0.0,0.0
15:12:47,0.0,0.0,0.0,0.0,0.0,0.0
15:12:47,0.0,0.0,0.0,0.0,0.0,0.0
15:12:47,0.0,0.0,0.0,0.0,0.0,0.0
15:12:47,0.0,0.0,0.0,0.0,0.0,0.0
15:12:47,0.0,0.0,0.0,0.0,0.0,0.0
15:12:48,0.0,0.0,0.0,0.0,0.0,0.0
15:12:48,0.0,0.0,0.0,0.0,0.0,0.0
15:12:48,0.0,0.0,0.0,0.0,0.0,0.0
15:12:48,0.0,0.0,0.0,0.0,0.0,0.0
15:12:48,0.0,0.0,0.0,0.0,0.0,0.0
15:12:48,0.0,0.0,0.0,0.0,0.0,0.0
15:12:48,0.0,0.0,0.0,0.0,0.0,0.0
15:12:48,0.0,0.0,0.0,0.0,0.0,0.0
15:12:49,0.0,0.0,0.0,0.0,0.0,0.0
15:12:49,0.0,0.0,0.0,0.0,0.0,0.0
15:12:49,0.0,0.0,0.0,0.0,0.0,0.0
15:12:49,0.0,0.0,0.0,0.0,0.0,0.0
15:12:49,0.0,0.0,0.0,0.0,0.0,0.0
15:12:49,0.0,0.0,0.0,0.0,0.0,0.0
15:12:49,0.0,0.0,0.0,0.0,0.0,0.0
15:12:49,0.0,0.0,0.0,0.0,0.0,0.0
15:12:49,0.0,0.0,0.0,0.0,0.0,0.0
15:12:50,0.0,0.0,0.0,0.0,0.0,0.0
15:12:50,0.0,0.0,0.0,0.0,0.0,0.0
15:12:50,0.0,0.0,0.0,0.0,0.0,0.0
15:12:50,0.0,0.0,0.0,0.0,0.0,0.0
15:12:50,0.0,0.0,0.0,0.0,0.0,0.0
15:12:50,0.0,0.0,0.0,0.0,0.0,0.0
15:12:50,0.0,0.0,0.0,0.0,0.0,0.0
15:12:50,0.0,0.0,0.0,0.0,0.0,0.0
15:12:51,0.0,0.0,0.0,0.0,0.0,0.0
15:12:51,0.0,0.0,0.0,0.0,0.0,0.0
15:12:51,0.0,0.0,0.0,0.0,0.0,0.0
15:12:51,0.0,0.0,0.0,0.0,0.0,0.0
15:12:51,0.0,0.0,0.0,0.0,0.0,0.0
15:12:51,0.0,0.0,0.0,0.0,0.0,0.0
15:12:51,0.0,0.0,0.0,0.0,0.0,0.0
15:12:51,0.0,0.0,0.0,0.0,0.0,0.0
15:12:52,0.0,0.0,0.0,0.0,0.0,0.0
15:12:52,0.0,0.0,0.0,0.0,0.0,0.0
15:12:52,0.0,0.0,0.0,0.0,0.0,0.0
15:12:52,0.0,0.0,0.0,0.0,0.0,0.0
15:12:52,0.0,0.0,0.0,0.0,0.0,0.0
15:12:52,0.0,0.0,0.0,0.0,0.0,0.0
15:12:52,0.0,0.0,0.0,0.0,0.0,0.0
15:12:52,0.0,0.0,0.0,0.0,0.0,0.0
15:12:52,0.0,0.0,0.0,0.0,0.0,0.0
15:12:53,0.0,0.0,0.0,0.0,0.0,0.0
15:12:53,0.0,0.0,0.0,0.0,0.0,0.0
15:12:53,0.0,0.0,0.0,0.0,0.0,0.0
15:12:53,0.0,0.0,0.0,0.0,0.0,0.0
15:12:53,0.0,0.0,0.0,0.0,0.0,0.0
15:12:53,0.0,0.0,0.0,0.0,0.0,0.0
15:12:53,0.0,0.0,0.0,0.0,0.0,0.0
15:12:53,0.0,0.0,0.0,0.0,0.0,0.0
15:12:54,0.0,0.0,0.0,0.0,0.0,0.0
15:12:54,0.0,0.0,0.0,0.0,0.0,0.0
15:12:54,0.0,0.0,0.0,0.0,0.0,0.0
15:12:54,0.0,0.0,0.0,0.0,0.0,0.0
15:12:54,0.0,0.0,0.0,0.0,0.0,0.0
15:12:54,0.0,0.0,0.0,0.0,0.0,0.0
15:12:54,0.0,0.0,0.0,0.0,0.0,0.0
15:12:54,0.0,0.0,0.0,0.0,0.0,0.0
15:12:54,0.0,0.0,0.0,0.0,0.0,0.0
15:12:55,0.0,0.0,0.0,0.0,0.0,0.0
15:12:55,0.0,0.0,0.0,0.0,0.0,0.0
15:12:55,0.0,0.0,0.0,0.0,0.0,0.0
15:12:55,0.0,0.0,0.0,0.0,0.0,0.0
15:12:55,0.0,0.0,0.0,0.0,0.0,0.0
15:12:55,0.0,0.0,0.0,0.0,0.0,0.0
15:12:55,0.0,0.0,0.0,0.0,0.0,0.0
15:12:55,0.0,0.0,0.0,0.0,0.0,0.0
15:12:56,0.0,0.0,0.0,0.0,0.0,0.0
15:12:56,0.0,0.0,0.0,0.0,0.0,0.0
15:12:56,0.0,0.0,0.0,0.0,0.0,0.0
15:12:56,0.0,0.0,0.0,0.0,0.0,0.0
15:12:56,0.0,0.0,0.0,0.0,0.0,0.0
15:12:56,0.0,0.0,0.0,0.0,0.0,0.0
15:12:56,0.0,0.0,0.0,0.0,0.0,0.0
15:12:56,0.0,0.0,0.0,0.0,0.0,0.0
15:12:57,0.0,0.0,0.0,0.0,0.0,0.0
15:12:57,0.0,0.0,0.0,0.0,0.0,0.0
15:12:57,0.0,0.0,0.0,0.0,0.0,0.0
15:12:57,0.0,0.0,0.0,0.0,0.0,0.0
15:12:57,0.0,0.0,0.0,0.0,0.0,0.0
15:12:57,0.0,0.0,0.0,0.0,0.0,0.0
15:12:57,0.0,0.0,0.0,0.0,0.0,0.0
15:12:57,0.0,0.0,0.0,0.0,0.0,0.0
15:12:58,0.0,0.0,0.0,0.0,0.0,0.0
15:12:58,0.0,0.0,0.0,0.0,0.0,0.0
15:12:58,0.0,0.0,0.0,0.0,0.0,0.0
15:12:58,0.0,0.0,0.0,0.0,0.0,0.0
15:12:58,0.0,0.0,0.0,0.0,0.0,0.0
15:12:58,0.0,0.0,0.0,0.0,0.0,0.0
15:12:58,0.0,0.0,0.0,0.0,0.0,0.0
15:12:59,0.0,0.0,0.0,0.0,0.0,0.0
15:12:59,0.0,0.0,0.0,0.0,0.0,0.0
15:12:59,0.0,0.0,0.0,0.0,0.0,0.0
15:12:59,0.0,0.0,0.0,0.0,0.0,0.0
15:12:59,0.0,0.0,0.0,0.0,0.0,0.0
15:12:59,0.0,0.0,0.0,0.0,0.0,0.0
15:12:59,0.0,0.0,0.0,0.0,0.0,0.0
15:13:00,0.0,0.0,0.0,0.0,0.0,0.0
15:13:00,0.0,0.0,0.0,0.0,0.0,0.0
15:13:00,0.0,0.0,0.0,0.0,0.0,0.0
15:13:00,0.0,0.0,0.0,0.0,0.0,0.0
15:13:00,0.0,0.0,0.0,0.0,0.0,0.0
15:13:00,0.0,0.0,0.0,0.0,0.0,0.0
15:13:00,0.0,0.0,0.0,0.0,0.0,0.0
15:13:00,0.0,0.0,0.0,0.0,0.0,0.0
15:13:00,0.0,0.0,0.0,0.0,0.0,0.0
15:13:01,0.0,0.0,0.0,0.0,0.0,0.0
15:13:01,0.0,0.0,0.0,0.0,0.0,0.0
15:13:01,0.0,0.0,0.0,0.0,0.0,0.0
15:13:01,0.0,0.0,0.0,0.0,0.0,0.0
15:13:01,0.0,0.0,0.0,0.0,0.0,0.0
15:13:01,0.0,0.0,0.0,0.0,0.0,0.0
15:13:01,0.0,0.0,0.0,0.0,0.0,0.0
15:13:01,0.0,0.0,0.0,0.0,0.0,0.0
15:13:02,0.0,0.0,0.0,0.0,0.0,0.0
15:13:02,0.0,0.0,0.0,0.0,0.0,0.0
15:13:02,0.0,0.0,0.0,0.0,0.0,0.0
15:13:02,0.0,0.0,0.0,0.0,0.0,0.0
15:13:02,0.0,0.0,0.0,0.0,0.0,0.0
15:13:02,0.0,0.0,0.0,0.0,0.0,0.0
15:13:02,0.0,0.0,0.0,0.0,0.0,0.0
15:13:02,0.0,0.0,0.0,0.0,0.0,0.0
15:13:02,0.0,0.0,0.0,0.0,0.0,0.0
15:13:02,0.0,0.0,0.0,0.0,0.0,0.0
15:13:03,0.0,0.0,0.0,0.0,0.0,0.0
15:13:03,0.0,0.0,0.0,0.0,0.0,0.0
15:13:03,0.0,0.0,0.0,0.0,0.0,0.0
15:13:03,0.0,0.0,0.0,0.0,0.0,0.0
15:13:03,0.0,0.0,0.0,0.0,0.0,0.0
15:13:03,0.0,0.0,0.0,0.0,0.0,0.0
15:13:03,0.0,0.0,0.0,0.0,0.0,0.0
15:13:03,0.0,0.0,0.0,0.0,0.0,0.0
15:13:04,0.0,0.0,0.0,0.0,0.0,0.0
15:13:04,0.0,0.0,0.0,0.0,0.0,0.0
15:13:04,0.0,0.0,0.0,0.0,0.0,0.0
15:13:04,0.0,0.0,0.0,0.0,0.0,0.0
15:13:04,0.0,0.0,0.0,0.0,0.0,0.0
15:13:04,0.0,0.0,0.0,0.0,0.0,0.0
15:13:04,0.0,0.0,0.0,0.0,0.0,0.0
15:13:04,0.0,0.0,0.0,0.0,0.0,0.0
15:13:04,0.0,0.0,0.0,0.0,0.0,0.0
15:13:05,0.0,0.0,0.0,0.0,0.0,0.0
15:13:05,0.0,0.0,0.0,0.0,0.0,0.0
15:13:05,0.0,0.0,0.0,0.0,0.0,0.0
15:13:05,0.0,0.0,0.0,0.0,0.0,0.0
15:13:05,0.0,0.0,0.0,0.0,0.0,0.0
15:13:05,0.0,0.0,0.0,0.0,0.0,0.0
15:13:05,0.0,0.0,0.0,0.0,0.0,0.0
15:13:05,0.0,0.0,0.0,0.0,0.0,0.0
15:13:05,0.0,0.0,0.0,0.0,0.0,0.0
15:13:06,0.0,0.0,0.0,0.0,0.0,0.0
15:13:06,0.0,0.0,0.0,0.0,0.0,0.0
15:13:06,0.0,0.0,0.0,0.0,0.0,0.0
15:13:06,0.0,0.0,0.0,0.0,0.0,0.0
15:13:06,0.0,0.0,0.0,0.0,0.0,0.0
15:13:06,0.0,0.0,0.0,0.0,0.0,0.0
15:13:06,0.0,0.0,0.0,0.0,0.0,0.0
15:13:06,0.0,0.0,0.0,0.0,0.0,0.0
15:13:07,0.0,0.0,0.0,0.0,0.0,0.0
15:13:07,0.0,0.0,0.0,0.0,0.0,0.0
15:13:07,0.0,0.0,0.0,0.0,0.0,0.0
15:13:07,0.0,0.0,0.0,0.0,0.0,0.0
15:13:07,0.0,0.0,0.0,0.0,0.0,0.0
15:13:07,0.0,0.0,0.0,0.0,0.0,0.0
15:13:07,0.0,0.0,0.0,0.0,0.0,0.0
15:13:07,0.0,0.0,0.0,0.0,0.0,0.0
15:13:08,0.0,0.0,0.0,0.0,0.0,0.0
15:13:08,0.0,0.0,0.0,0.0,0.0,0.0
15:13:08,0.0,0.0,0.0,0.0,0.0,0.0
15:13:08,0.0,0.0,0.0,0.0,0.0,0.0
15:13:08,0.0,0.0,0.0,0.0,0.0,0.0
15:13:08,0.0,0.0,0.0,0.0,0.0,0.0
15:13:08,0.0,0.0,0.0,0.0,0.0,0.0
15:13:08,0.0,0.0,0.0,0.0,0.0,0.0
15:13:09,0.0,0.0,0.0,0.0,0.0,0.0
15:13:09,0.0,0.0,0.0,0.0,0.0,0.0
15:13:09,0.0,0.0,0.0,0.0,0.0,0.0
15:13:09,0.0,0.0,0.0,0.0,0.0,0.0
15:13:09,0.0,0.0,0.0,0.0,0.0,0.0
15:13:09,0.0,0.0,0.0,0.0,0.0,0.0
15:13:09,0.0,0.0,0.0,0.0,0.0,0.0
15:13:09,0.0,0.0,0.0,0.0,0.0,0.0
15:13:09,0.0,0.0,0.0,0.0,0.0,0.0
15:13:10,0.0,0.0,0.0,0.0,0.0,0.0
15:13:10,0.0,0.0,0.0,0.0,0.0,0.0
15:13:10,0.0,0.0,0.0,0.0,0.0,0.0
15:13:10,0.0,0.0,0.0,0.0,0.0,0.0
15:13:10,0.0,0.0,0.0,0.0,0.0,0.0
15:13:10,0.0,0.0,0.0,0.0,0.0,0.0
15:13:10,0.0,0.0,0.0,0.0,0.0,0.0
15:13:10,0.0,0.0,0.0,0.0,0.0,0.0
15:13:10,0.0,0.0,0.0,0.0,0.0,0.0
15:13:11,0.0,0.0,0.0,0.0,0.0,0.0
15:13:11,0.0,0.0,0.0,0.0,0.0,0.0
15:13:11,0.0,0.0,0.0,0.0,0.0,0.0
15:13:11,0.0,0.0,0.0,0.0,0.0,0.0
15:13:11,0.0,0.0,0.0,0.0,0.0,0.0
15:13:11,0.0,0.0,0.0,0.0,0.0,0.0
15:13:11,0.0,0.0,0.0,0.0,0.0,0.0
15:13:11,0.0,0.0,0.0,0.0,0.0,0.0
15:13:12,0.0,0.0,0.0,0.0,0.0,0.0
15:13:12,0.0,0.0,0.0,0.0,0.0,0.0
15:13:12,0.0,0.0,0.0,0.0,0.0,0.0
15:13:12,0.0,0.0,0.0,0.0,0.0,0.0
15:13:12,0.0,0.0,0.0,0.0,0.0,0.0
15:13:12,0.0,0.0,0.0,0.0,0.0,0.0
15:13:12,0.0,0.0,0.0,0.0,0.0,0.0
15:13:12,0.0,0.0,0.0,0.0,0.0,0.0
15:13:13,0.0,0.0,0.0,0.0,0.0,0.0
15:13:13,0.0,0.0,0.0,0.0,0.0,0.0
15:13:13,0.0,0.0,0.0,0.0,0.0,0.0
15:13:13,0.0,0.0,0.0,0.0,0.0,0.0
15:13:13,0.0,0.0,0.0,0.0,0.0,0.0
15:13:13,0.0,0.0,0.0,0.0,0.0,0.0
15:13:13,0.0,0.0,0.0,0.0,0.0,0.0
15:13:13,0.0,0.0,0.0,0.0,0.0,0.0
15:13:14,0.0,0.0,0.0,0.0,0.0,0.0
15:13:14,0.0,0.0,0.0,0.0,0.0,0.0
15:13:14,0.0,0.0,0.0,0.0,0.0,0.0
15:13:14,0.0,0.0,0.0,0.0,0.0,0.0
15:13:14,0.0,0.0,0.0,0.0,0.0,0.0
15:13:14,0.0,0.0,0.0,0.0,0.0,0.0
15:13:14,0.0,0.0,0.0,0.0,0.0,0.0
15:13:14,0.0,0.0,0.0,0.0,0.0,0.0
15:13:14,0.0,0.0,0.0,0.0,0.0,0.0
15:13:15,0.0,0.0,0.0,0.0,0.0,0.0
15:13:15,0.0,0.0,0.0,0.0,0.0,0.0
15:13:15,0.0,0.0,0.0,0.0,0.0,0.0
15:13:15,0.0,0.0,0.0,0.0,0.0,0.0
15:13:15,0.0,0.0,0.0,0.0,0.0,0.0
15:13:15,0.0,0.0,0.0,0.0,0.0,0.0
15:13:15,0.0,0.0,0.0,0.0,0.0,0.0
15:13:15,0.0,0.0,0.0,0.0,0.0,0.0
15:13:15,0.0,0.0,0.0,0.0,0.0,0.0
15:13:16,0.0,0.0,0.0,0.0,0.0,0.0
15:13:16,0.0,0.0,0.0,0.0,0.0,0.0
15:13:16,0.0,0.0,0.0,0.0,0.0,0.0
15:13:16,0.0,0.0,0.0,0.0,0.0,0.0
15:13:16,0.0,0.0,0.0,0.0,0.0,0.0
15:13:16,0.0,0.0,0.0,0.0,0.0,0.0
15:13:16,0.0,0.0,0.0,0.0,0.0,0.0
15:13:16,0.0,0.0,0.0,0.0,0.0,0.0
15:13:17,0.0,0.0,0.0,0.0,0.0,0.0
15:13:17,0.0,0.0,0.0,0.0,0.0,0.0
15:13:17,0.0,0.0,0.0,0.0,0.0,0.0
15:13:17,0.0,0.0,0.0,0.0,0.0,0.0
15:13:17,0.0,0.0,0.0,0.0,0.0,0.0
15:13:17,0.0,0.0,0.0,0.0,0.0,0.0
15:13:17,0.0,0.0,0.0,0.0,0.0,0.0
15:13:17,0.0,0.0,0.0,0.0,0.0,0.0
15:13:18,0.0,0.0,0.0,0.0,0.0,0.0
15:13:18,0.0,0.0,0.0,0.0,0.0,0.0
15:13:18,0.0,0.0,0.0,0.0,0.0,0.0
15:13:18,0.0,0.0,0.0,0.0,0.0,0.0
15:13:18,0.0,0.0,0.0,0.0,0.0,0.0
15:13:18,0.0,0.0,0.0,0.0,0.0,0.0
15:13:18,0.0,0.0,0.0,0.0,0.0,0.0
15:13:18,0.0,0.0,0.0,0.0,0.0,0.0
15:13:19,0.0,0.0,0.0,0.0,0.0,0.0
15:13:19,0.0,0.0,0.0,0.0,0.0,0.0
15:13:19,0.0,0.0,0.0,0.0,0.0,0.0
15:13:19,0.0,0.0,0.0,0.0,0.0,0.0
15:13:19,0.0,0.0,0.0,0.0,0.0,0.0
15:13:19,0.0,0.0,0.0,0.0,0.0,0.0
15:13:19,0.0,0.0,0.0,0.0,0.0,0.0
15:13:19,0.0,0.0,0.0,0.0,0.0,0.0
15:13:19,0.0,0.0,0.0,0.0,0.0,0.0
15:13:20,0.0,0.0,0.0,0.0,0.0,0.0
15:13:20,0.0,0.0,0.0,0.0,0.0,0.0
15:13:20,0.0,0.0,0.0,0.0,0.0,0.0
15:13:20,0.0,0.0,0.0,0.0,0.0,0.0
15:13:20,0.0,0.0,0.0,0.0,0.0,0.0
15:13:20,0.0,0.0,0.0,0.0,0.0,0.0
15:13:20,0.0,0.0,0.0,0.0,0.0,0.0
15:13:20,0.0,0.0,0.0,0.0,0.0,0.0
15:13:20,0.0,0.0,0.0,0.0,0.0,0.0
15:13:21,0.0,0.0,0.0,0.0,0.0,0.0
15:13:21,0.0,0.0,0.0,0.0,0.0,0.0
15:13:21,0.0,0.0,0.0,0.0,0.0,0.0
15:13:21,0.0,0.0,0.0,0.0,0.0,0.0
15:13:21,0.0,0.0,0.0,0.0,0.0,0.0
15:13:21,0.0,0.0,0.0,0.0,0.0,0.0
15:13:21,0.0,0.0,0.0,0.0,0.0,0.0
15:13:21,0.0,0.0,0.0,0.0,0.0,0.0
15:13:21,0.0,0.0,0.0,0.0,0.0,0.0
15:13:22,0.0,0.0,0.0,0.0,0.0,0.0
15:13:22,0.0,0.0,0.0,0.0,0.0,0.0
15:13:22,0.0,0.0,0.0,0.0,0.0,0.0
15:13:22,0.0,0.0,0.0,0.0,0.0,0.0
15:13:22,0.0,0.0,0.0,0.0,0.0,0.0
15:13:22,0.0,0.0,0.0,0.0,0.0,0.0
15:13:22,0.0,0.0,0.0,0.0,0.0,0.0
15:13:22,0.0,0.0,0.0,0.0,0.0,0.0
15:13:22,0.0,0.0,0.0,0.0,0.0,0.0
15:13:23,0.0,0.0,0.0,0.0,0.0,0.0
15:13:23,0.0,0.0,0.0,0.0,0.0,0.0
15:13:23,0.0,0.0,0.0,0.0,0.0,0.0
15:13:23,0.0,0.0,0.0,0.0,0.0,0.0
15:13:23,0.0,0.0,0.0,0.0,0.0,0.0
15:13:23,0.0,0.0,0.0,0.0,0.0,0.0
15:13:23,0.0,0.0,0.0,0.0,0.0,0.0
15:13:23,0.0,0.0,0.0,0.0,0.0,0.0
15:13:24,0.0,0.0,0.0,0.0,0.0,0.0
15:13:24,0.0,0.0,0.0,0.0,0.0,0.0
15:13:24,0.0,0.0,0.0,0.0,0.0,0.0
15:13:24,0.0,0.0,0.0,0.0,0.0,0.0
15:13:24,0.0,0.0,0.0,0.0,0.0,0.0
15:13:24,0.0,0.0,0.0,0.0,0.0,0.0
15:13:24,0.0,0.0,0.0,0.0,0.0,0.0
15:13:24,0.0,0.0,0.0,0.0,0.0,0.0
15:13:24,0.0,0.0,0.0,0.0,0.0,0.0
15:13:25,0.0,0.0,0.0,0.0,0.0,0.0
15:13:25,0.0,0.0,0.0,0.0,0.0,0.0
15:13:25,0.0,0.0,0.0,0.0,0.0,0.0
15:13:25,0.0,0.0,0.0,0.0,0.0,0.0
15:13:25,0.0,0.0,0.0,0.0,0.0,0.0
15:13:25,0.0,0.0,0.0,0.0,0.0,0.0
15:13:25,0.0,0.0,0.0,0.0,0.0,0.0
15:13:25,0.0,0.0,0.0,0.0,0.0,0.0
15:13:26,0.0,0.0,0.0,0.0,0.0,0.0
15:13:26,0.0,0.0,0.0,0.0,0.0,0.0
15:13:26,0.0,0.0,0.0,0.0,0.0,0.0
15:13:26,0.0,0.0,0.0,0.0,0.0,0.0
15:13:26,0.0,0.0,0.0,0.0,0.0,0.0
15:13:26,0.0,0.0,0.0,0.0,0.0,0.0
15:13:26,0.0,0.0,0.0,0.0,0.0,0.0
15:13:26,0.0,0.0,0.0,0.0,0.0,0.0
15:13:27,0.0,0.0,0.0,0.0,0.0,0.0
15:13:27,0.0,0.0,0.0,0.0,0.0,0.0
15:13:27,0.0,0.0,0.0,0.0,0.0,0.0
15:13:27,0.0,0.0,0.0,0.0,0.0,0.0
15:13:27,0.0,0.0,0.0,0.0,0.0,0.0
15:13:27,0.0,0.0,0.0,0.0,0.0,0.0
15:13:27,0.0,0.0,0.0,0.0,0.0,0.0
15:13:27,0.0,0.0,0.0,0.0,0.0,0.0
15:13:27,0.0,0.0,0.0,0.0,0.0,0.0
15:13:28,0.0,0.0,0.0,0.0,0.0,0.0
15:13:28,0.0,0.0,0.0,0.0,0.0,0.0
15:13:28,0.0,0.0,0.0,0.0,0.0,0.0
15:13:28,0.0,0.0,0.0,0.0,0.0,0.0
15:13:28,0.0,0.0,0.0,0.0,0.0,0.0
15:13:28,0.0,0.0,0.0,0.0,0.0,0.0
15:13:28,0.0,0.0,0.0,0.0,0.0,0.0
15:13:28,0.0,0.0,0.0,0.0,0.0,0.0
15:13:28,0.0,0.0,0.0,0.0,0.0,0.0
15:13:29,0.0,0.0,0.0,0.0,0.0,0.0
15:13:29,0.0,0.0,0.0,0.0,0.0,0.0
15:13:29,0.0,0.0,0.0,0.0,0.0,0.0
15:13:29,0.0,0.0,0.0,0.0,0.0,0.0
15:13:29,0.0,0.0,0.0,0.0,0.0,0.0
15:13:29,0.0,0.0,0.0,0.0,0.0,0.0
15:13:29,0.0,0.0,0.0,0.0,0.0,0.0
15:13:29,0.0,0.0,0.0,0.0,0.0,0.0
15:13:30,0.0,0.0,0.0,0.0,0.0,0.0
15:13:30,0.0,0.0,0.0,0.0,0.0,0.0
15:13:30,0.0,0.0,0.0,0.0,0.0,0.0
15:13:30,0.0,0.0,0.0,0.0,0.0,0.0
15:13:30,0.0,0.0,0.0,0.0,0.0,0.0
15:13:30,0.0,0.0,0.0,0.0,0.0,0.0
15:13:30,0.0,0.0,0.0,0.0,0.0,0.0
15:13:30,0.0,0.0,0.0,0.0,0.0,0.0
15:13:30,0.0,0.0,0.0,0.0,0.0,0.0
15:13:31,0.0,0.0,0.0,0.0,0.0,0.0
15:13:31,0.0,0.0,0.0,0.0,0.0,0.0
15:13:31,0.0,0.0,0.0,0.0,0.0,0.0
15:13:31,0.0,0.0,0.0,0.0,0.0,0.0
15:13:31,0.0,0.0,0.0,0.0,0.0,0.0
15:13:31,0.0,0.0,0.0,0.0,0.0,0.0
15:13:31,0.0,0.0,0.0,0.0,0.0,0.0
15:13:31,0.0,0.0,0.0,0.0,0.0,0.0
15:13:31,0.0,0.0,0.0,0.0,0.0,0.0
15:13:32,0.0,0.0,0.0,0.0,0.0,0.0
15:13:32,0.0,0.0,0.0,0.0,0.0,0.0
15:13:32,0.0,0.0,0.0,0.0,0.0,0.0
15:13:32,0.0,0.0,0.0,0.0,0.0,0.0
15:13:32,0.0,0.0,0.0,0.0,0.0,0.0
15:13:32,0.0,0.0,0.0,0.0,0.0,0.0
15:13:32,0.0,0.0,0.0,0.0,0.0,0.0
15:13:32,0.0,0.0,0.0,0.0,0.0,0.0
15:13:32,0.0,0.0,0.0,0.0,0.0,0.0
15:13:33,0.0,0.0,0.0,0.0,0.0,0.0
15:13:33,0.0,0.0,0.0,0.0,0.0,0.0
15:13:33,0.0,0.0,0.0,0.0,0.0,0.0
15:13:33,0.0,0.0,0.0,0.0,0.0,0.0
15:13:33,0.0,0.0,0.0,0.0,0.0,0.0
15:13:33,0.0,0.0,0.0,0.0,0.0,0.0
15:13:33,0.0,0.0,0.0,0.0,0.0,0.0
15:13:33,0.0,0.0,0.0,0.0,0.0,0.0
15:13:34,0.0,0.0,0.0,0.0,0.0,0.0
15:13:34,0.0,0.0,0.0,0.0,0.0,0.0
15:13:34,0.0,0.0,0.0,0.0,0.0,0.0
15:13:34,0.0,0.0,0.0,0.0,0.0,0.0
15:13:34,0.0,0.0,0.0,0.0,0.0,0.0
15:13:34,0.0,0.0,0.0,0.0,0.0,0.0
15:13:34,0.0,0.0,0.0,0.0,0.0,0.0
15:13:34,0.0,0.0,0.0,0.0,0.0,0.0
15:13:34,0.0,0.0,0.0,0.0,0.0,0.0
15:13:35,0.0,0.0,0.0,0.0,0.0,0.0
15:13:35,0.0,0.0,0.0,0.0,0.0,0.0
15:13:35,0.0,0.0,0.0,0.0,0.0,0.0
15:13:35,0.0,0.0,0.0,0.0,0.0,0.0
15:13:35,0.0,0.0,0.0,0.0,0.0,0.0
15:13:35,0.0,0.0,0.0,0.0,0.0,0.0
15:13:35,0.0,0.0,0.0,0.0,0.0,0.0
15:13:35,0.0,0.0,0.0,0.0,0.0,0.0
15:13:36,0.0,0.0,0.0,0.0,0.0,0.0
15:13:36,0.0,0.0,0.0,0.0,0.0,0.0
15:13:36,0.0,0.0,0.0,0.0,0.0,0.0
15:13:36,0.0,0.0,0.0,0.0,0.0,0.0
15:13:36,0.0,0.0,0.0,0.0,0.0,0.0
15:13:36,0.0,0.0,0.0,0.0,0.0,0.0
15:13:36,0.0,0.0,0.0,0.0,0.0,0.0
15:13:36,0.0,0.0,0.0,0.0,0.0,0.0
15:13:37,0.0,0.0,0.0,0.0,0.0,0.0
15:13:37,0.0,0.0,0.0,0.0,0.0,0.0
15:13:37,0.0,0.0,0.0,0.0,0.0,0.0
15:13:37,0.0,0.0,0.0,0.0,0.0,0.0
15:13:37,0.0,0.0,0.0,0.0,0.0,0.0
15:13:37,0.0,0.0,0.0,0.0,0.0,0.0
15:13:37,0.0,0.0,0.0,0.0,0.0,0.0
15:13:38,0.0,0.0,0.0,0.0,0.0,0.0
15:13:38,0.0,0.0,0.0,0.0,0.0,0.0
15:13:38,0.0,0.0,0.0,0.0,0.0,0.0
15:13:38,0.0,0.0,0.0,0.0,0.0,0.0
15:13:38,0.0,0.0,0.0,0.0,0.0,0.0
15:13:38,0.0,0.0,0.0,0.0,0.0,0.0
15:13:38,0.0,0.0,0.0,0.0,0.0,0.0
15:13:38,0.0,0.0,0.0,0.0,0.0,0.0
15:13:39,0.0,0.0,0.0,0.0,0.0,0.0
15:13:39,0.0,0.0,0.0,0.0,0.0,0.0
15:13:39,0.0,0.0,0.0,0.0,0.0,0.0
15:13:39,0.0,0.0,0.0,0.0,0.0,0.0
15:13:39,0.0,0.0,0.0,0.0,0.0,0.0
15:13:39,0.0,0.0,0.0,0.0,0.0,0.0
15:13:39,0.0,0.0,0.0,0.0,0.0,0.0
15:13:39,0.0,0.0,0.0,0.0,0.0,0.0
15:13:39,0.0,0.0,0.0,0.0,0.0,0.0
15:13:40,0.0,0.0,0.0,0.0,0.0,0.0
15:13:40,0.0,0.0,0.0,0.0,0.0,0.0
15:13:40,0.0,0.0,0.0,0.0,0.0,0.0
15:13:40,0.0,0.0,0.0,0.0,0.0,0.0
15:13:40,0.0,0.0,0.0,0.0,0.0,0.0
15:13:40,0.0,0.0,0.0,0.0,0.0,0.0
15:13:40,0.0,0.0,0.0,0.0,0.0,0.0
15:13:40,0.0,0.0,0.0,0.0,0.0,0.0
15:13:41,0.0,0.0,0.0,0.0,0.0,0.0
15:13:41,0.0,0.0,0.0,0.0,0.0,0.0
15:13:41,0.0,0.0,0.0,0.0,0.0,0.0
15:13:41,0.0,0.0,0.0,0.0,0.0,0.0
15:13:41,0.0,0.0,0.0,0.0,0.0,0.0
15:13:41,0.0,0.0,0.0,0.0,0.0,0.0
15:13:41,0.0,0.0,0.0,0.0,0.0,0.0
15:13:41,0.0,0.0,0.0,0.0,0.0,0.0
15:13:41,0.0,0.0,0.0,0.0,0.0,0.0
15:13:42,0.0,0.0,0.0,0.0,0.0,0.0
15:13:42,0.0,0.0,0.0,0.0,0.0,0.0
15:13:42,0.0,0.0,0.0,0.0,0.0,0.0
15:13:42,0.0,0.0,0.0,0.0,0.0,0.0
15:13:42,0.0,0.0,0.0,0.0,0.0,0.0
15:13:42,0.0,0.0,0.0,0.0,0.0,0.0
15:13:42,0.0,0.0,0.0,0.0,0.0,0.0
15:13:42,0.0,0.0,0.0,0.0,0.0,0.0
15:13:42,0.0,0.0,0.0,0.0,0.0,0.0
15:13:43,0.0,0.0,0.0,0.0,0.0,0.0
15:13:43,0.0,0.0,0.0,0.0,0.0,0.0
15:13:43,0.0,0.0,0.0,0.0,0.0,0.0
15:13:43,0.0,0.0,0.0,0.0,0.0,0.0
15:13:43,0.0,0.0,0.0,0.0,0.0,0.0
15:13:43,0.0,0.0,0.0,0.0,0.0,0.0
15:13:43,0.0,0.0,0.0,0.0,0.0,0.0
15:13:43,0.0,0.0,0.0,0.0,0.0,0.0
15:13:43,0.0,0.0,0.0,0.0,0.0,0.0
15:13:44,0.0,0.0,0.0,0.0,0.0,0.0
15:13:44,0.0,0.0,0.0,0.0,0.0,0.0
15:13:44,0.0,0.0,0.0,0.0,0.0,0.0
15:13:44,0.0,0.0,0.0,0.0,0.0,0.0
15:13:44,0.0,0.0,0.0,0.0,0.0,0.0
15:13:44,0.0,0.0,0.0,0.0,0.0,0.0
15:13:44,0.0,0.0,0.0,0.0,0.0,0.0
15:13:44,0.0,0.0,0.0,0.0,0.0,0.0
15:13:44,0.0,0.0,0.0,0.0,0.0,0.0
15:13:45,0.0,0.0,0.0,0.0,0.0,0.0
15:13:45,0.0,0.0,0.0,0.0,0.0,0.0
15:13:45,0.0,0.0,0.0,0.0,0.0,0.0
15:13:45,0.0,0.0,0.0,0.0,0.0,0.0
15:13:45,0.0,0.0,0.0,0.0,0.0,0.0
15:13:45,0.0,0.0,0.0,0.0,0.0,0.0
15:13:45,0.0,0.0,0.0,0.0,0.0,0.0
15:13:45,0.0,0.0,0.0,0.0,0.0,0.0
15:13:45,0.0,0.0,0.0,0.0,0.0,0.0
15:13:46,0.0,0.0,0.0,0.0,0.0,0.0
15:13:46,0.0,0.0,0.0,0.0,0.0,0.0
15:13:46,0.0,0.0,0.0,0.0,0.0,0.0
15:13:46,0.0,0.0,0.0,0.0,0.0,0.0
15:13:46,0.0,0.0,0.0,0.0,0.0,0.0
15:13:46,0.0,0.0,0.0,0.0,0.0,0.0
15:13:46,0.0,0.0,0.0,0.0,0.0,0.0
15:13:46,0.0,0.0,0.0,0.0,0.0,0.0
15:13:46,0.0,0.0,0.0,0.0,0.0,0.0
15:13:47,0.0,0.0,0.0,0.0,0.0,0.0
15:13:47,0.0,0.0,0.0,0.0,0.0,0.0
15:13:47,0.0,0.0,0.0,0.0,0.0,0.0
15:13:47,0.0,0.0,0.0,0.0,0.0,0.0
15:13:47,0.0,0.0,0.0,0.0,0.0,0.0
15:13:47,0.0,0.0,0.0,0.0,0.0,0.0
15:13:47,0.0,0.0,0.0,0.0,0.0,0.0
15:13:47,0.0,0.0,0.0,0.0,0.0,0.0
15:13:47,0.0,0.0,0.0,0.0,0.0,0.0
15:13:48,0.0,0.0,0.0,0.0,0.0,0.0
15:13:48,0.0,0.0,0.0,0.0,0.0,0.0
15:13:48,0.0,0.0,0.0,0.0,0.0,0.0
15:13:48,0.0,0.0,0.0,0.0,0.0,0.0
15:13:48,0.0,0.0,0.0,0.0,0.0,0.0
15:13:48,0.0,0.0,0.0,0.0,0.0,0.0
15:13:48,0.0,0.0,0.0,0.0,0.0,0.0
15:13:48,0.0,0.0,0.0,0.0,0.0,0.0
15:13:49,0.0,0.0,0.0,0.0,0.0,0.0
15:13:49,0.0,0.0,0.0,0.0,0.0,0.0
15:13:49,0.0,0.0,0.0,0.0,0.0,0.0
15:13:49,0.0,0.0,0.0,0.0,0.0,0.0
15:13:49,0.0,0.0,0.0,0.0,0.0,0.0
15:13:49,0.0,0.0,0.0,0.0,0.0,0.0
15:13:49,0.0,0.0,0.0,0.0,0.0,0.0
15:13:49,0.0,0.0,0.0,0.0,0.0,0.0
15:13:50,0.0,0.0,0.0,0.0,0.0,0.0
15:13:50,0.0,0.0,0.0,0.0,0.0,0.0
15:13:50,0.0,0.0,0.0,0.0,0.0,0.0
15:13:50,0.0,0.0,0.0,0.0,0.0,0.0
15:13:50,0.0,0.0,0.0,0.0,0.0,0.0
15:13:50,0.0,0.0,0.0,0.0,0.0,0.0
15:13:50,0.0,0.0,0.0,0.0,0.0,0.0
15:13:50,0.0,0.0,0.0,0.0,0.0,0.0
15:13:50,0.0,0.0,0.0,0.0,0.0,0.0
15:13:51,0.0,0.0,0.0,0.0,0.0,0.0
15:13:51,0.0,0.0,0.0,0.0,0.0,0.0
15:13:51,0.0,0.0,0.0,0.0,0.0,0.0
15:13:51,0.0,0.0,0.0,0.0,0.0,0.0
15:13:51,0.0,0.0,0.0,0.0,0.0,0.0
15:13:51,0.0,0.0,0.0,0.0,0.0,0.0
15:13:51,0.0,0.0,0.0,0.0,0.0,0.0
15:13:51,0.0,0.0,0.0,0.0,0.0,0.0
15:13:51,0.0,0.0,0.0,0.0,0.0,0.0
15:13:52,0.0,0.0,0.0,0.0,0.0,0.0
15:13:52,0.0,0.0,0.0,0.0,0.0,0.0
15:13:52,0.0,0.0,0.0,0.0,0.0,0.0
15:13:52,0.0,0.0,0.0,0.0,0.0,0.0
15:13:52,0.0,0.0,0.0,0.0,0.0,0.0
15:13:52,0.0,0.0,0.0,0.0,0.0,0.0
15:13:52,0.0,0.0,0.0,0.0,0.0,0.0
15:13:52,0.0,0.0,0.0,0.0,0.0,0.0
15:13:52,0.0,0.0,0.0,0.0,0.0,0.0
15:13:53,0.0,0.0,0.0,0.0,0.0,0.0
15:13:53,0.0,0.0,0.0,0.0,0.0,0.0
15:13:53,0.0,0.0,0.0,0.0,0.0,0.0
15:13:53,0.0,0.0,0.0,0.0,0.0,0.0
15:13:53,0.0,0.0,0.0,0.0,0.0,0.0
15:13:53,0.0,0.0,0.0,0.0,0.0,0.0
15:13:53,0.0,0.0,0.0,0.0,0.0,0.0
15:13:53,0.0,0.0,0.0,0.0,0.0,0.0
15:13:53,0.0,0.0,0.0,0.0,0.0,0.0
15:13:54,0.0,0.0,0.0,0.0,0.0,0.0
15:13:54,0.0,0.0,0.0,0.0,0.0,0.0
15:13:54,0.0,0.0,0.0,0.0,0.0,0.0
15:13:54,0.0,0.0,0.0,0.0,0.0,0.0
15:13:54,0.0,0.0,0.0,0.0,0.0,0.0
15:13:54,0.0,0.0,0.0,0.0,0.0,0.0
15:13:54,0.0,0.0,0.0,0.0,0.0,0.0
15:13:54,0.0,0.0,0.0,0.0,0.0,0.0
15:13:54,0.0,0.0,0.0,0.0,0.0,0.0
15:13:55,0.0,0.0,0.0,0.0,0.0,0.0
15:13:55,0.0,0.0,0.0,0.0,0.0,0.0
15:13:55,0.0,0.0,0.0,0.0,0.0,0.0
15:13:55,0.0,0.0,0.0,0.0,0.0,0.0
15:13:55,0.0,0.0,0.0,0.0,0.0,0.0
15:13:55,0.0,0.0,0.0,0.0,0.0,0.0
15:13:55,0.0,0.0,0.0,0.0,0.0,0.0
15:13:55,0.0,0.0,0.0,0.0,0.0,0.0
15:13:55,0.0,0.0,0.0,0.0,0.0,0.0
15:13:56,0.0,0.0,0.0,0.0,0.0,0.0
15:13:56,0.0,0.0,0.0,0.0,0.0,0.0
15:13:56,0.0,0.0,0.0,0.0,0.0,0.0
15:13:56,0.0,0.0,0.0,0.0,0.0,0.0
15:13:56,0.0,0.0,0.0,0.0,0.0,0.0
15:13:56,0.0,0.0,0.0,0.0,0.0,0.0
15:13:56,0.0,0.0,0.0,0.0,0.0,0.0
15:13:56,0.0,0.0,0.0,0.0,0.0,0.0
15:13:56,0.0,0.0,0.0,0.0,0.0,0.0
15:13:57,0.0,0.0,0.0,0.0,0.0,0.0
15:13:57,0.0,0.0,0.0,0.0,0.0,0.0
15:13:57,0.0,0.0,0.0,0.0,0.0,0.0
15:13:57,0.0,0.0,0.0,0.0,0.0,0.0
15:13:57,0.0,0.0,0.0,0.0,0.0,0.0
15:13:57,0.0,0.0,0.0,0.0,0.0,0.0
15:13:57,0.0,0.0,0.0,0.0,0.0,0.0
15:13:57,0.0,0.0,0.0,0.0,0.0,0.0
15:13:57,0.0,0.0,0.0,0.0,0.0,0.0
15:13:58,0.0,0.0,0.0,0.0,0.0,0.0
15:13:58,0.0,0.0,0.0,0.0,0.0,0.0
15:13:58,0.0,0.0,0.0,0.0,0.0,0.0
15:13:58,0.0,0.0,0.0,0.0,0.0,0.0
15:13:58,0.0,0.0,0.0,0.0,0.0,0.0
15:13:58,0.0,0.0,0.0,0.0,0.0,0.0
15:13:58,0.0,0.0,0.0,0.0,0.0,0.0
15:13:58,0.0,0.0,0.0,0.0,0.0,0.0
15:13:58,0.0,0.0,0.0,0.0,0.0,0.0
15:13:59,0.0,0.0,0.0,0.0,0.0,0.0
15:13:59,0.0,0.0,0.0,0.0,0.0,0.0
15:13:59,0.0,0.0,0.0,0.0,0.0,0.0
15:13:59,0.0,0.0,0.0,0.0,0.0,0.0
15:13:59,0.0,0.0,0.0,0.0,0.0,0.0
15:13:59,0.0,0.0,0.0,0.0,0.0,0.0
15:13:59,0.0,0.0,0.0,0.0,0.0,0.0
15:13:59,0.0,0.0,0.0,0.0,0.0,0.0
15:13:59,0.0,0.0,0.0,0.0,0.0,0.0
15:14:00,0.0,0.0,0.0,0.0,0.0,0.0
15:14:00,0.0,0.0,0.0,0.0,0.0,0.0
15:14:00,0.0,0.0,0.0,0.0,0.0,0.0
15:14:00,0.0,0.0,0.0,0.0,0.0,0.0
15:14:00,0.0,0.0,0.0,0.0,0.0,0.0
15:14:00,0.0,0.0,0.0,0.0,0.0,0.0
15:14:00,0.0,0.0,0.0,0.0,0.0,0.0
15:14:00,0.0,0.0,0.0,0.0,0.0,0.0
15:14:01,0.0,0.0,0.0,0.0,0.0,0.0
15:14:01,0.0,0.0,0.0,0.0,0.0,0.0
15:14:01,0.0,0.0,0.0,0.0,0.0,0.0
15:14:01,0.0,0.0,0.0,0.0,0.0,0.0
15:14:01,0.0,0.0,0.0,0.0,0.0,0.0
15:14:01,0.0,0.0,0.0,0.0,0.0,0.0
15:14:01,0.0,0.0,0.0,0.0,0.0,0.0
15:14:01,0.0,0.0,0.0,0.0,0.0,0.0
15:14:02,0.0,0.0,0.0,0.0,0.0,0.0
15:14:02,0.0,0.0,0.0,0.0,0.0,0.0
15:14:02,0.0,0.0,0.0,0.0,0.0,0.0
15:14:02,0.0,0.0,0.0,0.0,0.0,0.0
15:14:02,0.0,0.0,0.0,0.0,0.0,0.0
15:14:02,0.0,0.0,0.0,0.0,0.0,0.0
15:14:02,0.0,0.0,0.0,0.0,0.0,0.0
15:14:02,0.0,0.0,0.0,0.0,0.0,0.0
15:14:02,0.0,0.0,0.0,0.0,0.0,0.0
15:14:03,0.0,0.0,0.0,0.0,0.0,0.0
15:14:03,0.0,0.0,0.0,0.0,0.0,0.0
15:14:03,0.0,0.0,0.0,0.0,0.0,0.0
15:14:03,0.0,0.0,0.0,0.0,0.0,0.0
15:14:03,0.0,0.0,0.0,0.0,0.0,0.0
15:14:03,0.0,0.0,0.0,0.0,0.0,0.0
15:14:03,0.0,0.0,0.0,0.0,0.0,0.0
15:14:03,0.0,0.0,0.0,0.0,0.0,0.0
15:14:03,0.0,0.0,0.0,0.0,0.0,0.0
15:14:04,0.0,0.0,0.0,0.0,0.0,0.0
15:14:04,0.0,0.0,0.0,0.0,0.0,0.0
15:14:04,0.0,0.0,0.0,0.0,0.0,0.0
15:14:04,0.0,0.0,0.0,0.0,0.0,0.0
15:14:04,0.0,0.0,0.0,0.0,0.0,0.0
15:14:04,0.0,0.0,0.0,0.0,0.0,0.0
15:14:04,0.0,0.0,0.0,0.0,0.0,0.0
15:14:04,0.0,0.0,0.0,0.0,0.0,0.0
15:14:04,0.0,0.0,0.0,0.0,0.0,0.0
15:14:05,0.0,0.0,0.0,0.0,0.0,0.0
15:14:05,0.0,0.0,0.0,0.0,0.0,0.0
15:14:05,0.0,0.0,0.0,0.0,0.0,0.0
15:14:05,0.0,0.0,0.0,0.0,0.0,0.0
15:14:05,0.0,0.0,0.0,0.0,0.0,0.0
15:14:05,0.0,0.0,0.0,0.0,0.0,0.0
15:14:05,0.0,0.0,0.0,0.0,0.0,0.0
15:14:05,0.0,0.0,0.0,0.0,0.0,0.0
15:14:05,0.0,0.0,0.0,0.0,0.0,0.0
15:14:06,0.0,0.0,0.0,0.0,0.0,0.0
15:14:06,0.0,0.0,0.0,0.0,0.0,0.0
15:14:06,0.0,0.0,0.0,0.0,0.0,0.0
15:14:06,0.0,0.0,0.0,0.0,0.0,0.0
15:14:06,0.0,0.0,0.0,0.0,0.0,0.0
15:14:06,0.0,0.0,0.0,0.0,0.0,0.0
15:14:06,0.0,0.0,0.0,0.0,0.0,0.0
15:14:06,0.0,0.0,0.0,0.0,0.0,0.0
15:14:06,0.0,0.0,0.0,0.0,0.0,0.0
15:14:07,0.0,0.0,0.0,0.0,0.0,0.0
15:14:07,0.0,0.0,0.0,0.0,0.0,0.0
15:14:07,0.0,0.0,0.0,0.0,0.0,0.0
15:14:07,0.0,0.0,0.0,0.0,0.0,0.0
15:14:07,0.0,0.0,0.0,0.0,0.0,0.0
15:14:07,0.0,0.0,0.0,0.0,0.0,0.0
15:14:07,0.0,0.0,0.0,0.0,0.0,0.0
15:14:07,0.0,0.0,0.0,0.0,0.0,0.0
15:14:07,0.0,0.0,0.0,0.0,0.0,0.0
15:14:08,0.0,0.0,0.0,0.0,0.0,0.0
15:14:08,0.0,0.0,0.0,0.0,0.0,0.0
15:14:08,0.0,0.0,0.0,0.0,0.0,0.0
15:14:08,0.0,0.0,0.0,0.0,0.0,0.0
15:14:08,0.0,0.0,0.0,0.0,0.0,0.0
15:14:08,0.0,0.0,0.0,0.0,0.0,0.0
15:14:08,0.0,0.0,0.0,0.0,0.0,0.0
15:14:08,0.0,0.0,0.0,0.0,0.0,0.0
15:14:08,0.0,0.0,0.0,0.0,0.0,0.0
15:14:09,0.0,0.0,0.0,0.0,0.0,0.0
15:14:09,0.0,0.0,0.0,0.0,0.0,0.0
15:14:09,0.0,0.0,0.0,0.0,0.0,0.0
15:14:09,0.0,0.0,0.0,0.0,0.0,0.0
15:14:09,0.0,0.0,0.0,0.0,0.0,0.0
15:14:09,0.0,0.0,0.0,0.0,0.0,0.0
15:14:09,0.0,0.0,0.0,0.0,0.0,0.0
15:14:09,0.0,0.0,0.0,0.0,0.0,0.0
15:14:09,0.0,0.0,0.0,0.0,0.0,0.0
15:14:10,0.0,0.0,0.0,0.0,0.0,0.0
15:14:10,0.0,0.0,0.0,0.0,0.0,0.0
15:14:10,0.0,0.0,0.0,0.0,0.0,0.0
15:14:10,0.0,0.0,0.0,0.0,0.0,0.0
15:14:10,0.0,0.0,0.0,0.0,0.0,0.0
15:14:10,0.0,0.0,0.0,0.0,0.0,0.0
15:14:10,0.0,0.0,0.0,0.0,0.0,0.0
15:14:10,0.0,0.0,0.0,0.0,0.0,0.0
15:14:11,0.0,0.0,0.0,0.0,0.0,0.0
15:14:11,0.0,0.0,0.0,0.0,0.0,0.0
15:14:11,0.0,0.0,0.0,0.0,0.0,0.0
15:14:11,0.0,0.0,0.0,0.0,0.0,0.0
15:14:11,0.0,0.0,0.0,0.0,0.0,0.0
15:14:11,0.0,0.0,0.0,0.0,0.0,0.0
15:14:11,0.0,0.0,0.0,0.0,0.0,0.0
15:14:11,0.0,0.0,0.0,0.0,0.0,0.0
15:14:12,0.0,0.0,0.0,0.0,0.0,0.0
15:14:12,0.0,0.0,0.0,0.0,0.0,0.0
15:14:12,0.0,0.0,0.0,0.0,0.0,0.0
15:14:12,0.0,0.0,0.0,0.0,0.0,0.0
15:14:12,0.0,0.0,0.0,0.0,0.0,0.0
15:14:12,0.0,0.0,0.0,0.0,0.0,0.0
15:14:12,0.0,0.0,0.0,0.0,0.0,0.0
15:14:12,0.0,0.0,0.0,0.0,0.0,0.0
15:14:12,0.0,0.0,0.0,0.0,0.0,0.0
15:14:13,0.0,0.0,0.0,0.0,0.0,0.0
15:14:13,0.0,0.0,0.0,0.0,0.0,0.0
15:14:13,0.0,0.0,0.0,0.0,0.0,0.0
15:14:13,0.0,0.0,0.0,0.0,0.0,0.0
15:14:13,0.0,0.0,0.0,0.0,0.0,0.0
15:14:13,0.0,0.0,0.0,0.0,0.0,0.0
15:14:13,0.0,0.0,0.0,0.0,0.0,0.0
15:14:14,0.0,0.0,0.0,0.0,0.0,0.0
15:14:14,0.0,0.0,0.0,0.0,0.0,0.0
15:14:14,0.0,0.0,0.0,0.0,0.0,0.0
15:14:14,0.0,0.0,0.0,0.0,0.0,0.0
15:14:14,0.0,0.0,0.0,0.0,0.0,0.0
15:14:14,0.0,0.0,0.0,0.0,0.0,0.0
15:14:14,0.0,0.0,0.0,0.0,0.0,0.0
15:14:15,0.0,0.0,0.0,0.0,0.0,0.0
15:14:15,0.0,0.0,0.0,0.0,0.0,0.0
15:14:15,0.0,0.0,0.0,0.0,0.0,0.0
15:14:15,0.0,0.0,0.0,0.0,0.0,0.0
15:14:15,0.0,0.0,0.0,0.0,0.0,0.0
15:14:15,0.0,0.0,0.0,0.0,0.0,0.0
15:14:15,0.0,0.0,0.0,0.0,0.0,0.0
15:14:15,0.0,0.0,0.0,0.0,0.0,0.0
15:14:16,0.0,0.0,0.0,0.0,0.0,0.0
15:14:16,0.0,0.0,0.0,0.0,0.0,0.0
15:14:16,0.0,0.0,0.0,0.0,0.0,0.0
15:14:16,0.0,0.0,0.0,0.0,0.0,0.0
15:14:16,0.0,0.0,0.0,0.0,0.0,0.0
15:14:16,0.0,0.0,0.0,0.0,0.0,0.0
15:14:16,0.0,0.0,0.0,0.0,0.0,0.0
15:14:16,0.0,0.0,0.0,0.0,0.0,0.0
15:14:16,0.0,0.0,0.0,0.0,0.0,0.0
15:14:16,0.0,0.0,0.0,0.0,0.0,0.0
15:14:17,0.0,0.0,0.0,0.0,0.0,0.0
15:14:17,0.0,0.0,0.0,0.0,0.0,0.0
15:14:17,0.0,0.0,0.0,0.0,0.0,0.0
15:14:17,0.0,0.0,0.0,0.0,0.0,0.0
15:14:17,0.0,0.0,0.0,0.0,0.0,0.0
15:14:17,0.0,0.0,0.0,0.0,0.0,0.0
15:14:17,0.0,0.0,0.0,0.0,0.0,0.0
15:14:17,0.0,0.0,0.0,0.0,0.0,0.0
15:14:17,0.0,0.0,0.0,0.0,0.0,0.0
15:14:18,0.0,0.0,0.0,0.0,0.0,0.0
15:14:18,0.0,0.0,0.0,0.0,0.0,0.0
15:14:18,0.0,0.0,0.0,0.0,0.0,0.0
15:14:18,0.0,0.0,0.0,0.0,0.0,0.0
15:14:18,0.0,0.0,0.0,0.0,0.0,0.0
15:14:18,0.0,0.0,0.0,0.0,0.0,0.0
15:14:18,0.0,0.0,0.0,0.0,0.0,0.0
15:14:18,0.0,0.0,0.0,0.0,0.0,0.0
15:14:18,0.0,0.0,0.0,0.0,0.0,0.0
15:14:19,0.0,0.0,0.0,0.0,0.0,0.0
15:14:19,0.0,0.0,0.0,0.0,0.0,0.0
15:14:19,0.0,0.0,0.0,0.0,0.0,0.0
15:14:19,0.0,0.0,0.0,0.0,0.0,0.0
15:14:19,0.0,0.0,0.0,0.0,0.0,0.0
15:14:19,0.0,0.0,0.0,0.0,0.0,0.0
15:14:19,0.0,0.0,0.0,0.0,0.0,0.0
15:14:19,0.0,0.0,0.0,0.0,0.0,0.0
15:14:20,0.0,0.0,0.0,0.0,0.0,0.0
15:14:20,0.0,0.0,0.0,0.0,0.0,0.0
15:14:20,0.0,0.0,0.0,0.0,0.0,0.0
15:14:20,0.0,0.0,0.0,0.0,0.0,0.0
15:14:20,0.0,0.0,0.0,0.0,0.0,0.0
15:14:20,0.0,0.0,0.0,0.0,0.0,0.0
15:14:20,0.0,0.0,0.0,0.0,0.0,0.0
15:14:20,0.0,0.0,0.0,0.0,0.0,0.0
15:14:20,0.0,0.0,0.0,0.0,0.0,0.0
15:14:21,0.0,0.0,0.0,0.0,0.0,0.0
15:14:21,0.0,0.0,0.0,0.0,0.0,0.0
15:14:21,0.0,0.0,0.0,0.0,0.0,0.0
15:14:21,0.0,0.0,0.0,0.0,0.0,0.0
15:14:21,0.0,0.0,0.0,0.0,0.0,0.0
15:14:21,0.0,0.0,0.0,0.0,0.0,0.0
15:14:21,0.0,0.0,0.0,0.0,0.0,0.0
15:14:21,0.0,0.0,0.0,0.0,0.0,0.0
15:14:21,0.0,0.0,0.0,0.0,0.0,0.0
15:14:22,0.0,0.0,0.0,0.0,0.0,0.0
15:14:22,0.0,0.0,0.0,0.0,0.0,0.0
15:14:22,0.0,0.0,0.0,0.0,0.0,0.0
15:14:22,0.0,0.0,0.0,0.0,0.0,0.0
15:14:22,0.0,0.0,0.0,0.0,0.0,0.0
15:14:22,0.0,0.0,0.0,0.0,0.0,0.0
15:14:22,0.0,0.0,0.0,0.0,0.0,0.0
15:14:22,0.0,0.0,0.0,0.0,0.0,0.0
15:14:22,0.0,0.0,0.0,0.0,0.0,0.0
15:14:23,0.0,0.0,0.0,0.0,0.0,0.0
15:14:23,0.0,0.0,0.0,0.0,0.0,0.0
15:14:23,0.0,0.0,0.0,0.0,0.0,0.0
15:14:23,0.0,0.0,0.0,0.0,0.0,0.0
15:14:23,0.0,0.0,0.0,0.0,0.0,0.0
15:14:23,0.0,0.0,0.0,0.0,0.0,0.0
15:14:23,0.0,0.0,0.0,0.0,0.0,0.0
15:14:23,0.0,0.0,0.0,0.0,0.0,0.0
15:14:23,0.0,0.0,0.0,0.0,0.0,0.0
15:14:24,0.0,0.0,0.0,0.0,0.0,0.0
15:14:24,0.0,0.0,0.0,0.0,0.0,0.0
15:14:24,0.0,0.0,0.0,0.0,0.0,0.0
15:14:24,0.0,0.0,0.0,0.0,0.0,0.0
15:14:24,0.0,0.0,0.0,0.0,0.0,0.0
15:14:24,0.0,0.0,0.0,0.0,0.0,0.0
15:14:24,0.0,0.0,0.0,0.0,0.0,0.0
15:14:24,0.0,0.0,0.0,0.0,0.0,0.0
15:14:24,0.0,0.0,0.0,0.0,0.0,0.0
15:14:25,0.0,0.0,0.0,0.0,0.0,0.0
15:14:25,0.0,0.0,0.0,0.0,0.0,0.0
15:14:25,0.0,0.0,0.0,0.0,0.0,0.0
15:14:25,0.0,0.0,0.0,0.0,0.0,0.0
15:14:25,0.0,0.0,0.0,0.0,0.0,0.0
15:14:25,0.0,0.0,0.0,0.0,0.0,0.0
15:14:25,0.0,0.0,0.0,0.0,0.0,0.0
15:14:25,0.0,0.0,0.0,0.0,0.0,0.0
15:14:25,0.0,0.0,0.0,0.0,0.0,0.0
15:14:26,0.0,0.0,0.0,0.0,0.0,0.0
15:14:26,0.0,0.0,0.0,0.0,0.0,0.0
15:14:26,0.0,0.0,0.0,0.0,0.0,0.0
15:14:26,0.0,0.0,0.0,0.0,0.0,0.0
15:14:26,0.0,0.0,0.0,0.0,0.0,0.0
15:14:26,0.0,0.0,0.0,0.0,0.0,0.0
15:14:26,0.0,0.0,0.0,0.0,0.0,0.0
15:14:27,0.0,0.0,0.0,0.0,0.0,0.0
15:14:27,0.0,0.0,0.0,0.0,0.0,0.0
15:14:27,0.0,0.0,0.0,0.0,0.0,0.0
15:14:27,0.0,0.0,0.0,0.0,0.0,0.0
15:14:27,0.0,0.0,0.0,0.0,0.0,0.0
15:14:27,0.0,0.0,0.0,0.0,0.0,0.0
15:14:27,0.0,0.0,0.0,0.0,0.0,0.0
15:14:28,0.0,0.0,0.0,0.0,0.0,0.0
15:14:28,0.0,0.0,0.0,0.0,0.0,0.0
15:14:28,0.0,0.0,0.0,0.0,0.0,0.0
15:14:28,0.0,0.0,0.0,0.0,0.0,0.0
15:14:28,0.0,0.0,0.0,0.0,0.0,0.0
15:14:28,0.0,0.0,0.0,0.0,0.0,0.0
15:14:28,0.0,0.0,0.0,0.0,0.0,0.0
15:14:28,0.0,0.0,0.0,0.0,0.0,0.0
15:14:29,0.0,0.0,0.0,0.0,0.0,0.0
15:14:29,0.0,0.0,0.0,0.0,0.0,0.0
15:14:29,0.0,0.0,0.0,0.0,0.0,0.0
15:14:29,0.0,0.0,0.0,0.0,0.0,0.0
15:14:29,0.0,0.0,0.0,0.0,0.0,0.0
15:14:29,0.0,0.0,0.0,0.0,0.0,0.0
15:14:29,0.0,0.0,0.0,0.0,0.0,0.0
15:14:29,0.0,0.0,0.0,0.0,0.0,0.0
15:14:29,0.0,0.0,0.0,0.0,0.0,0.0
15:14:30,0.0,0.0,0.0,0.0,0.0,0.0
15:14:30,0.0,0.0,0.0,0.0,0.0,0.0
15:14:30,0.0,0.0,0.0,0.0,0.0,0.0
15:14:30,0.0,0.0,0.0,0.0,0.0,0.0
15:14:30,0.0,0.0,0.0,0.0,0.0,0.0
15:14:30,0.0,0.0,0.0,0.0,0.0,0.0
15:14:30,0.0,0.0,0.0,0.0,0.0,0.0
15:14:30,0.0,0.0,0.0,0.0,0.0,0.0
15:14:30,0.0,0.0,0.0,0.0,0.0,0.0
15:14:31,0.0,0.0,0.0,0.0,0.0,0.0
15:14:31,0.0,0.0,0.0,0.0,0.0,0.0
15:14:31,0.0,0.0,0.0,0.0,0.0,0.0
15:14:31,0.0,0.0,0.0,0.0,0.0,0.0
15:14:31,0.0,0.0,0.0,0.0,0.0,0.0
15:14:31,0.0,0.0,0.0,0.0,0.0,0.0
15:14:31,0.0,0.0,0.0,0.0,0.0,0.0
15:14:31,0.0,0.0,0.0,0.0,0.0,0.0
15:14:32,0.0,0.0,0.0,0.0,0.0,0.0
15:14:32,0.0,0.0,0.0,0.0,0.0,0.0
15:14:32,0.0,0.0,0.0,0.0,0.0,0.0
15:14:32,0.0,0.0,0.0,0.0,0.0,0.0
15:14:32,0.0,0.0,0.0,0.0,0.0,0.0
15:14:32,0.0,0.0,0.0,0.0,0.0,0.0
15:14:32,0.0,0.0,0.0,0.0,0.0,0.0
15:14:32,0.0,0.0,0.0,0.0,0.0,0.0
15:14:32,0.0,0.0,0.0,0.0,0.0,0.0
15:14:33,0.0,0.0,0.0,0.0,0.0,0.0
15:14:33,0.0,0.0,0.0,0.0,0.0,0.0
15:14:33,0.0,0.0,0.0,0.0,0.0,0.0
15:14:33,0.0,0.0,0.0,0.0,0.0,0.0
15:14:33,0.0,0.0,0.0,0.0,0.0,0.0
15:14:33,0.0,0.0,0.0,0.0,0.0,0.0
15:14:33,0.0,0.0,0.0,0.0,0.0,0.0
15:14:33,0.0,0.0,0.0,0.0,0.0,0.0
15:14:33,0.0,0.0,0.0,0.0,0.0,0.0
15:14:34,0.0,0.0,0.0,0.0,0.0,0.0
15:14:34,0.0,0.0,0.0,0.0,0.0,0.0
15:14:34,0.0,0.0,0.0,0.0,0.0,0.0
15:14:34,0.0,0.0,0.0,0.0,0.0,0.0
15:14:34,0.0,0.0,0.0,0.0,0.0,0.0
15:14:34,0.0,0.0,0.0,0.0,0.0,0.0
15:14:34,0.0,0.0,0.0,0.0,0.0,0.0
15:14:34,0.0,0.0,0.0,0.0,0.0,0.0
15:14:34,0.0,0.0,0.0,0.0,0.0,0.0
15:14:35,0.0,0.0,0.0,0.0,0.0,0.0
15:14:35,0.0,0.0,0.0,0.0,0.0,0.0
15:14:35,0.0,0.0,0.0,0.0,0.0,0.0
15:14:35,0.0,0.0,0.0,0.0,0.0,0.0
15:14:35,0.0,0.0,0.0,0.0,0.0,0.0
15:14:35,0.0,0.0,0.0,0.0,0.0,0.0
15:14:35,0.0,0.0,0.0,0.0,0.0,0.0
15:14:35,0.0,0.0,0.0,0.0,0.0,0.0
15:14:35,0.0,0.0,0.0,0.0,0.0,0.0
15:14:36,0.0,0.0,0.0,0.0,0.0,0.0
15:14:36,0.0,0.0,0.0,0.0,0.0,0.0
15:14:36,0.0,0.0,0.0,0.0,0.0,0.0
15:14:36,0.0,0.0,0.0,0.0,0.0,0.0
15:14:36,0.0,0.0,0.0,0.0,0.0,0.0
15:14:36,0.0,0.0,0.0,0.0,0.0,0.0
15:14:36,0.0,0.0,0.0,0.0,0.0,0.0
15:14:36,0.0,0.0,0.0,0.0,0.0,0.0
15:14:36,0.0,0.0,0.0,0.0,0.0,0.0
15:14:37,0.0,0.0,0.0,0.0,0.0,0.0
15:14:37,0.0,0.0,0.0,0.0,0.0,0.0
15:14:37,0.0,0.0,0.0,0.0,0.0,0.0
15:14:37,0.0,0.0,0.0,0.0,0.0,0.0
15:14:37,0.0,0.0,0.0,0.0,0.0,0.0
15:14:37,0.0,0.0,0.0,0.0,0.0,0.0
15:14:37,0.0,0.0,0.0,0.0,0.0,0.0
15:14:37,0.0,0.0,0.0,0.0,0.0,0.0
15:14:37,0.0,0.0,0.0,0.0,0.0,0.0
15:14:38,0.0,0.0,0.0,0.0,0.0,0.0
15:14:38,0.0,0.0,0.0,0.0,0.0,0.0
15:14:38,0.0,0.0,0.0,0.0,0.0,0.0
15:14:38,0.0,0.0,0.0,0.0,0.0,0.0
15:14:38,0.0,0.0,0.0,0.0,0.0,0.0
15:14:38,0.0,0.0,0.0,0.0,0.0,0.0
15:14:38,0.0,0.0,0.0,0.0,0.0,0.0
15:14:38,0.0,0.0,0.0,0.0,0.0,0.0
15:14:38,0.0,0.0,0.0,0.0,0.0,0.0
15:14:39,0.0,0.0,0.0,0.0,0.0,0.0
15:14:39,0.0,0.0,0.0,0.0,0.0,0.0
15:14:39,0.0,0.0,0.0,0.0,0.0,0.0
15:14:39,0.0,0.0,0.0,0.0,0.0,0.0
15:14:39,0.0,0.0,0.0,0.0,0.0,0.0
15:14:39,0.0,0.0,0.0,0.0,0.0,0.0
15:14:39,0.0,0.0,0.0,0.0,0.0,0.0
15:14:39,0.0,0.0,0.0,0.0,0.0,0.0
15:14:40,0.0,0.0,0.0,0.0,0.0,0.0
15:14:40,0.0,0.0,0.0,0.0,0.0,0.0
15:14:40,0.0,0.0,0.0,0.0,0.0,0.0
15:14:40,0.0,0.0,0.0,0.0,0.0,0.0
15:14:40,0.0,0.0,0.0,0.0,0.0,0.0
15:14:40,0.0,0.0,0.0,0.0,0.0,0.0
15:14:40,0.0,0.0,0.0,0.0,0.0,0.0
15:14:40,0.0,0.0,0.0,0.0,0.0,0.0
15:14:41,0.0,0.0,0.0,0.0,0.0,0.0
15:14:41,0.0,0.0,0.0,0.0,0.0,0.0
15:14:41,0.0,0.0,0.0,0.0,0.0,0.0
15:14:41,0.0,0.0,0.0,0.0,0.0,0.0
15:14:41,0.0,0.0,0.0,0.0,0.0,0.0
15:14:41,0.0,0.0,0.0,0.0,0.0,0.0
15:14:41,0.0,0.0,0.0,0.0,0.0,0.0
15:14:41,0.0,0.0,0.0,0.0,0.0,0.0
15:14:41,0.0,0.0,0.0,0.0,0.0,0.0
15:14:42,0.0,0.0,0.0,0.0,0.0,0.0
15:14:42,0.0,0.0,0.0,0.0,0.0,0.0
15:14:42,0.0,0.0,0.0,0.0,0.0,0.0
15:14:42,0.0,0.0,0.0,0.0,0.0,0.0
15:14:42,0.0,0.0,0.0,0.0,0.0,0.0
15:14:42,0.0,0.0,0.0,0.0,0.0,0.0
15:14:42,0.0,0.0,0.0,0.0,0.0,0.0
15:14:42,0.0,0.0,0.0,0.0,0.0,0.0
15:14:42,0.0,0.0,0.0,0.0,0.0,0.0
15:14:42,0.0,0.0,0.0,0.0,0.0,0.0
15:14:43,0.0,0.0,0.0,0.0,0.0,0.0
15:14:43,0.0,0.0,0.0,0.0,0.0,0.0
15:14:43,0.0,0.0,0.0,0.0,0.0,0.0
15:14:43,0.0,0.0,0.0,0.0,0.0,0.0
15:14:43,0.0,0.0,0.0,0.0,0.0,0.0
15:14:43,0.0,0.0,0.0,0.0,0.0,0.0
15:14:43,0.0,0.0,0.0,0.0,0.0,0.0
15:14:43,0.0,0.0,0.0,0.0,0.0,0.0
15:14:44,0.0,0.0,0.0,0.0,0.0,0.0
15:14:44,0.0,0.0,0.0,0.0,0.0,0.0
15:14:44,0.0,0.0,0.0,0.0,0.0,0.0
15:14:44,0.0,0.0,0.0,0.0,0.0,0.0
15:14:44,0.0,0.0,0.0,0.0,0.0,0.0
15:14:44,0.0,0.0,0.0,0.0,0.0,0.0
15:14:44,0.0,0.0,0.0,0.0,0.0,0.0
15:14:44,0.0,0.0,0.0,0.0,0.0,0.0
15:14:44,0.0,0.0,0.0,0.0,0.0,0.0
15:14:45,0.0,0.0,0.0,0.0,0.0,0.0
15:14:45,0.0,0.0,0.0,0.0,0.0,0.0
15:14:45,0.0,0.0,0.0,0.0,0.0,0.0
15:14:45,0.0,0.0,0.0,0.0,0.0,0.0
15:14:45,0.0,0.0,0.0,0.0,0.0,0.0
15:14:45,0.0,0.0,0.0,0.0,0.0,0.0
15:14:45,0.0,0.0,0.0,0.0,0.0,0.0
15:14:45,0.0,0.0,0.0,0.0,0.0,0.0
15:14:45,0.0,0.0,0.0,0.0,0.0,0.0
15:14:46,0.0,0.0,0.0,0.0,0.0,0.0
15:14:46,0.0,0.0,0.0,0.0,0.0,0.0
15:14:46,0.0,0.0,0.0,0.0,0.0,0.0
15:14:46,0.0,0.0,0.0,0.0,0.0,0.0
15:14:46,0.0,0.0,0.0,0.0,0.0,0.0
15:14:46,0.0,0.0,0.0,0.0,0.0,0.0
15:14:46,0.0,0.0,0.0,0.0,0.0,0.0
15:14:46,0.0,0.0,0.0,0.0,0.0,0.0
15:14:46,0.0,0.0,0.0,0.0,0.0,0.0
15:14:47,0.0,0.0,0.0,0.0,0.0,0.0
15:14:47,0.0,0.0,0.0,0.0,0.0,0.0
15:14:47,0.0,0.0,0.0,0.0,0.0,0.0
15:14:47,0.0,0.0,0.0,0.0,0.0,0.0
15:14:47,0.0,0.0,0.0,0.0,0.0,0.0
15:14:47,0.0,0.0,0.0,0.0,0.0,0.0
15:14:47,0.0,0.0,0.0,0.0,0.0,0.0
15:14:47,0.0,0.0,0.0,0.0,0.0,0.0
15:14:47,0.0,0.0,0.0,0.0,0.0,0.0
15:14:48,0.0,0.0,0.0,0.0,0.0,0.0
15:14:48,0.0,0.0,0.0,0.0,0.0,0.0
15:14:48,0.0,0.0,0.0,0.0,0.0,0.0
15:14:48,0.0,0.0,0.0,0.0,0.0,0.0
15:14:48,0.0,0.0,0.0,0.0,0.0,0.0
15:14:48,0.0,0.0,0.0,0.0,0.0,0.0
15:14:48,0.0,0.0,0.0,0.0,0.0,0.0
15:14:48,0.0,0.0,0.0,0.0,0.0,0.0
15:14:48,0.0,0.0,0.0,0.0,0.0,0.0
15:14:49,0.0,0.0,0.0,0.0,0.0,0.0
15:14:49,0.0,0.0,0.0,0.0,0.0,0.0
15:14:49,0.0,0.0,0.0,0.0,0.0,0.0
15:14:49,0.0,0.0,0.0,0.0,0.0,0.0
15:14:49,0.0,0.0,0.0,0.0,0.0,0.0
15:14:49,0.0,0.0,0.0,0.0,0.0,0.0
15:14:49,0.0,0.0,0.0,0.0,0.0,0.0
15:14:49,0.0,0.0,0.0,0.0,0.0,0.0
15:14:49,0.0,0.0,0.0,0.0,0.0,0.0
15:14:50,0.0,0.0,0.0,0.0,0.0,0.0
15:14:50,0.0,0.0,0.0,0.0,0.0,0.0
15:14:50,0.0,0.0,0.0,0.0,0.0,0.0
15:14:50,0.0,0.0,0.0,0.0,0.0,0.0
15:14:50,0.0,0.0,0.0,0.0,0.0,0.0
15:14:50,0.0,0.0,0.0,0.0,0.0,0.0
15:14:50,0.0,0.0,0.0,0.0,0.0,0.0
15:14:50,0.0,0.0,0.0,0.0,0.0,0.0
15:14:51,0.0,0.0,0.0,0.0,0.0,0.0
15:14:51,0.0,0.0,0.0,0.0,0.0,0.0
15:14:51,0.0,0.0,0.0,0.0,0.0,0.0
15:14:51,0.0,0.0,0.0,0.0,0.0,0.0
15:14:51,0.0,0.0,0.0,0.0,0.0,0.0
15:14:51,0.0,0.0,0.0,0.0,0.0,0.0
15:14:51,0.0,0.0,0.0,0.0,0.0,0.0
15:14:51,0.0,0.0,0.0,0.0,0.0,0.0
15:14:52,0.0,0.0,0.0,0.0,0.0,0.0
15:14:52,0.0,0.0,0.0,0.0,0.0,0.0
15:14:52,0.0,0.0,0.0,0.0,0.0,0.0
15:14:52,0.0,0.0,0.0,0.0,0.0,0.0
15:14:52,0.0,0.0,0.0,0.0,0.0,0.0
15:14:52,0.0,0.0,0.0,0.0,0.0,0.0
15:14:52,0.0,0.0,0.0,0.0,0.0,0.0
15:14:52,0.0,0.0,0.0,0.0,0.0,0.0
15:14:53,0.0,0.0,0.0,0.0,0.0,0.0
15:14:53,0.0,0.0,0.0,0.0,0.0,0.0
15:14:53,0.0,0.0,0.0,0.0,0.0,0.0
15:14:53,0.0,0.0,0.0,0.0,0.0,0.0
15:14:53,0.0,0.0,0.0,0.0,0.0,0.0
15:14:53,0.0,0.0,0.0,0.0,0.0,0.0
15:14:53,0.0,0.0,0.0,0.0,0.0,0.0
15:14:53,0.0,0.0,0.0,0.0,0.0,0.0
15:14:53,0.0,0.0,0.0,0.0,0.0,0.0
15:14:54,0.0,0.0,0.0,0.0,0.0,0.0
15:14:54,0.0,0.0,0.0,0.0,0.0,0.0
15:14:54,0.0,0.0,0.0,0.0,0.0,0.0
15:14:54,0.0,0.0,0.0,0.0,0.0,0.0
15:14:54,0.0,0.0,0.0,0.0,0.0,0.0
15:14:54,0.0,0.0,0.0,0.0,0.0,0.0
15:14:54,0.0,0.0,0.0,0.0,0.0,0.0
15:14:54,0.0,0.0,0.0,0.0,0.0,0.0
15:14:54,0.0,0.0,0.0,0.0,0.0,0.0
15:14:55,0.0,0.0,0.0,0.0,0.0,0.0
15:14:55,0.0,0.0,0.0,0.0,0.0,0.0
15:14:55,0.0,0.0,0.0,0.0,0.0,0.0
15:14:55,0.0,0.0,0.0,0.0,0.0,0.0
15:14:55,0.0,0.0,0.0,0.0,0.0,0.0
15:14:55,0.0,0.0,0.0,0.0,0.0,0.0
15:14:55,0.0,0.0,0.0,0.0,0.0,0.0
15:14:55,0.0,0.0,0.0,0.0,0.0,0.0
15:14:55,0.0,0.0,0.0,0.0,0.0,0.0
15:14:56,0.0,0.0,0.0,0.0,0.0,0.0
15:14:56,0.0,0.0,0.0,0.0,0.0,0.0
15:14:56,0.0,0.0,0.0,0.0,0.0,0.0
15:14:56,0.0,0.0,0.0,0.0,0.0,0.0
15:14:56,0.0,0.0,0.0,0.0,0.0,0.0
15:14:56,0.0,0.0,0.0,0.0,0.0,0.0
15:14:56,0.0,0.0,0.0,0.0,0.0,0.0
15:14:56,0.0,0.0,0.0,0.0,0.0,0.0
15:14:56,0.0,0.0,0.0,0.0,0.0,0.0
15:14:57,0.0,0.0,0.0,0.0,0.0,0.0
15:14:57,0.0,0.0,0.0,0.0,0.0,0.0
15:14:57,0.0,0.0,0.0,0.0,0.0,0.0
15:14:57,0.0,0.0,0.0,0.0,0.0,0.0
15:14:57,0.0,0.0,0.0,0.0,0.0,0.0
15:14:57,0.0,0.0,0.0,0.0,0.0,0.0
15:14:57,0.0,0.0,0.0,0.0,0.0,0.0
15:14:57,0.0,0.0,0.0,0.0,0.0,0.0
15:14:57,0.0,0.0,0.0,0.0,0.0,0.0
15:14:58,0.0,0.0,0.0,0.0,0.0,0.0
15:14:58,0.0,0.0,0.0,0.0,0.0,0.0
15:14:58,0.0,0.0,0.0,0.0,0.0,0.0
15:14:58,0.0,0.0,0.0,0.0,0.0,0.0
15:14:58,0.0,0.0,0.0,0.0,0.0,0.0
15:14:58,0.0,0.0,0.0,0.0,0.0,0.0
15:14:58,0.0,0.0,0.0,0.0,0.0,0.0
15:14:58,0.0,0.0,0.0,0.0,0.0,0.0
15:14:58,0.0,0.0,0.0,0.0,0.0,0.0
15:14:59,0.0,0.0,0.0,0.0,0.0,0.0
15:14:59,0.0,0.0,0.0,0.0,0.0,0.0
15:14:59,0.0,0.0,0.0,0.0,0.0,0.0
15:14:59,0.0,0.0,0.0,0.0,0.0,0.0
15:14:59,0.0,0.0,0.0,0.0,0.0,0.0
15:14:59,0.0,0.0,0.0,0.0,0.0,0.0
15:14:59,0.0,0.0,0.0,0.0,0.0,0.0
15:14:59,0.0,0.0,0.0,0.0,0.0,0.0
15:14:59,0.0,0.0,0.0,0.0,0.0,0.0
15:15:00,0.0,0.0,0.0,0.0,0.0,0.0
15:15:00,0.0,0.0,0.0,0.0,0.0,0.0
15:15:00,0.0,0.0,0.0,0.0,0.0,0.0
15:15:00,0.0,0.0,0.0,0.0,0.0,0.0
15:15:00,0.0,0.0,0.0,0.0,0.0,0.0
15:15:00,0.0,0.0,0.0,0.0,0.0,0.0
15:15:00,0.0,0.0,0.0,0.0,0.0,0.0
15:15:00,0.0,0.0,0.0,0.0,0.0,0.0
15:15:00,0.0,0.0,0.0,0.0,0.0,0.0
15:15:01,0.0,0.0,0.0,0.0,0.0,0.0
15:15:01,0.0,0.0,0.0,0.0,0.0,0.0
15:15:01,0.0,0.0,0.0,0.0,0.0,0.0
15:15:01,0.0,0.0,0.0,0.0,0.0,0.0
15:15:01,0.0,0.0,0.0,0.0,0.0,0.0
15:15:01,0.0,0.0,0.0,0.0,0.0,0.0
15:15:01,0.0,0.0,0.0,0.0,0.0,0.0
15:15:01,0.0,0.0,0.0,0.0,0.0,0.0
15:15:01,0.0,0.0,0.0,0.0,0.0,0.0
15:15:02,0.0,0.0,0.0,0.0,0.0,0.0
15:15:02,0.0,0.0,0.0,0.0,0.0,0.0
15:15:02,0.0,0.0,0.0,0.0,0.0,0.0
15:15:02,0.0,0.0,0.0,0.0,0.0,0.0
15:15:02,0.0,0.0,0.0,0.0,0.0,0.0
15:15:02,0.0,0.0,0.0,0.0,0.0,0.0
15:15:02,0.0,0.0,0.0,0.0,0.0,0.0
15:15:02,0.0,0.0,0.0,0.0,0.0,0.0
15:15:02,0.0,0.0,0.0,0.0,0.0,0.0
15:15:03,0.0,0.0,0.0,0.0,0.0,0.0
15:15:03,0.0,0.0,0.0,0.0,0.0,0.0
15:15:03,0.0,0.0,0.0,0.0,0.0,0.0
15:15:03,0.0,0.0,0.0,0.0,0.0,0.0
15:15:03,0.0,0.0,0.0,0.0,0.0,0.0
15:15:03,0.0,0.0,0.0,0.0,0.0,0.0
15:15:03,0.0,0.0,0.0,0.0,0.0,0.0
15:15:03,0.0,0.0,0.0,0.0,0.0,0.0
15:15:04,0.0,0.0,0.0,0.0,0.0,0.0
15:15:04,0.0,0.0,0.0,0.0,0.0,0.0
15:15:04,0.0,0.0,0.0,0.0,0.0,0.0
15:15:04,0.0,0.0,0.0,0.0,0.0,0.0
15:15:04,0.0,0.0,0.0,0.0,0.0,0.0
15:15:04,0.0,0.0,0.0,0.0,0.0,0.0
15:15:04,0.0,0.0,0.0,0.0,0.0,0.0
15:15:04,0.0,0.0,0.0,0.0,0.0,0.0
15:15:05,0.0,0.0,0.0,0.0,0.0,0.0
15:15:05,0.0,0.0,0.0,0.0,0.0,0.0
15:15:05,0.0,0.0,0.0,0.0,0.0,0.0
15:15:05,0.0,0.0,0.0,0.0,0.0,0.0
15:15:05,0.0,0.0,0.0,0.0,0.0,0.0
15:15:05,0.0,0.0,0.0,0.0,0.0,0.0
15:15:05,0.0,0.0,0.0,0.0,0.0,0.0
15:15:05,0.0,0.0,0.0,0.0,0.0,0.0
15:15:05,0.0,0.0,0.0,0.0,0.0,0.0
15:15:06,0.0,0.0,0.0,0.0,0.0,0.0
15:15:06,0.0,0.0,0.0,0.0,0.0,0.0
15:15:06,0.0,0.0,0.0,0.0,0.0,0.0
15:15:06,0.0,0.0,0.0,0.0,0.0,0.0
15:15:06,0.0,0.0,0.0,0.0,0.0,0.0
15:15:06,0.0,0.0,0.0,0.0,0.0,0.0
15:15:06,0.0,0.0,0.0,0.0,0.0,0.0
15:15:06,0.0,0.0,0.0,0.0,0.0,0.0
15:15:06,0.0,0.0,0.0,0.0,0.0,0.0
15:15:07,0.0,0.0,0.0,0.0,0.0,0.0
15:15:07,0.0,0.0,0.0,0.0,0.0,0.0
15:15:07,0.0,0.0,0.0,0.0,0.0,0.0
15:15:07,0.0,0.0,0.0,0.0,0.0,0.0
15:15:07,0.0,0.0,0.0,0.0,0.0,0.0
15:15:07,0.0,0.0,0.0,0.0,0.0,0.0
15:15:07,0.0,0.0,0.0,0.0,0.0,0.0
15:15:07,0.0,0.0,0.0,0.0,0.0,0.0
15:15:07,0.0,0.0,0.0,0.0,0.0,0.0
15:15:08,0.0,0.0,0.0,0.0,0.0,0.0
15:15:08,0.0,0.0,0.0,0.0,0.0,0.0
15:15:08,0.0,0.0,0.0,0.0,0.0,0.0
15:15:08,0.0,0.0,0.0,0.0,0.0,0.0
15:15:08,0.0,0.0,0.0,0.0,0.0,0.0
15:15:08,0.0,0.0,0.0,0.0,0.0,0.0
15:15:08,0.0,0.0,0.0,0.0,0.0,0.0
15:15:08,0.0,0.0,0.0,0.0,0.0,0.0
15:15:08,0.0,0.0,0.0,0.0,0.0,0.0
15:15:09,0.0,0.0,0.0,0.0,0.0,0.0
15:15:09,0.0,0.0,0.0,0.0,0.0,0.0
15:15:09,0.0,0.0,0.0,0.0,0.0,0.0
15:15:09,0.0,0.0,0.0,0.0,0.0,0.0
15:15:09,0.0,0.0,0.0,0.0,0.0,0.0
15:15:09,0.0,0.0,0.0,0.0,0.0,0.0
15:15:09,0.0,0.0,0.0,0.0,0.0,0.0
15:15:09,0.0,0.0,0.0,0.0,0.0,0.0
15:15:10,0.0,0.0,0.0,0.0,0.0,0.0
15:15:10,0.0,0.0,0.0,0.0,0.0,0.0
15:15:10,0.0,0.0,0.0,0.0,0.0,0.0
15:15:10,0.0,0.0,0.0,0.0,0.0,0.0
15:15:10,0.0,0.0,0.0,0.0,0.0,0.0
15:15:10,0.0,0.0,0.0,0.0,0.0,0.0
15:15:10,0.0,0.0,0.0,0.0,0.0,0.0
15:15:10,0.0,0.0,0.0,0.0,0.0,0.0
15:15:10,0.0,0.0,0.0,0.0,0.0,0.0
15:15:11,0.0,0.0,0.0,0.0,0.0,0.0
15:15:11,0.0,0.0,0.0,0.0,0.0,0.0
15:15:11,0.0,0.0,0.0,0.0,0.0,0.0
15:15:11,0.0,0.0,0.0,0.0,0.0,0.0
15:15:11,0.0,0.0,0.0,0.0,0.0,0.0
15:15:11,0.0,0.0,0.0,0.0,0.0,0.0
15:15:11,0.0,0.0,0.0,0.0,0.0,0.0
15:15:11,0.0,0.0,0.0,0.0,0.0,0.0
15:15:12,0.0,0.0,0.0,0.0,0.0,0.0
15:15:12,0.0,0.0,0.0,0.0,0.0,0.0
15:15:12,0.0,0.0,0.0,0.0,0.0,0.0
15:15:12,0.0,0.0,0.0,0.0,0.0,0.0
15:15:12,0.0,0.0,0.0,0.0,0.0,0.0
15:15:12,0.0,0.0,0.0,0.0,0.0,0.0
15:15:12,0.0,0.0,0.0,0.0,0.0,0.0
15:15:12,0.0,0.0,0.0,0.0,0.0,0.0
15:15:12,0.0,0.0,0.0,0.0,0.0,0.0
15:15:13,0.0,0.0,0.0,0.0,0.0,0.0
15:15:13,0.0,0.0,0.0,0.0,0.0,0.0
15:15:13,0.0,0.0,0.0,0.0,0.0,0.0
15:15:13,0.0,0.0,0.0,0.0,0.0,0.0
15:15:13,0.0,0.0,0.0,0.0,0.0,0.0
15:15:13,0.0,0.0,0.0,0.0,0.0,0.0
15:15:13,0.0,0.0,0.0,0.0,0.0,0.0
15:15:13,0.0,0.0,0.0,0.0,0.0,0.0
15:15:14,0.0,0.0,0.0,0.0,0.0,0.0
15:15:14,0.0,0.0,0.0,0.0,0.0,0.0
15:15:14,0.0,0.0,0.0,0.0,0.0,0.0
15:15:14,0.0,0.0,0.0,0.0,0.0,0.0
15:15:14,0.0,0.0,0.0,0.0,0.0,0.0
15:15:14,0.0,0.0,0.0,0.0,0.0,0.0
15:15:14,0.0,0.0,0.0,0.0,0.0,0.0
15:15:14,0.0,0.0,0.0,0.0,0.0,0.0
15:15:15,0.0,0.0,0.0,0.0,0.0,0.0
15:15:15,0.0,0.0,0.0,0.0,0.0,0.0
15:15:15,0.0,0.0,0.0,0.0,0.0,0.0
15:15:15,0.0,0.0,0.0,0.0,0.0,0.0
15:15:15,0.0,0.0,0.0,0.0,0.0,0.0
15:15:15,0.0,0.0,0.0,0.0,0.0,0.0
15:15:15,0.0,0.0,0.0,0.0,0.0,0.0
15:15:15,0.0,0.0,0.0,0.0,0.0,0.0
15:15:16,0.0,0.0,0.0,0.0,0.0,0.0
15:15:16,0.0,0.0,0.0,0.0,0.0,0.0
15:15:16,0.0,0.0,0.0,0.0,0.0,0.0
15:15:16,0.0,0.0,0.0,0.0,0.0,0.0
15:15:16,0.0,0.0,0.0,0.0,0.0,0.0
15:15:16,0.0,0.0,0.0,0.0,0.0,0.0
15:15:16,0.0,0.0,0.0,0.0,0.0,0.0
15:15:16,0.0,0.0,0.0,0.0,0.0,0.0
15:15:16,0.0,0.0,0.0,0.0,0.0,0.0
15:15:17,0.0,0.0,0.0,0.0,0.0,0.0
15:15:17,0.0,0.0,0.0,0.0,0.0,0.0
15:15:17,0.0,0.0,0.0,0.0,0.0,0.0
15:15:17,0.0,0.0,0.0,0.0,0.0,0.0
15:15:17,0.0,0.0,0.0,0.0,0.0,0.0
15:15:17,0.0,0.0,0.0,0.0,0.0,0.0
15:15:17,0.0,0.0,0.0,0.0,0.0,0.0
15:15:17,0.0,0.0,0.0,0.0,0.0,0.0
15:15:18,0.0,0.0,0.0,0.0,0.0,0.0
15:15:18,0.0,0.0,0.0,0.0,0.0,0.0
15:15:18,0.0,0.0,0.0,0.0,0.0,0.0
15:15:18,0.0,0.0,0.0,0.0,0.0,0.0
15:15:18,0.0,0.0,0.0,0.0,0.0,0.0
15:15:18,0.0,0.0,0.0,0.0,0.0,0.0
15:15:18,0.0,0.0,0.0,0.0,0.0,0.0
15:15:18,0.0,0.0,0.0,0.0,0.0,0.0
15:15:18,0.0,0.0,0.0,0.0,0.0,0.0
15:15:19,0.0,0.0,0.0,0.0,0.0,0.0
15:15:19,0.0,0.0,0.0,0.0,0.0,0.0
15:15:19,0.0,0.0,0.0,0.0,0.0,0.0
15:15:19,0.0,0.0,0.0,0.0,0.0,0.0
15:15:19,0.0,0.0,0.0,0.0,0.0,0.0
15:15:19,0.0,0.0,0.0,0.0,0.0,0.0
15:15:19,0.0,0.0,0.0,0.0,0.0,0.0
15:15:19,0.0,0.0,0.0,0.0,0.0,0.0
15:15:19,0.0,0.0,0.0,0.0,0.0,0.0
15:15:20,0.0,0.0,0.0,0.0,0.0,0.0
15:15:20,0.0,0.0,0.0,0.0,0.0,0.0
15:15:20,0.0,0.0,0.0,0.0,0.0,0.0
15:15:20,0.0,0.0,0.0,0.0,0.0,0.0
15:15:20,0.0,0.0,0.0,0.0,0.0,0.0
15:15:20,0.0,0.0,0.0,0.0,0.0,0.0
15:15:20,0.0,0.0,0.0,0.0,0.0,0.0
15:15:20,0.0,0.0,0.0,0.0,0.0,0.0
15:15:20,0.0,0.0,0.0,0.0,0.0,0.0
15:15:21,0.0,0.0,0.0,0.0,0.0,0.0
15:15:21,0.0,0.0,0.0,0.0,0.0,0.0
15:15:21,0.0,0.0,0.0,0.0,0.0,0.0
15:15:21,0.0,0.0,0.0,0.0,0.0,0.0
15:15:21,0.0,0.0,0.0,0.0,0.0,0.0
15:15:21,0.0,0.0,0.0,0.0,0.0,0.0
15:15:21,0.0,0.0,0.0,0.0,0.0,0.0
15:15:21,0.0,0.0,0.0,0.0,0.0,0.0
15:15:21,0.0,0.0,0.0,0.0,0.0,0.0
15:15:22,0.0,0.0,0.0,0.0,0.0,0.0
15:15:22,0.0,0.0,0.0,0.0,0.0,0.0
15:15:22,0.0,0.0,0.0,0.0,0.0,0.0
15:15:22,0.0,0.0,0.0,0.0,0.0,0.0
15:15:22,0.0,0.0,0.0,0.0,0.0,0.0
15:15:22,0.0,0.0,0.0,0.0,0.0,0.0
15:15:22,0.0,0.0,0.0,0.0,0.0,0.0
15:15:22,0.0,0.0,0.0,0.0,0.0,0.0
15:15:22,0.0,0.0,0.0,0.0,0.0,0.0
15:15:23,0.0,0.0,0.0,0.0,0.0,0.0
15:15:23,0.0,0.0,0.0,0.0,0.0,0.0
15:15:23,0.0,0.0,0.0,0.0,0.0,0.0
15:15:23,0.0,0.0,0.0,0.0,0.0,0.0
15:15:23,0.0,0.0,0.0,0.0,0.0,0.0
15:15:23,0.0,0.0,0.0,0.0,0.0,0.0
15:15:23,0.0,0.0,0.0,0.0,0.0,0.0
15:15:23,0.0,0.0,0.0,0.0,0.0,0.0
15:15:23,0.0,0.0,0.0,0.0,0.0,0.0
15:15:24,0.0,0.0,0.0,0.0,0.0,0.0
15:15:24,0.0,0.0,0.0,0.0,0.0,0.0
15:15:24,0.0,0.0,0.0,0.0,0.0,0.0
15:15:24,0.0,0.0,0.0,0.0,0.0,0.0
15:15:24,0.0,0.0,0.0,0.0,0.0,0.0
15:15:24,0.0,0.0,0.0,0.0,0.0,0.0
15:15:24,0.0,0.0,0.0,0.0,0.0,0.0
15:15:24,0.0,0.0,0.0,0.0,0.0,0.0
15:15:24,0.0,0.0,0.0,0.0,0.0,0.0
15:15:25,0.0,0.0,0.0,0.0,0.0,0.0
15:15:25,0.0,0.0,0.0,0.0,0.0,0.0
15:15:25,0.0,0.0,0.0,0.0,0.0,0.0
15:15:25,0.0,0.0,0.0,0.0,0.0,0.0
15:15:25,0.0,0.0,0.0,0.0,0.0,0.0
15:15:25,0.0,0.0,0.0,0.0,0.0,0.0
15:15:25,0.0,0.0,0.0,0.0,0.0,0.0
15:15:25,0.0,0.0,0.0,0.0,0.0,0.0
15:15:25,0.0,0.0,0.0,0.0,0.0,0.0
15:15:26,0.0,0.0,0.0,0.0,0.0,0.0
15:15:26,0.0,0.0,0.0,0.0,0.0,0.0
15:15:26,0.0,0.0,0.0,0.0,0.0,0.0
15:15:26,0.0,0.0,0.0,0.0,0.0,0.0
15:15:26,0.0,0.0,0.0,0.0,0.0,0.0
15:15:26,0.0,0.0,0.0,0.0,0.0,0.0
15:15:26,0.0,0.0,0.0,0.0,0.0,0.0
15:15:26,0.0,0.0,0.0,0.0,0.0,0.0
15:15:26,0.0,0.0,0.0,0.0,0.0,0.0
15:15:27,0.0,0.0,0.0,0.0,0.0,0.0
15:15:27,0.0,0.0,0.0,0.0,0.0,0.0
15:15:27,0.0,0.0,0.0,0.0,0.0,0.0
15:15:27,0.0,0.0,0.0,0.0,0.0,0.0
15:15:27,0.0,0.0,0.0,0.0,0.0,0.0
15:15:27,0.0,0.0,0.0,0.0,0.0,0.0
15:15:27,0.0,0.0,0.0,0.0,0.0,0.0
15:15:27,0.0,0.0,0.0,0.0,0.0,0.0
15:15:28,0.0,0.0,0.0,0.0,0.0,0.0
15:15:28,0.0,0.0,0.0,0.0,0.0,0.0
15:15:28,0.0,0.0,0.0,0.0,0.0,0.0
15:15:28,0.0,0.0,0.0,0.0,0.0,0.0
15:15:28,0.0,0.0,0.0,0.0,0.0,0.0
15:15:28,0.0,0.0,0.0,0.0,0.0,0.0
15:15:28,0.0,0.0,0.0,0.0,0.0,0.0
15:15:28,0.0,0.0,0.0,0.0,0.0,0.0
15:15:29,0.0,0.0,0.0,0.0,0.0,0.0
15:15:29,0.0,0.0,0.0,0.0,0.0,0.0
15:15:29,0.0,0.0,0.0,0.0,0.0,0.0
15:15:29,0.0,0.0,0.0,0.0,0.0,0.0
15:15:29,0.0,0.0,0.0,0.0,0.0,0.0
15:15:29,0.0,0.0,0.0,0.0,0.0,0.0
15:15:29,0.0,0.0,0.0,0.0,0.0,0.0
15:15:30,0.0,0.0,0.0,0.0,0.0,0.0
15:15:30,0.0,0.0,0.0,0.0,0.0,0.0
15:15:30,0.0,0.0,0.0,0.0,0.0,0.0
15:15:30,0.0,0.0,0.0,0.0,0.0,0.0
15:15:30,0.0,0.0,0.0,0.0,0.0,0.0
15:15:30,0.0,0.0,0.0,0.0,0.0,0.0
15:15:30,0.0,0.0,0.0,0.0,0.0,0.0
15:15:30,0.0,0.0,0.0,0.0,0.0,0.0
15:15:30,0.0,0.0,0.0,0.0,0.0,0.0
15:15:31,0.0,0.0,0.0,0.0,0.0,0.0
15:15:31,0.0,0.0,0.0,0.0,0.0,0.0
15:15:31,0.0,0.0,0.0,0.0,0.0,0.0
15:15:31,0.0,0.0,0.0,0.0,0.0,0.0
15:15:31,0.0,0.0,0.0,0.0,0.0,0.0
15:15:31,0.0,0.0,0.0,0.0,0.0,0.0
15:15:31,0.0,0.0,0.0,0.0,0.0,0.0
15:15:31,0.0,0.0,0.0,0.0,0.0,0.0
15:15:31,0.0,0.0,0.0,0.0,0.0,0.0
15:15:32,0.0,0.0,0.0,0.0,0.0,0.0
15:15:32,0.0,0.0,0.0,0.0,0.0,0.0
15:15:32,0.0,0.0,0.0,0.0,0.0,0.0
15:15:32,0.0,0.0,0.0,0.0,0.0,0.0
15:15:32,0.0,0.0,0.0,0.0,0.0,0.0
15:15:32,0.0,0.0,0.0,0.0,0.0,0.0
15:15:32,0.0,0.0,0.0,0.0,0.0,0.0
15:15:32,0.0,0.0,0.0,0.0,0.0,0.0
15:15:32,0.0,0.0,0.0,0.0,0.0,0.0
15:15:33,0.0,0.0,0.0,0.0,0.0,0.0
15:15:33,0.0,0.0,0.0,0.0,0.0,0.0
15:15:33,0.0,0.0,0.0,0.0,0.0,0.0
15:15:33,0.0,0.0,0.0,0.0,0.0,0.0
15:15:33,0.0,0.0,0.0,0.0,0.0,0.0
15:15:33,0.0,0.0,0.0,0.0,0.0,0.0
15:15:33,0.0,0.0,0.0,0.0,0.0,0.0
15:15:33,0.0,0.0,0.0,0.0,0.0,0.0
15:15:33,0.0,0.0,0.0,0.0,0.0,0.0
15:15:34,0.0,0.0,0.0,0.0,0.0,0.0
15:15:34,0.0,0.0,0.0,0.0,0.0,0.0
15:15:34,0.0,0.0,0.0,0.0,0.0,0.0
15:15:34,0.0,0.0,0.0,0.0,0.0,0.0
15:15:34,0.0,0.0,0.0,0.0,0.0,0.0
15:15:34,0.0,0.0,0.0,0.0,0.0,0.0
15:15:34,0.0,0.0,0.0,0.0,0.0,0.0
15:15:34,0.0,0.0,0.0,0.0,0.0,0.0
15:15:35,0.0,0.0,0.0,0.0,0.0,0.0
15:15:35,0.0,0.0,0.0,0.0,0.0,0.0
15:15:35,0.0,0.0,0.0,0.0,0.0,0.0
15:15:35,0.0,0.0,0.0,0.0,0.0,0.0
15:15:35,0.0,0.0,0.0,0.0,0.0,0.0
15:15:35,0.0,0.0,0.0,0.0,0.0,0.0
15:15:35,0.0,0.0,0.0,0.0,0.0,0.0
15:15:35,0.0,0.0,0.0,0.0,0.0,0.0
15:15:35,0.0,0.0,0.0,0.0,0.0,0.0
15:15:36,0.0,0.0,0.0,0.0,0.0,0.0
15:15:36,0.0,0.0,0.0,0.0,0.0,0.0
15:15:36,0.0,0.0,0.0,0.0,0.0,0.0
15:15:36,0.0,0.0,0.0,0.0,0.0,0.0
15:15:36,0.0,0.0,0.0,0.0,0.0,0.0
15:15:36,0.0,0.0,0.0,0.0,0.0,0.0
15:15:36,0.0,0.0,0.0,0.0,0.0,0.0
15:15:36,0.0,0.0,0.0,0.0,0.0,0.0
15:15:36,0.0,0.0,0.0,0.0,0.0,0.0
15:15:37,0.0,0.0,0.0,0.0,0.0,0.0
15:15:37,0.0,0.0,0.0,0.0,0.0,0.0
15:15:37,0.0,0.0,0.0,0.0,0.0,0.0
15:15:37,0.0,0.0,0.0,0.0,0.0,0.0
15:15:37,0.0,0.0,0.0,0.0,0.0,0.0
15:15:37,0.0,0.0,0.0,0.0,0.0,0.0
15:15:37,0.0,0.0,0.0,0.0,0.0,0.0
15:15:37,0.0,0.0,0.0,0.0,0.0,0.0
15:15:37,0.0,0.0,0.0,0.0,0.0,0.0
15:15:38,0.0,0.0,0.0,0.0,0.0,0.0
15:15:38,0.0,0.0,0.0,0.0,0.0,0.0
15:15:38,0.0,0.0,0.0,0.0,0.0,0.0
15:15:38,0.0,0.0,0.0,0.0,0.0,0.0
15:15:38,0.0,0.0,0.0,0.0,0.0,0.0
15:15:38,0.0,0.0,0.0,0.0,0.0,0.0
15:15:38,0.0,0.0,0.0,0.0,0.0,0.0
15:15:38,0.0,0.0,0.0,0.0,0.0,0.0
15:15:38,0.0,0.0,0.0,0.0,0.0,0.0
15:15:39,0.0,0.0,0.0,0.0,0.0,0.0
15:15:39,0.0,0.0,0.0,0.0,0.0,0.0
15:15:39,0.0,0.0,0.0,0.0,0.0,0.0
15:15:39,0.0,0.0,0.0,0.0,0.0,0.0
15:15:39,0.0,0.0,0.0,0.0,0.0,0.0
15:15:39,0.0,0.0,0.0,0.0,0.0,0.0
15:15:39,0.0,0.0,0.0,0.0,0.0,0.0
15:15:39,0.0,0.0,0.0,0.0,0.0,0.0
15:15:39,0.0,0.0,0.0,0.0,0.0,0.0
15:15:40,0.0,0.0,0.0,0.0,0.0,0.0
15:15:40,0.0,0.0,0.0,0.0,0.0,0.0
15:15:40,0.0,0.0,0.0,0.0,0.0,0.0
15:15:40,0.0,0.0,0.0,0.0,0.0,0.0
15:15:40,0.0,0.0,0.0,0.0,0.0,0.0
15:15:40,0.0,0.0,0.0,0.0,0.0,0.0
15:15:40,0.0,0.0,0.0,0.0,0.0,0.0
15:15:40,0.0,0.0,0.0,0.0,0.0,0.0
15:15:41,0.0,0.0,0.0,0.0,0.0,0.0
15:15:41,0.0,0.0,0.0,0.0,0.0,0.0
15:15:41,0.0,0.0,0.0,0.0,0.0,0.0
15:15:41,0.0,0.0,0.0,0.0,0.0,0.0
15:15:41,0.0,0.0,0.0,0.0,0.0,0.0
15:15:41,0.0,0.0,0.0,0.0,0.0,0.0
15:15:41,0.0,0.0,0.0,0.0,0.0,0.0
15:15:41,0.0,0.0,0.0,0.0,0.0,0.0
15:15:42,0.0,0.0,0.0,0.0,0.0,0.0
15:15:42,0.0,0.0,0.0,0.0,0.0,0.0
15:15:42,0.0,0.0,0.0,0.0,0.0,0.0
15:15:42,0.0,0.0,0.0,0.0,0.0,0.0
15:15:42,0.0,0.0,0.0,0.0,0.0,0.0
15:15:42,0.0,0.0,0.0,0.0,0.0,0.0
15:15:42,0.0,0.0,0.0,0.0,0.0,0.0
15:15:42,0.0,0.0,0.0,0.0,0.0,0.0
15:15:42,0.0,0.0,0.0,0.0,0.0,0.0
15:15:43,0.0,0.0,0.0,0.0,0.0,0.0
15:15:43,0.0,0.0,0.0,0.0,0.0,0.0
15:15:43,0.0,0.0,0.0,0.0,0.0,0.0
15:15:43,0.0,0.0,0.0,0.0,0.0,0.0
15:15:43,0.0,0.0,0.0,0.0,0.0,0.0
15:15:43,0.0,0.0,0.0,0.0,0.0,0.0
15:15:43,0.0,0.0,0.0,0.0,0.0,0.0
15:15:43,0.0,0.0,0.0,0.0,0.0,0.0
15:15:43,0.0,0.0,0.0,0.0,0.0,0.0
15:15:44,0.0,0.0,0.0,0.0,0.0,0.0
15:15:44,0.0,0.0,0.0,0.0,0.0,0.0
15:15:44,0.0,0.0,0.0,0.0,0.0,0.0
15:15:44,0.0,0.0,0.0,0.0,0.0,0.0
15:15:44,0.0,0.0,0.0,0.0,0.0,0.0
15:15:44,0.0,0.0,0.0,0.0,0.0,0.0
15:15:44,0.0,0.0,0.0,0.0,0.0,0.0
15:15:44,0.0,0.0,0.0,0.0,0.0,0.0
15:15:44,0.0,0.0,0.0,0.0,0.0,0.0
15:15:45,0.0,0.0,0.0,0.0,0.0,0.0
15:15:45,0.0,0.0,0.0,0.0,0.0,0.0
15:15:45,0.0,0.0,0.0,0.0,0.0,0.0
15:15:45,0.0,0.0,0.0,0.0,0.0,0.0
15:15:45,0.0,0.0,0.0,0.0,0.0,0.0
15:15:45,0.0,0.0,0.0,0.0,0.0,0.0
15:15:45,0.0,0.0,0.0,0.0,0.0,0.0
15:15:45,0.0,0.0,0.0,0.0,0.0,0.0
15:15:45,0.0,0.0,0.0,0.0,0.0,0.0
15:15:46,0.0,0.0,0.0,0.0,0.0,0.0
15:15:46,0.0,0.0,0.0,0.0,0.0,0.0
15:15:46,0.0,0.0,0.0,0.0,0.0,0.0
15:15:46,0.0,0.0,0.0,0.0,0.0,0.0
15:15:46,0.0,0.0,0.0,0.0,0.0,0.0
15:15:46,0.0,0.0,0.0,0.0,0.0,0.0
15:15:46,0.0,0.0,0.0,0.0,0.0,0.0
15:15:46,0.0,0.0,0.0,0.0,0.0,0.0
15:15:46,0.0,0.0,0.0,0.0,0.0,0.0
15:15:47,0.0,0.0,0.0,0.0,0.0,0.0
15:15:47,0.0,0.0,0.0,0.0,0.0,0.0
15:15:47,0.0,0.0,0.0,0.0,0.0,0.0
15:15:47,0.0,0.0,0.0,0.0,0.0,0.0
15:15:47,0.0,0.0,0.0,0.0,0.0,0.0
15:15:47,0.0,0.0,0.0,0.0,0.0,0.0
15:15:47,0.0,0.0,0.0,0.0,0.0,0.0
15:15:47,0.0,0.0,0.0,0.0,0.0,0.0
15:15:47,0.0,0.0,0.0,0.0,0.0,0.0
15:15:48,0.0,0.0,0.0,0.0,0.0,0.0
15:15:48,0.0,0.0,0.0,0.0,0.0,0.0
15:15:48,0.0,0.0,0.0,0.0,0.0,0.0
15:15:48,0.0,0.0,0.0,0.0,0.0,0.0
15:15:48,0.0,0.0,0.0,0.0,0.0,0.0
15:15:48,0.0,0.0,0.0,0.0,0.0,0.0
15:15:48,0.0,0.0,0.0,0.0,0.0,0.0
15:15:48,0.0,0.0,0.0,0.0,0.0,0.0
15:15:48,0.0,0.0,0.0,0.0,0.0,0.0
15:15:49,0.0,0.0,0.0,0.0,0.0,0.0
15:15:49,0.0,0.0,0.0,0.0,0.0,0.0
15:15:49,0.0,0.0,0.0,0.0,0.0,0.0
15:15:49,0.0,0.0,0.0,0.0,0.0,0.0
15:15:49,0.0,0.0,0.0,0.0,0.0,0.0
15:15:49,0.0,0.0,0.0,0.0,0.0,0.0
15:15:49,0.0,0.0,0.0,0.0,0.0,0.0
15:15:49,0.0,0.0,0.0,0.0,0.0,0.0
15:15:50,0.0,0.0,0.0,0.0,0.0,0.0
15:15:50,0.0,0.0,0.0,0.0,0.0,0.0
15:15:50,0.0,0.0,0.0,0.0,0.0,0.0
15:15:50,0.0,0.0,0.0,0.0,0.0,0.0
15:15:50,0.0,0.0,0.0,0.0,0.0,0.0
15:15:50,0.0,0.0,0.0,0.0,0.0,0.0
15:15:50,0.0,0.0,0.0,0.0,0.0,0.0
15:15:51,0.0,0.0,0.0,0.0,0.0,0.0
15:15:51,0.0,0.0,0.0,0.0,0.0,0.0
15:15:51,0.0,0.0,0.0,0.0,0.0,0.0
15:15:51,0.0,0.0,0.0,0.0,0.0,0.0
15:15:51,0.0,0.0,0.0,0.0,0.0,0.0
15:15:51,0.0,0.0,0.0,0.0,0.0,0.0
15:15:51,0.0,0.0,0.0,0.0,0.0,0.0
15:15:51,0.0,0.0,0.0,0.0,0.0,0.0
15:15:52,0.0,0.0,0.0,0.0,0.0,0.0
15:15:52,0.0,0.0,0.0,0.0,0.0,0.0
15:15:52,0.0,0.0,0.0,0.0,0.0,0.0
15:15:52,0.0,0.0,0.0,0.0,0.0,0.0
15:15:52,0.0,0.0,0.0,0.0,0.0,0.0
15:15:52,0.0,0.0,0.0,0.0,0.0,0.0
15:15:52,0.0,0.0,0.0,0.0,0.0,0.0
15:15:53,0.0,0.0,0.0,0.0,0.0,0.0
15:15:53,0.0,0.0,0.0,0.0,0.0,0.0
15:15:53,0.0,0.0,0.0,0.0,0.0,0.0
15:15:53,0.0,0.0,0.0,0.0,0.0,0.0
15:15:53,0.0,0.0,0.0,0.0,0.0,0.0
15:15:53,0.0,0.0,0.0,0.0,0.0,0.0
15:15:54,0.0,0.0,0.0,0.0,0.0,0.0
15:15:54,0.0,0.0,0.0,0.0,0.0,0.0
15:15:54,0.0,0.0,0.0,0.0,0.0,0.0
15:15:54,0.0,0.0,0.0,0.0,0.0,0.0
15:15:54,0.0,0.0,0.0,0.0,0.0,0.0
15:15:54,0.0,0.0,0.0,0.0,0.0,0.0
15:15:54,0.0,0.0,0.0,0.0,0.0,0.0
15:15:55,0.0,0.0,0.0,0.0,0.0,0.0
15:15:55,0.0,0.0,0.0,0.0,0.0,0.0
15:15:55,0.0,0.0,0.0,0.0,0.0,0.0
15:15:55,0.0,0.0,0.0,0.0,0.0,0.0
15:15:55,0.0,0.0,0.0,0.0,0.0,0.0
15:15:55,0.0,0.0,0.0,0.0,0.0,0.0
15:15:55,0.0,0.0,0.0,0.0,0.0,0.0
15:15:56,0.0,0.0,0.0,0.0,0.0,0.0
15:15:56,0.0,0.0,0.0,0.0,0.0,0.0
15:15:56,0.0,0.0,0.0,0.0,0.0,0.0
15:15:56,0.0,0.0,0.0,0.0,0.0,0.0
15:15:56,0.0,0.0,0.0,0.0,0.0,0.0
15:15:56,0.0,0.0,0.0,0.0,0.0,0.0
15:15:56,0.0,0.0,0.0,0.0,0.0,0.0
15:15:56,0.0,0.0,0.0,0.0,0.0,0.0
15:15:57,0.0,0.0,0.0,0.0,0.0,0.0
15:15:57,0.0,0.0,0.0,0.0,0.0,0.0
15:15:57,0.0,0.0,0.0,0.0,0.0,0.0
15:15:57,0.0,0.0,0.0,0.0,0.0,0.0
15:15:57,0.0,0.0,0.0,0.0,0.0,0.0
15:15:57,0.0,0.0,0.0,0.0,0.0,0.0
15:15:57,0.0,0.0,0.0,0.0,0.0,0.0
15:15:58,0.0,0.0,0.0,0.0,0.0,0.0
15:15:58,0.0,0.0,0.0,0.0,0.0,0.0
15:15:58,0.0,0.0,0.0,0.0,0.0,0.0
15:15:58,0.0,0.0,0.0,0.0,0.0,0.0
15:15:58,0.0,0.0,0.0,0.0,0.0,0.0
15:15:58,0.0,0.0,0.0,0.0,0.0,0.0
15:15:58,0.0,0.0,0.0,0.0,0.0,0.0
15:15:58,0.0,0.0,0.0,0.0,0.0,0.0
15:15:59,0.0,0.0,0.0,0.0,0.0,0.0
15:15:59,0.0,0.0,0.0,0.0,0.0,0.0
15:15:59,0.0,0.0,0.0,0.0,0.0,0.0
15:15:59,0.0,0.0,0.0,0.0,0.0,0.0
15:15:59,0.0,0.0,0.0,0.0,0.0,0.0
15:15:59,0.0,0.0,0.0,0.0,0.0,0.0
15:15:59,0.0,0.0,0.0,0.0,0.0,0.0
15:15:59,0.0,0.0,0.0,0.0,0.0,0.0
15:16:00,0.0,0.0,0.0,0.0,0.0,0.0
15:16:00,0.0,0.0,0.0,0.0,0.0,0.0
15:16:00,0.0,0.0,0.0,0.0,0.0,0.0
15:16:00,0.0,0.0,0.0,0.0,0.0,0.0
15:16:00,0.0,0.0,0.0,0.0,0.0,0.0
15:16:00,0.0,0.0,0.0,0.0,0.0,0.0
15:16:00,0.0,0.0,0.0,0.0,0.0,0.0
15:16:00,0.0,0.0,0.0,0.0,0.0,0.0
15:16:01,0.0,0.0,0.0,0.0,0.0,0.0
15:16:01,0.0,0.0,0.0,0.0,0.0,0.0
15:16:01,0.0,0.0,0.0,0.0,0.0,0.0
15:16:01,0.0,0.0,0.0,0.0,0.0,0.0
15:16:01,0.0,0.0,0.0,0.0,0.0,0.0
15:16:01,0.0,0.0,0.0,0.0,0.0,0.0
15:16:01,0.0,0.0,0.0,0.0,0.0,0.0
15:16:01,0.0,0.0,0.0,0.0,0.0,0.0
15:16:02,0.0,0.0,0.0,0.0,0.0,0.0
15:16:02,0.0,0.0,0.0,0.0,0.0,0.0
15:16:02,0.0,0.0,0.0,0.0,0.0,0.0
15:16:02,0.0,0.0,0.0,0.0,0.0,0.0
15:16:02,0.0,0.0,0.0,0.0,0.0,0.0
15:16:02,0.0,0.0,0.0,0.0,0.0,0.0
15:16:02,0.0,0.0,0.0,0.0,0.0,0.0
15:16:03,0.0,0.0,0.0,0.0,0.0,0.0
15:16:03,0.0,0.0,0.0,0.0,0.0,0.0
15:16:03,0.0,0.0,0.0,0.0,0.0,0.0
15:16:03,0.0,0.0,0.0,0.0,0.0,0.0
15:16:03,0.0,0.0,0.0,0.0,0.0,0.0
15:16:03,0.0,0.0,0.0,0.0,0.0,0.0
15:16:03,0.0,0.0,0.0,0.0,0.0,0.0
15:16:03,0.0,0.0,0.0,0.0,0.0,0.0
15:16:03,0.0,0.0,0.0,0.0,0.0,0.0
15:16:04,0.0,0.0,0.0,0.0,0.0,0.0
15:16:04,0.0,0.0,0.0,0.0,0.0,0.0
15:16:04,0.0,0.0,0.0,0.0,0.0,0.0
15:16:04,0.0,0.0,0.0,0.0,0.0,0.0
15:16:04,0.0,0.0,0.0,0.0,0.0,0.0
15:16:04,0.0,0.0,0.0,0.0,0.0,0.0
15:16:04,0.0,0.0,0.0,0.0,0.0,0.0
15:16:04,0.0,0.0,0.0,0.0,0.0,0.0
15:16:05,0.0,0.0,0.0,0.0,0.0,0.0
15:16:05,0.0,0.0,0.0,0.0,0.0,0.0
15:16:05,0.0,0.0,0.0,0.0,0.0,0.0
15:16:05,0.0,0.0,0.0,0.0,0.0,0.0
15:16:05,0.0,0.0,0.0,0.0,0.0,0.0
15:16:05,0.0,0.0,0.0,0.0,0.0,0.0
15:16:05,0.0,0.0,0.0,0.0,0.0,0.0
15:16:05,0.0,0.0,0.0,0.0,0.0,0.0
15:16:06,0.0,0.0,0.0,0.0,0.0,0.0
15:16:06,0.0,0.0,0.0,0.0,0.0,0.0
15:16:06,0.0,0.0,0.0,0.0,0.0,0.0
15:16:06,0.0,0.0,0.0,0.0,0.0,0.0
15:16:06,0.0,0.0,0.0,0.0,0.0,0.0
15:16:06,0.0,0.0,0.0,0.0,0.0,0.0
15:16:06,0.0,0.0,0.0,0.0,0.0,0.0
15:16:06,0.0,0.0,0.0,0.0,0.0,0.0
15:16:07,0.0,0.0,0.0,0.0,0.0,0.0
15:16:07,0.0,0.0,0.0,0.0,0.0,0.0
15:16:07,0.0,0.0,0.0,0.0,0.0,0.0
15:16:07,0.0,0.0,0.0,0.0,0.0,0.0
15:16:07,0.0,0.0,0.0,0.0,0.0,0.0
15:16:07,0.0,0.0,0.0,0.0,0.0,0.0
15:16:08,0.0,0.0,0.0,0.0,0.0,0.0
15:16:08,0.0,0.0,0.0,0.0,0.0,0.0
15:16:08,0.0,0.0,0.0,0.0,0.0,0.0
15:16:08,0.0,0.0,0.0,0.0,0.0,0.0
15:16:08,0.0,0.0,0.0,0.0,0.0,0.0
15:16:08,0.0,0.0,0.0,0.0,0.0,0.0
15:16:08,0.0,0.0,0.0,0.0,0.0,0.0
15:16:08,0.0,0.0,0.0,0.0,0.0,0.0
15:16:09,0.0,0.0,0.0,0.0,0.0,0.0
15:16:09,0.0,0.0,0.0,0.0,0.0,0.0
15:16:09,0.0,0.0,0.0,0.0,0.0,0.0
15:16:09,0.0,0.0,0.0,0.0,0.0,0.0
15:16:09,0.0,0.0,0.0,0.0,0.0,0.0
15:16:09,0.0,0.0,0.0,0.0,0.0,0.0
15:16:09,0.0,0.0,0.0,0.0,0.0,0.0
15:16:09,0.0,0.0,0.0,0.0,0.0,0.0
15:16:10,0.0,0.0,0.0,0.0,0.0,0.0
15:16:10,0.0,0.0,0.0,0.0,0.0,0.0
15:16:10,0.0,0.0,0.0,0.0,0.0,0.0
15:16:10,0.0,0.0,0.0,0.0,0.0,0.0
15:16:10,0.0,0.0,0.0,0.0,0.0,0.0
15:16:10,0.0,0.0,0.0,0.0,0.0,0.0
15:16:10,0.0,0.0,0.0,0.0,0.0,0.0
15:16:10,0.0,0.0,0.0,0.0,0.0,0.0
15:16:11,0.0,0.0,0.0,0.0,0.0,0.0
15:16:11,0.0,0.0,0.0,0.0,0.0,0.0
15:16:11,0.0,0.0,0.0,0.0,0.0,0.0
15:16:11,0.0,0.0,0.0,0.0,0.0,0.0
15:16:11,0.0,0.0,0.0,0.0,0.0,0.0
15:16:11,0.0,0.0,0.0,0.0,0.0,0.0
15:16:11,0.0,0.0,0.0,0.0,0.0,0.0
15:16:12,0.0,0.0,0.0,0.0,0.0,0.0
15:16:12,0.0,0.0,0.0,0.0,0.0,0.0
15:16:12,0.0,0.0,0.0,0.0,0.0,0.0
15:16:12,0.0,0.0,0.0,0.0,0.0,0.0
15:16:12,0.0,0.0,0.0,0.0,0.0,0.0
15:16:12,0.0,0.0,0.0,0.0,0.0,0.0
15:16:12,0.0,0.0,0.0,0.0,0.0,0.0
15:16:12,0.0,0.0,0.0,0.0,0.0,0.0
15:16:13,0.0,0.0,0.0,0.0,0.0,0.0
15:16:13,0.0,0.0,0.0,0.0,0.0,0.0
15:16:13,0.0,0.0,0.0,0.0,0.0,0.0
15:16:13,0.0,0.0,0.0,0.0,0.0,0.0
15:16:13,0.0,0.0,0.0,0.0,0.0,0.0
15:16:13,0.0,0.0,0.0,0.0,0.0,0.0
15:16:13,0.0,0.0,0.0,0.0,0.0,0.0
15:16:13,0.0,0.0,0.0,0.0,0.0,0.0
15:16:14,0.0,0.0,0.0,0.0,0.0,0.0
15:16:14,0.0,0.0,0.0,0.0,0.0,0.0
15:16:14,0.0,0.0,0.0,0.0,0.0,0.0
15:16:14,0.0,0.0,0.0,0.0,0.0,0.0
15:16:14,0.0,0.0,0.0,0.0,0.0,0.0
15:16:14,0.0,0.0,0.0,0.0,0.0,0.0
15:16:14,0.0,0.0,0.0,0.0,0.0,0.0
15:16:15,0.0,0.0,0.0,0.0,0.0,0.0
15:16:15,0.0,0.0,0.0,0.0,0.0,0.0
15:16:15,0.0,0.0,0.0,0.0,0.0,0.0
15:16:15,0.0,0.0,0.0,0.0,0.0,0.0
15:16:15,0.0,0.0,0.0,0.0,0.0,0.0
15:16:15,0.0,0.0,0.0,0.0,0.0,0.0
15:16:16,0.0,0.0,0.0,0.0,0.0,0.0
15:16:16,0.0,0.0,0.0,0.0,0.0,0.0
15:16:16,0.0,0.0,0.0,0.0,0.0,0.0
15:16:16,0.0,0.0,0.0,0.0,0.0,0.0
15:16:16,0.0,0.0,0.0,0.0,0.0,0.0
15:16:16,0.0,0.0,0.0,0.0,0.0,0.0
15:16:16,0.0,0.0,0.0,0.0,0.0,0.0
15:16:16,0.0,0.0,0.0,0.0,0.0,0.0
15:16:17,0.0,0.0,0.0,0.0,0.0,0.0
15:16:17,0.0,0.0,0.0,0.0,0.0,0.0
15:16:17,0.0,0.0,0.0,0.0,0.0,0.0
15:16:17,0.0,0.0,0.0,0.0,0.0,0.0
15:16:17,0.0,0.0,0.0,0.0,0.0,0.0
15:16:17,0.0,0.0,0.0,0.0,0.0,0.0
15:16:17,0.0,0.0,0.0,0.0,0.0,0.0
15:16:17,0.0,0.0,0.0,0.0,0.0,0.0
15:16:17,0.0,0.0,0.0,0.0,0.0,0.0
15:16:18,0.0,0.0,0.0,0.0,0.0,0.0
15:16:18,0.0,0.0,0.0,0.0,0.0,0.0
15:16:18,0.0,0.0,0.0,0.0,0.0,0.0
15:16:18,0.0,0.0,0.0,0.0,0.0,0.0
15:16:18,0.0,0.0,0.0,0.0,0.0,0.0
15:16:18,0.0,0.0,0.0,0.0,0.0,0.0
15:16:18,0.0,0.0,0.0,0.0,0.0,0.0
15:16:18,0.0,0.0,0.0,0.0,0.0,0.0
15:16:18,0.0,0.0,0.0,0.0,0.0,0.0
15:16:19,0.0,0.0,0.0,0.0,0.0,0.0
15:16:19,0.0,0.0,0.0,0.0,0.0,0.0
15:16:19,0.0,0.0,0.0,0.0,0.0,0.0
15:16:19,0.0,0.0,0.0,0.0,0.0,0.0
15:16:19,0.0,0.0,0.0,0.0,0.0,0.0
15:16:19,0.0,0.0,0.0,0.0,0.0,0.0
15:16:19,0.0,0.0,0.0,0.0,0.0,0.0
15:16:19,0.0,0.0,0.0,0.0,0.0,0.0
15:16:20,0.0,0.0,0.0,0.0,0.0,0.0
15:16:20,0.0,0.0,0.0,0.0,0.0,0.0
15:16:20,0.0,0.0,0.0,0.0,0.0,0.0
15:16:20,0.0,0.0,0.0,0.0,0.0,0.0
15:16:20,0.0,0.0,0.0,0.0,0.0,0.0
15:16:20,0.0,0.0,0.0,0.0,0.0,0.0
15:16:20,0.0,0.0,0.0,0.0,0.0,0.0
15:16:21,0.0,0.0,0.0,0.0,0.0,0.0
15:16:21,0.0,0.0,0.0,0.0,0.0,0.0
15:16:21,0.0,0.0,0.0,0.0,0.0,0.0
15:16:21,0.0,0.0,0.0,0.0,0.0,0.0
15:16:21,0.0,0.0,0.0,0.0,0.0,0.0
15:16:21,0.0,0.0,0.0,0.0,0.0,0.0
15:16:21,0.0,0.0,0.0,0.0,0.0,0.0
15:16:21,0.0,0.0,0.0,0.0,0.0,0.0
15:16:22,0.0,0.0,0.0,0.0,0.0,0.0
15:16:22,0.0,0.0,0.0,0.0,0.0,0.0
15:16:22,0.0,0.0,0.0,0.0,0.0,0.0
15:16:22,0.0,0.0,0.0,0.0,0.0,0.0
15:16:22,0.0,0.0,0.0,0.0,0.0,0.0
15:16:22,0.0,0.0,0.0,0.0,0.0,0.0
15:16:22,0.0,0.0,0.0,0.0,0.0,0.0
15:16:22,0.0,0.0,0.0,0.0,0.0,0.0
15:16:22,0.0,0.0,0.0,0.0,0.0,0.0
15:16:23,0.0,0.0,0.0,0.0,0.0,0.0
15:16:23,0.0,0.0,0.0,0.0,0.0,0.0
15:16:23,0.0,0.0,0.0,0.0,0.0,0.0
15:16:23,0.0,0.0,0.0,0.0,0.0,0.0
15:16:23,0.0,0.0,0.0,0.0,0.0,0.0
15:16:23,0.0,0.0,0.0,0.0,0.0,0.0
15:16:23,0.0,0.0,0.0,0.0,0.0,0.0
15:16:23,0.0,0.0,0.0,0.0,0.0,0.0
15:16:24,0.0,0.0,0.0,0.0,0.0,0.0
15:16:24,0.0,0.0,0.0,0.0,0.0,0.0
15:16:24,0.0,0.0,0.0,0.0,0.0,0.0
15:16:24,0.0,0.0,0.0,0.0,0.0,0.0
15:16:24,0.0,0.0,0.0,0.0,0.0,0.0
15:16:24,0.0,0.0,0.0,0.0,0.0,0.0
15:16:24,0.0,0.0,0.0,0.0,0.0,0.0
15:16:24,0.0,0.0,0.0,0.0,0.0,0.0
15:16:24,0.0,0.0,0.0,0.0,0.0,0.0
15:16:25,0.0,0.0,0.0,0.0,0.0,0.0
15:16:25,0.0,0.0,0.0,0.0,0.0,0.0
15:16:25,0.0,0.0,0.0,0.0,0.0,0.0
15:16:25,0.0,0.0,0.0,0.0,0.0,0.0
15:16:25,0.0,0.0,0.0,0.0,0.0,0.0
15:16:25,0.0,0.0,0.0,0.0,0.0,0.0
15:16:25,0.0,0.0,0.0,0.0,0.0,0.0
15:16:25,0.0,0.0,0.0,0.0,0.0,0.0
15:16:26,0.0,0.0,0.0,0.0,0.0,0.0
15:16:26,0.0,0.0,0.0,0.0,0.0,0.0
15:16:26,0.0,0.0,0.0,0.0,0.0,0.0
15:16:26,0.0,0.0,0.0,0.0,0.0,0.0
15:16:26,0.0,0.0,0.0,0.0,0.0,0.0
15:16:26,0.0,0.0,0.0,0.0,0.0,0.0
15:16:26,0.0,0.0,0.0,0.0,0.0,0.0
15:16:26,0.0,0.0,0.0,0.0,0.0,0.0
15:16:26,0.0,0.0,0.0,0.0,0.0,0.0
15:16:27,0.0,0.0,0.0,0.0,0.0,0.0
15:16:27,0.0,0.0,0.0,0.0,0.0,0.0
15:16:27,0.0,0.0,0.0,0.0,0.0,0.0
15:16:27,0.0,0.0,0.0,0.0,0.0,0.0
15:16:27,0.0,0.0,0.0,0.0,0.0,0.0
15:16:27,0.0,0.0,0.0,0.0,0.0,0.0
15:16:27,0.0,0.0,0.0,0.0,0.0,0.0
15:16:27,0.0,0.0,0.0,0.0,0.0,0.0
15:16:27,0.0,0.0,0.0,0.0,0.0,0.0
15:16:28,0.0,0.0,0.0,0.0,0.0,0.0
15:16:28,0.0,0.0,0.0,0.0,0.0,0.0
15:16:28,0.0,0.0,0.0,0.0,0.0,0.0
15:16:28,0.0,0.0,0.0,0.0,0.0,0.0
15:16:28,0.0,0.0,0.0,0.0,0.0,0.0
15:16:28,0.0,0.0,0.0,0.0,0.0,0.0
15:16:28,0.0,0.0,0.0,0.0,0.0,0.0
15:16:28,0.0,0.0,0.0,0.0,0.0,0.0
15:16:28,0.0,0.0,0.0,0.0,0.0,0.0
15:16:29,0.0,0.0,0.0,0.0,0.0,0.0
15:16:29,0.0,0.0,0.0,0.0,0.0,0.0
15:16:29,0.0,0.0,0.0,0.0,0.0,0.0
15:16:29,0.0,0.0,0.0,0.0,0.0,0.0
15:16:29,0.0,0.0,0.0,0.0,0.0,0.0
15:16:29,0.0,0.0,0.0,0.0,0.0,0.0
15:16:29,0.0,0.0,0.0,0.0,0.0,0.0
15:16:29,0.0,0.0,0.0,0.0,0.0,0.0
15:16:29,0.0,0.0,0.0,0.0,0.0,0.0
15:16:30,0.0,0.0,0.0,0.0,0.0,0.0
15:16:30,0.0,0.0,0.0,0.0,0.0,0.0
15:16:30,0.0,0.0,0.0,0.0,0.0,0.0
15:16:30,0.0,0.0,0.0,0.0,0.0,0.0
15:16:30,0.0,0.0,0.0,0.0,0.0,0.0
15:16:30,0.0,0.0,0.0,0.0,0.0,0.0
15:16:30,0.0,0.0,0.0,0.0,0.0,0.0
15:16:30,0.0,0.0,0.0,0.0,0.0,0.0
15:16:30,0.0,0.0,0.0,0.0,0.0,0.0
15:16:31,0.0,0.0,0.0,0.0,0.0,0.0
15:16:31,0.0,0.0,0.0,0.0,0.0,0.0
15:16:31,0.0,0.0,0.0,0.0,0.0,0.0
15:16:31,0.0,0.0,0.0,0.0,0.0,0.0
15:16:31,0.0,0.0,0.0,0.0,0.0,0.0
15:16:31,0.0,0.0,0.0,0.0,0.0,0.0
15:16:31,0.0,0.0,0.0,0.0,0.0,0.0
15:16:31,0.0,0.0,0.0,0.0,0.0,0.0
15:16:32,0.0,0.0,0.0,0.0,0.0,0.0
15:16:32,0.0,0.0,0.0,0.0,0.0,0.0
15:16:32,0.0,0.0,0.0,0.0,0.0,0.0
15:16:32,0.0,0.0,0.0,0.0,0.0,0.0
15:16:32,0.0,0.0,0.0,0.0,0.0,0.0
15:16:32,0.0,0.0,0.0,0.0,0.0,0.0
15:16:32,0.0,0.0,0.0,0.0,0.0,0.0
15:16:32,0.0,0.0,0.0,0.0,0.0,0.0
15:16:33,0.0,0.0,0.0,0.0,0.0,0.0
15:16:33,0.0,0.0,0.0,0.0,0.0,0.0
15:16:33,0.0,0.0,0.0,0.0,0.0,0.0
15:16:33,0.0,0.0,0.0,0.0,0.0,0.0
15:16:33,0.0,0.0,0.0,0.0,0.0,0.0
15:16:33,0.0,0.0,0.0,0.0,0.0,0.0
15:16:34,0.0,0.0,0.0,0.0,0.0,0.0
15:16:34,0.0,0.0,0.0,0.0,0.0,0.0
15:16:34,0.0,0.0,0.0,0.0,0.0,0.0
15:16:34,0.0,0.0,0.0,0.0,0.0,0.0
15:16:34,0.0,0.0,0.0,0.0,0.0,0.0
15:16:34,0.0,0.0,0.0,0.0,0.0,0.0
15:16:34,0.0,0.0,0.0,0.0,0.0,0.0
15:16:34,0.0,0.0,0.0,0.0,0.0,0.0
15:16:35,0.0,0.0,0.0,0.0,0.0,0.0
15:16:35,0.0,0.0,0.0,0.0,0.0,0.0
15:16:35,0.0,0.0,0.0,0.0,0.0,0.0
15:16:35,0.0,0.0,0.0,0.0,0.0,0.0
15:16:35,0.0,0.0,0.0,0.0,0.0,0.0
15:16:35,0.0,0.0,0.0,0.0,0.0,0.0
15:16:35,0.0,0.0,0.0,0.0,0.0,0.0
15:16:35,0.0,0.0,0.0,0.0,0.0,0.0
15:16:35,0.0,0.0,0.0,0.0,0.0,0.0
15:16:36,0.0,0.0,0.0,0.0,0.0,0.0
15:16:36,0.0,0.0,0.0,0.0,0.0,0.0
15:16:36,0.0,0.0,0.0,0.0,0.0,0.0
15:16:36,0.0,0.0,0.0,0.0,0.0,0.0
15:16:36,0.0,0.0,0.0,0.0,0.0,0.0
15:16:36,0.0,0.0,0.0,0.0,0.0,0.0
15:16:36,0.0,0.0,0.0,0.0,0.0,0.0
15:16:36,0.0,0.0,0.0,0.0,0.0,0.0
15:16:36,0.0,0.0,0.0,0.0,0.0,0.0
15:16:37,0.0,0.0,0.0,0.0,0.0,0.0
15:16:37,0.0,0.0,0.0,0.0,0.0,0.0
15:16:37,0.0,0.0,0.0,0.0,0.0,0.0
15:16:37,0.0,0.0,0.0,0.0,0.0,0.0
15:16:37,0.0,0.0,0.0,0.0,0.0,0.0
15:16:37,0.0,0.0,0.0,0.0,0.0,0.0
15:16:37,0.0,0.0,0.0,0.0,0.0,0.0
15:16:37,0.0,0.0,0.0,0.0,0.0,0.0
15:16:38,0.0,0.0,0.0,0.0,0.0,0.0
15:16:38,0.0,0.0,0.0,0.0,0.0,0.0
15:16:38,0.0,0.0,0.0,0.0,0.0,0.0
15:16:38,0.0,0.0,0.0,0.0,0.0,0.0
15:16:38,0.0,0.0,0.0,0.0,0.0,0.0
15:16:38,0.0,0.0,0.0,0.0,0.0,0.0
15:16:38,0.0,0.0,0.0,0.0,0.0,0.0
15:16:38,0.0,0.0,0.0,0.0,0.0,0.0
15:16:39,0.0,0.0,0.0,0.0,0.0,0.0
15:16:39,0.0,0.0,0.0,0.0,0.0,0.0
15:16:39,0.0,0.0,0.0,0.0,0.0,0.0
15:16:39,0.0,0.0,0.0,0.0,0.0,0.0
15:16:39,0.0,0.0,0.0,0.0,0.0,0.0
15:16:39,0.0,0.0,0.0,0.0,0.0,0.0
15:16:39,0.0,0.0,0.0,0.0,0.0,0.0
15:16:39,0.0,0.0,0.0,0.0,0.0,0.0
15:16:40,0.0,0.0,0.0,0.0,0.0,0.0
15:16:40,0.0,0.0,0.0,0.0,0.0,0.0
15:16:40,0.0,0.0,0.0,0.0,0.0,0.0
15:16:40,0.0,0.0,0.0,0.0,0.0,0.0
15:16:40,0.0,0.0,0.0,0.0,0.0,0.0
15:16:40,0.0,0.0,0.0,0.0,0.0,0.0
15:16:40,0.0,0.0,0.0,0.0,0.0,0.0
15:16:41,0.0,0.0,0.0,0.0,0.0,0.0
15:16:41,0.0,0.0,0.0,0.0,0.0,0.0
15:16:41,0.0,0.0,0.0,0.0,0.0,0.0
15:16:41,0.0,0.0,0.0,0.0,0.0,0.0
15:16:41,0.0,0.0,0.0,0.0,0.0,0.0
15:16:41,0.0,0.0,0.0,0.0,0.0,0.0
15:16:41,0.0,0.0,0.0,0.0,0.0,0.0
15:16:41,0.0,0.0,0.0,0.0,0.0,0.0
15:16:41,0.0,0.0,0.0,0.0,0.0,0.0
15:16:42,0.0,0.0,0.0,0.0,0.0,0.0
15:16:42,0.0,0.0,0.0,0.0,0.0,0.0
15:16:42,0.0,0.0,0.0,0.0,0.0,0.0
15:16:42,0.0,0.0,0.0,0.0,0.0,0.0
15:16:42,0.0,0.0,0.0,0.0,0.0,0.0
15:16:42,0.0,0.0,0.0,0.0,0.0,0.0
15:16:42,0.0,0.0,0.0,0.0,0.0,0.0
15:16:42,0.0,0.0,0.0,0.0,0.0,0.0
15:16:43,0.0,0.0,0.0,0.0,0.0,0.0
15:16:43,0.0,0.0,0.0,0.0,0.0,0.0
15:16:43,0.0,0.0,0.0,0.0,0.0,0.0
15:16:43,0.0,0.0,0.0,0.0,0.0,0.0
15:16:43,0.0,0.0,0.0,0.0,0.0,0.0
15:16:43,0.0,0.0,0.0,0.0,0.0,0.0
15:16:43,0.0,0.0,0.0,0.0,0.0,0.0
15:16:43,0.0,0.0,0.0,0.0,0.0,0.0
15:16:43,0.0,0.0,0.0,0.0,0.0,0.0
15:16:44,0.0,0.0,0.0,0.0,0.0,0.0
15:16:44,0.0,0.0,0.0,0.0,0.0,0.0
15:16:44,0.0,0.0,0.0,0.0,0.0,0.0
15:16:44,0.0,0.0,0.0,0.0,0.0,0.0
15:16:44,0.0,0.0,0.0,0.0,0.0,0.0
15:16:44,0.0,0.0,0.0,0.0,0.0,0.0
15:16:44,0.0,0.0,0.0,0.0,0.0,0.0
15:16:44,0.0,0.0,0.0,0.0,0.0,0.0
15:16:45,0.0,0.0,0.0,0.0,0.0,0.0
15:16:45,0.0,0.0,0.0,0.0,0.0,0.0
15:16:45,0.0,0.0,0.0,0.0,0.0,0.0
15:16:45,0.0,0.0,0.0,0.0,0.0,0.0
15:16:45,0.0,0.0,0.0,0.0,0.0,0.0
15:16:45,0.0,0.0,0.0,0.0,0.0,0.0
15:16:45,0.0,0.0,0.0,0.0,0.0,0.0
15:16:45,0.0,0.0,0.0,0.0,0.0,0.0
15:16:46,0.0,0.0,0.0,0.0,0.0,0.0
15:16:46,0.0,0.0,0.0,0.0,0.0,0.0
15:16:46,0.0,0.0,0.0,0.0,0.0,0.0
15:16:46,0.0,0.0,0.0,0.0,0.0,0.0
15:16:46,0.0,0.0,0.0,0.0,0.0,0.0
15:16:46,0.0,0.0,0.0,0.0,0.0,0.0
15:16:46,0.0,0.0,0.0,0.0,0.0,0.0
15:16:46,0.0,0.0,0.0,0.0,0.0,0.0
15:16:47,0.0,0.0,0.0,0.0,0.0,0.0
15:16:47,0.0,0.0,0.0,0.0,0.0,0.0
15:16:47,0.0,0.0,0.0,0.0,0.0,0.0
15:16:47,0.0,0.0,0.0,0.0,0.0,0.0
15:16:47,0.0,0.0,0.0,0.0,0.0,0.0
15:16:47,0.0,0.0,0.0,0.0,0.0,0.0
15:16:47,0.0,0.0,0.0,0.0,0.0,0.0
15:16:47,0.0,0.0,0.0,0.0,0.0,0.0
15:16:47,0.0,0.0,0.0,0.0,0.0,0.0
15:16:48,0.0,0.0,0.0,0.0,0.0,0.0
15:16:48,0.0,0.0,0.0,0.0,0.0,0.0
15:16:48,0.0,0.0,0.0,0.0,0.0,0.0
15:16:48,0.0,0.0,0.0,0.0,0.0,0.0
15:16:48,0.0,0.0,0.0,0.0,0.0,0.0
15:16:48,0.0,0.0,0.0,0.0,0.0,0.0
15:16:48,0.0,0.0,0.0,0.0,0.0,0.0
15:16:48,0.0,0.0,0.0,0.0,0.0,0.0
15:16:48,0.0,0.0,0.0,0.0,0.0,0.0
15:16:49,0.0,0.0,0.0,0.0,0.0,0.0
15:16:49,0.0,0.0,0.0,0.0,0.0,0.0
15:16:49,0.0,0.0,0.0,0.0,0.0,0.0
15:16:49,0.0,0.0,0.0,0.0,0.0,0.0
15:16:49,0.0,0.0,0.0,0.0,0.0,0.0
15:16:49,0.0,0.0,0.0,0.0,0.0,0.0
15:16:49,0.0,0.0,0.0,0.0,0.0,0.0
15:16:49,0.0,0.0,0.0,0.0,0.0,0.0
15:16:50,0.0,0.0,0.0,0.0,0.0,0.0
15:16:50,0.0,0.0,0.0,0.0,0.0,0.0
15:16:50,0.0,0.0,0.0,0.0,0.0,0.0
15:16:50,0.0,0.0,0.0,0.0,0.0,0.0
15:16:50,0.0,0.0,0.0,0.0,0.0,0.0
15:16:50,0.0,0.0,0.0,0.0,0.0,0.0
15:16:50,0.0,0.0,0.0,0.0,0.0,0.0
15:16:50,0.0,0.0,0.0,0.0,0.0,0.0
15:16:50,0.0,0.0,0.0,0.0,0.0,0.0
15:16:51,0.0,0.0,0.0,0.0,0.0,0.0
15:16:51,0.0,0.0,0.0,0.0,0.0,0.0
15:16:51,0.0,0.0,0.0,0.0,0.0,0.0
15:16:51,0.0,0.0,0.0,0.0,0.0,0.0
15:16:51,0.0,0.0,0.0,0.0,0.0,0.0
15:16:51,0.0,0.0,0.0,0.0,0.0,0.0
15:16:51,0.0,0.0,0.0,0.0,0.0,0.0
15:16:51,0.0,0.0,0.0,0.0,0.0,0.0
15:16:51,0.0,0.0,0.0,0.0,0.0,0.0
15:16:52,0.0,0.0,0.0,0.0,0.0,0.0
15:16:52,0.0,0.0,0.0,0.0,0.0,0.0
15:16:52,0.0,0.0,0.0,0.0,0.0,0.0
15:16:52,0.0,0.0,0.0,0.0,0.0,0.0
15:16:52,0.0,0.0,0.0,0.0,0.0,0.0
15:16:52,0.0,0.0,0.0,0.0,0.0,0.0
15:16:52,0.0,0.0,0.0,0.0,0.0,0.0
15:16:52,0.0,0.0,0.0,0.0,0.0,0.0
15:16:52,0.0,0.0,0.0,0.0,0.0,0.0
15:16:53,0.0,0.0,0.0,0.0,0.0,0.0
15:16:53,0.0,0.0,0.0,0.0,0.0,0.0
15:16:53,0.0,0.0,0.0,0.0,0.0,0.0
15:16:53,0.0,0.0,0.0,0.0,0.0,0.0
15:16:53,0.0,0.0,0.0,0.0,0.0,0.0
15:16:53,0.0,0.0,0.0,0.0,0.0,0.0
15:16:53,0.0,0.0,0.0,0.0,0.0,0.0
15:16:53,0.0,0.0,0.0,0.0,0.0,0.0
15:16:53,0.0,0.0,0.0,0.0,0.0,0.0
15:16:54,0.0,0.0,0.0,0.0,0.0,0.0
15:16:54,0.0,0.0,0.0,0.0,0.0,0.0
15:16:54,0.0,0.0,0.0,0.0,0.0,0.0
15:16:54,0.0,0.0,0.0,0.0,0.0,0.0
15:16:54,0.0,0.0,0.0,0.0,0.0,0.0
15:16:54,0.0,0.0,0.0,0.0,0.0,0.0
15:16:54,0.0,0.0,0.0,0.0,0.0,0.0
15:16:54,0.0,0.0,0.0,0.0,0.0,0.0
15:16:54,0.0,0.0,0.0,0.0,0.0,0.0
15:16:55,0.0,0.0,0.0,0.0,0.0,0.0
15:16:55,0.0,0.0,0.0,0.0,0.0,0.0
15:16:55,0.0,0.0,0.0,0.0,0.0,0.0
15:16:55,0.0,0.0,0.0,0.0,0.0,0.0
15:16:55,0.0,0.0,0.0,0.0,0.0,0.0
15:16:55,0.0,0.0,0.0,0.0,0.0,0.0
15:16:55,0.0,0.0,0.0,0.0,0.0,0.0
15:16:55,0.0,0.0,0.0,0.0,0.0,0.0
15:16:56,0.0,0.0,0.0,0.0,0.0,0.0
15:16:56,0.0,0.0,0.0,0.0,0.0,0.0
15:16:56,0.0,0.0,0.0,0.0,0.0,0.0
15:16:56,0.0,0.0,0.0,0.0,0.0,0.0
15:16:56,0.0,0.0,0.0,0.0,0.0,0.0
15:16:56,0.0,0.0,0.0,0.0,0.0,0.0
15:16:56,0.0,0.0,0.0,0.0,0.0,0.0
15:16:56,0.0,0.0,0.0,0.0,0.0,0.0
15:16:56,0.0,0.0,0.0,0.0,0.0,0.0
15:16:57,0.0,0.0,0.0,0.0,0.0,0.0
15:16:57,0.0,0.0,0.0,0.0,0.0,0.0
15:16:57,0.0,0.0,0.0,0.0,0.0,0.0
15:16:57,0.0,0.0,0.0,0.0,0.0,0.0
15:16:57,0.0,0.0,0.0,0.0,0.0,0.0
15:16:57,0.0,0.0,0.0,0.0,0.0,0.0
15:16:57,0.0,0.0,0.0,0.0,0.0,0.0
15:16:57,0.0,0.0,0.0,0.0,0.0,0.0
15:16:58,0.0,0.0,0.0,0.0,0.0,0.0
15:16:58,0.0,0.0,0.0,0.0,0.0,0.0
15:16:58,0.0,0.0,0.0,0.0,0.0,0.0
15:16:58,0.0,0.0,0.0,0.0,0.0,0.0
15:16:58,0.0,0.0,0.0,0.0,0.0,0.0
15:16:58,0.0,0.0,0.0,0.0,0.0,0.0
15:16:58,0.0,0.0,0.0,0.0,0.0,0.0
15:16:58,0.0,0.0,0.0,0.0,0.0,0.0
15:16:59,0.0,0.0,0.0,0.0,0.0,0.0
15:16:59,0.0,0.0,0.0,0.0,0.0,0.0
15:16:59,0.0,0.0,0.0,0.0,0.0,0.0
15:16:59,0.0,0.0,0.0,0.0,0.0,0.0
15:16:59,0.0,0.0,0.0,0.0,0.0,0.0
15:16:59,0.0,0.0,0.0,0.0,0.0,0.0
15:16:59,0.0,0.0,0.0,0.0,0.0,0.0
15:16:59,0.0,0.0,0.0,0.0,0.0,0.0
15:17:00,0.0,0.0,0.0,0.0,0.0,0.0
15:17:00,0.0,0.0,0.0,0.0,0.0,0.0
15:17:00,0.0,0.0,0.0,0.0,0.0,0.0
15:17:00,0.0,0.0,0.0,0.0,0.0,0.0
15:17:00,0.0,0.0,0.0,0.0,0.0,0.0
15:17:00,0.0,0.0,0.0,0.0,0.0,0.0
15:17:00,0.0,0.0,0.0,0.0,0.0,0.0
15:17:00,0.0,0.0,0.0,0.0,0.0,0.0
15:17:01,0.0,0.0,0.0,0.0,0.0,0.0
15:17:01,0.0,0.0,0.0,0.0,0.0,0.0
15:17:01,0.0,0.0,0.0,0.0,0.0,0.0
15:17:01,0.0,0.0,0.0,0.0,0.0,0.0
15:17:01,0.0,0.0,0.0,0.0,0.0,0.0
15:17:01,0.0,0.0,0.0,0.0,0.0,0.0
15:17:01,0.0,0.0,0.0,0.0,0.0,0.0
15:17:01,0.0,0.0,0.0,0.0,0.0,0.0
15:17:01,0.0,0.0,0.0,0.0,0.0,0.0
15:17:02,0.0,0.0,0.0,0.0,0.0,0.0
15:17:02,0.0,0.0,0.0,0.0,0.0,0.0
15:17:02,0.0,0.0,0.0,0.0,0.0,0.0
15:17:02,0.0,0.0,0.0,0.0,0.0,0.0
15:17:02,0.0,0.0,0.0,0.0,0.0,0.0
15:17:02,0.0,0.0,0.0,0.0,0.0,0.0
15:17:02,0.0,0.0,0.0,0.0,0.0,0.0
15:17:02,0.0,0.0,0.0,0.0,0.0,0.0
15:17:02,0.0,0.0,0.0,0.0,0.0,0.0
15:17:03,0.0,0.0,0.0,0.0,0.0,0.0
15:17:03,0.0,0.0,0.0,0.0,0.0,0.0
15:17:03,0.0,0.0,0.0,0.0,0.0,0.0
15:17:03,0.0,0.0,0.0,0.0,0.0,0.0
15:17:03,0.0,0.0,0.0,0.0,0.0,0.0
15:17:03,0.0,0.0,0.0,0.0,0.0,0.0
15:17:03,0.0,0.0,0.0,0.0,0.0,0.0
15:17:03,0.0,0.0,0.0,0.0,0.0,0.0
15:17:03,0.0,0.0,0.0,0.0,0.0,0.0
15:17:04,0.0,0.0,0.0,0.0,0.0,0.0
15:17:04,0.0,0.0,0.0,0.0,0.0,0.0
15:17:04,0.0,0.0,0.0,0.0,0.0,0.0
15:17:04,0.0,0.0,0.0,0.0,0.0,0.0
15:17:04,0.0,0.0,0.0,0.0,0.0,0.0
15:17:04,0.0,0.0,0.0,0.0,0.0,0.0
15:17:04,0.0,0.0,0.0,0.0,0.0,0.0
15:17:04,0.0,0.0,0.0,0.0,0.0,0.0
15:17:04,0.0,0.0,0.0,0.0,0.0,0.0
15:17:05,0.0,0.0,0.0,0.0,0.0,0.0
15:17:05,0.0,0.0,0.0,0.0,0.0,0.0
15:17:05,0.0,0.0,0.0,0.0,0.0,0.0
15:17:05,0.0,0.0,0.0,0.0,0.0,0.0
15:17:05,0.0,0.0,0.0,0.0,0.0,0.0
15:17:05,0.0,0.0,0.0,0.0,0.0,0.0
15:17:05,0.0,0.0,0.0,0.0,0.0,0.0
15:17:05,0.0,0.0,0.0,0.0,0.0,0.0
15:17:05,0.0,0.0,0.0,0.0,0.0,0.0
15:17:06,0.0,0.0,0.0,0.0,0.0,0.0
15:17:06,0.0,0.0,0.0,0.0,0.0,0.0
15:17:06,0.0,0.0,0.0,0.0,0.0,0.0
15:17:06,0.0,0.0,0.0,0.0,0.0,0.0
15:17:06,0.0,0.0,0.0,0.0,0.0,0.0
15:17:06,0.0,0.0,0.0,0.0,0.0,0.0
15:17:06,0.0,0.0,0.0,0.0,0.0,0.0
15:17:06,0.0,0.0,0.0,0.0,0.0,0.0
15:17:06,0.0,0.0,0.0,0.0,0.0,0.0
15:17:07,0.0,0.0,0.0,0.0,0.0,0.0
15:17:07,0.0,0.0,0.0,0.0,0.0,0.0
15:17:07,0.0,0.0,0.0,0.0,0.0,0.0
15:17:07,0.0,0.0,0.0,0.0,0.0,0.0
15:17:07,0.0,0.0,0.0,0.0,0.0,0.0
15:17:07,0.0,0.0,0.0,0.0,0.0,0.0
15:17:07,0.0,0.0,0.0,0.0,0.0,0.0
15:17:07,0.0,0.0,0.0,0.0,0.0,0.0
15:17:07,0.0,0.0,0.0,0.0,0.0,0.0
15:17:08,0.0,0.0,0.0,0.0,0.0,0.0
15:17:08,0.0,0.0,0.0,0.0,0.0,0.0
15:17:08,0.0,0.0,0.0,0.0,0.0,0.0
15:17:08,0.0,0.0,0.0,0.0,0.0,0.0
15:17:08,0.0,0.0,0.0,0.0,0.0,0.0
15:17:08,0.0,0.0,0.0,0.0,0.0,0.0
15:17:08,0.0,0.0,0.0,0.0,0.0,0.0
15:17:08,0.0,0.0,0.0,0.0,0.0,0.0
15:17:09,0.0,0.0,0.0,0.0,0.0,0.0
15:17:09,0.0,0.0,0.0,0.0,0.0,0.0
15:17:09,0.0,0.0,0.0,0.0,0.0,0.0
15:17:09,0.0,0.0,0.0,0.0,0.0,0.0
15:17:09,0.0,0.0,0.0,0.0,0.0,0.0
15:17:09,0.0,0.0,0.0,0.0,0.0,0.0
15:17:09,0.0,0.0,0.0,0.0,0.0,0.0
15:17:09,0.0,0.0,0.0,0.0,0.0,0.0
15:17:10,0.0,0.0,0.0,0.0,0.0,0.0
15:17:10,0.0,0.0,0.0,0.0,0.0,0.0
15:17:10,0.0,0.0,0.0,0.0,0.0,0.0
15:17:10,0.0,0.0,0.0,0.0,0.0,0.0
15:17:10,0.0,0.0,0.0,0.0,0.0,0.0
15:17:10,0.0,0.0,0.0,0.0,0.0,0.0
15:17:10,0.0,0.0,0.0,0.0,0.0,0.0
15:17:10,0.0,0.0,0.0,0.0,0.0,0.0
15:17:10,0.0,0.0,0.0,0.0,0.0,0.0
15:17:11,0.0,0.0,0.0,0.0,0.0,0.0
15:17:11,0.0,0.0,0.0,0.0,0.0,0.0
15:17:11,0.0,0.0,0.0,0.0,0.0,0.0
15:17:11,0.0,0.0,0.0,0.0,0.0,0.0
15:17:11,0.0,0.0,0.0,0.0,0.0,0.0
15:17:11,0.0,0.0,0.0,0.0,0.0,0.0
15:17:11,0.0,0.0,0.0,0.0,0.0,0.0
15:17:11,0.0,0.0,0.0,0.0,0.0,0.0
15:17:12,0.0,0.0,0.0,0.0,0.0,0.0
15:17:12,0.0,0.0,0.0,0.0,0.0,0.0
15:17:12,0.0,0.0,0.0,0.0,0.0,0.0
15:17:12,0.0,0.0,0.0,0.0,0.0,0.0
15:17:12,0.0,0.0,0.0,0.0,0.0,0.0
15:17:12,0.0,0.0,0.0,0.0,0.0,0.0
15:17:12,0.0,0.0,0.0,0.0,0.0,0.0
15:17:12,0.0,0.0,0.0,0.0,0.0,0.0
15:17:13,0.0,0.0,0.0,0.0,0.0,0.0
15:17:13,0.0,0.0,0.0,0.0,0.0,0.0
15:17:13,0.0,0.0,0.0,0.0,0.0,0.0
15:17:13,0.0,0.0,0.0,0.0,0.0,0.0
15:17:13,0.0,0.0,0.0,0.0,0.0,0.0
15:17:13,0.0,0.0,0.0,0.0,0.0,0.0
15:17:13,0.0,0.0,0.0,0.0,0.0,0.0
15:17:13,0.0,0.0,0.0,0.0,0.0,0.0
15:17:14,0.0,0.0,0.0,0.0,0.0,0.0
15:17:14,0.0,0.0,0.0,0.0,0.0,0.0
15:17:14,0.0,0.0,0.0,0.0,0.0,0.0
15:17:14,0.0,0.0,0.0,0.0,0.0,0.0
15:17:14,0.0,0.0,0.0,0.0,0.0,0.0
15:17:14,0.0,0.0,0.0,0.0,0.0,0.0
15:17:14,0.0,0.0,0.0,0.0,0.0,0.0
15:17:14,0.0,0.0,0.0,0.0,0.0,0.0
15:17:14,0.0,0.0,0.0,0.0,0.0,0.0
15:17:15,0.0,0.0,0.0,0.0,0.0,0.0
15:17:15,0.0,0.0,0.0,0.0,0.0,0.0
15:17:15,0.0,0.0,0.0,0.0,0.0,0.0
15:17:15,0.0,0.0,0.0,0.0,0.0,0.0
15:17:15,0.0,0.0,0.0,0.0,0.0,0.0
15:17:15,0.0,0.0,0.0,0.0,0.0,0.0
15:17:15,0.0,0.0,0.0,0.0,0.0,0.0
15:17:15,0.0,0.0,0.0,0.0,0.0,0.0
15:17:16,0.0,0.0,0.0,0.0,0.0,0.0
15:17:16,0.0,0.0,0.0,0.0,0.0,0.0
15:17:16,0.0,0.0,0.0,0.0,0.0,0.0
15:17:16,0.0,0.0,0.0,0.0,0.0,0.0
15:17:16,0.0,0.0,0.0,0.0,0.0,0.0
15:17:16,0.0,0.0,0.0,0.0,0.0,0.0
15:17:16,0.0,0.0,0.0,0.0,0.0,0.0
15:17:16,0.0,0.0,0.0,0.0,0.0,0.0
15:17:16,0.0,0.0,0.0,0.0,0.0,0.0
15:17:17,0.0,0.0,0.0,0.0,0.0,0.0
15:17:17,0.0,0.0,0.0,0.0,0.0,0.0
15:17:17,0.0,0.0,0.0,0.0,0.0,0.0
15:17:17,0.0,0.0,0.0,0.0,0.0,0.0
15:17:17,0.0,0.0,0.0,0.0,0.0,0.0
15:17:17,0.0,0.0,0.0,0.0,0.0,0.0
15:17:17,0.0,0.0,0.0,0.0,0.0,0.0
15:17:17,0.0,0.0,0.0,0.0,0.0,0.0
15:17:17,0.0,0.0,0.0,0.0,0.0,0.0
15:17:18,0.0,0.0,0.0,0.0,0.0,0.0
15:17:18,0.0,0.0,0.0,0.0,0.0,0.0
15:17:18,0.0,0.0,0.0,0.0,0.0,0.0
15:17:18,0.0,0.0,0.0,0.0,0.0,0.0
15:17:18,0.0,0.0,0.0,0.0,0.0,0.0
15:17:18,0.0,0.0,0.0,0.0,0.0,0.0
15:17:18,0.0,0.0,0.0,0.0,0.0,0.0
15:17:18,0.0,0.0,0.0,0.0,0.0,0.0
15:17:18,0.0,0.0,0.0,0.0,0.0,0.0
15:17:19,0.0,0.0,0.0,0.0,0.0,0.0
15:17:19,0.0,0.0,0.0,0.0,0.0,0.0
15:17:19,0.0,0.0,0.0,0.0,0.0,0.0
15:17:19,0.0,0.0,0.0,0.0,0.0,0.0
15:17:19,0.0,0.0,0.0,0.0,0.0,0.0
15:17:19,0.0,0.0,0.0,0.0,0.0,0.0
15:17:19,0.0,0.0,0.0,0.0,0.0,0.0
15:17:19,0.0,0.0,0.0,0.0,0.0,0.0
15:17:19,0.0,0.0,0.0,0.0,0.0,0.0
15:17:20,0.0,0.0,0.0,0.0,0.0,0.0
15:17:20,0.0,0.0,0.0,0.0,0.0,0.0
15:17:20,0.0,0.0,0.0,0.0,0.0,0.0
15:17:20,0.0,0.0,0.0,0.0,0.0,0.0
15:17:20,0.0,0.0,0.0,0.0,0.0,0.0
15:17:20,0.0,0.0,0.0,0.0,0.0,0.0
15:17:20,0.0,0.0,0.0,0.0,0.0,0.0
15:17:20,0.0,0.0,0.0,0.0,0.0,0.0
15:17:21,0.0,0.0,0.0,0.0,0.0,0.0
15:17:21,0.0,0.0,0.0,0.0,0.0,0.0
15:17:21,0.0,0.0,0.0,0.0,0.0,0.0
15:17:21,0.0,0.0,0.0,0.0,0.0,0.0
15:17:21,0.0,0.0,0.0,0.0,0.0,0.0
15:17:21,0.0,0.0,0.0,0.0,0.0,0.0
15:17:21,0.0,0.0,0.0,0.0,0.0,0.0
15:17:21,0.0,0.0,0.0,0.0,0.0,0.0
15:17:21,0.0,0.0,0.0,0.0,0.0,0.0
15:17:22,0.0,0.0,0.0,0.0,0.0,0.0
15:17:22,0.0,0.0,0.0,0.0,0.0,0.0
15:17:22,0.0,0.0,0.0,0.0,0.0,0.0
15:17:22,0.0,0.0,0.0,0.0,0.0,0.0
15:17:22,0.0,0.0,0.0,0.0,0.0,0.0
15:17:22,0.0,0.0,0.0,0.0,0.0,0.0
15:17:22,0.0,0.0,0.0,0.0,0.0,0.0
15:17:22,0.0,0.0,0.0,0.0,0.0,0.0
15:17:23,0.0,0.0,0.0,0.0,0.0,0.0
15:17:23,0.0,0.0,0.0,0.0,0.0,0.0
15:17:23,0.0,0.0,0.0,0.0,0.0,0.0
15:17:23,0.0,0.0,0.0,0.0,0.0,0.0
15:17:23,0.0,0.0,0.0,0.0,0.0,0.0
15:17:23,0.0,0.0,0.0,0.0,0.0,0.0
15:17:23,0.0,0.0,0.0,0.0,0.0,0.0
15:17:23,0.0,0.0,0.0,0.0,0.0,0.0
15:17:23,0.0,0.0,0.0,0.0,0.0,0.0
15:17:24,0.0,0.0,0.0,0.0,0.0,0.0
15:17:24,0.0,0.0,0.0,0.0,0.0,0.0
15:17:24,0.0,0.0,0.0,0.0,0.0,0.0
15:17:24,0.0,0.0,0.0,0.0,0.0,0.0
15:17:24,0.0,0.0,0.0,0.0,0.0,0.0
15:17:24,0.0,0.0,0.0,0.0,0.0,0.0
15:17:24,0.0,0.0,0.0,0.0,0.0,0.0
15:17:24,0.0,0.0,0.0,0.0,0.0,0.0
15:17:24,0.0,0.0,0.0,0.0,0.0,0.0
15:17:25,0.0,0.0,0.0,0.0,0.0,0.0
15:17:25,0.0,0.0,0.0,0.0,0.0,0.0
15:17:25,0.0,0.0,0.0,0.0,0.0,0.0
15:17:25,0.0,0.0,0.0,0.0,0.0,0.0
15:17:25,0.0,0.0,0.0,0.0,0.0,0.0
15:17:25,0.0,0.0,0.0,0.0,0.0,0.0
15:17:25,0.0,0.0,0.0,0.0,0.0,0.0
15:17:25,0.0,0.0,0.0,0.0,0.0,0.0
15:17:25,0.0,0.0,0.0,0.0,0.0,0.0
15:17:26,0.0,0.0,0.0,0.0,0.0,0.0
15:17:26,0.0,0.0,0.0,0.0,0.0,0.0
15:17:26,0.0,0.0,0.0,0.0,0.0,0.0
15:17:26,0.0,0.0,0.0,0.0,0.0,0.0
15:17:26,0.0,0.0,0.0,0.0,0.0,0.0
15:17:26,0.0,0.0,0.0,0.0,0.0,0.0
15:17:26,0.0,0.0,0.0,0.0,0.0,0.0
15:17:26,0.0,0.0,0.0,0.0,0.0,0.0
15:17:27,0.0,0.0,0.0,0.0,0.0,0.0
15:17:27,0.0,0.0,0.0,0.0,0.0,0.0
15:17:27,0.0,0.0,0.0,0.0,0.0,0.0
15:17:27,0.0,0.0,0.0,0.0,0.0,0.0
15:17:27,0.0,0.0,0.0,0.0,0.0,0.0
15:17:27,0.0,0.0,0.0,0.0,0.0,0.0
15:17:27,0.0,0.0,0.0,0.0,0.0,0.0
15:17:27,0.0,0.0,0.0,0.0,0.0,0.0
15:17:28,0.0,0.0,0.0,0.0,0.0,0.0
15:17:28,0.0,0.0,0.0,0.0,0.0,0.0
15:17:28,0.0,0.0,0.0,0.0,0.0,0.0
15:17:28,0.0,0.0,0.0,0.0,0.0,0.0
15:17:28,0.0,0.0,0.0,0.0,0.0,0.0
15:17:28,0.0,0.0,0.0,0.0,0.0,0.0
15:17:28,0.0,0.0,0.0,0.0,0.0,0.0
15:17:28,0.0,0.0,0.0,0.0,0.0,0.0
15:17:28,0.0,0.0,0.0,0.0,0.0,0.0
15:17:29,0.0,0.0,0.0,0.0,0.0,0.0
15:17:29,0.0,0.0,0.0,0.0,0.0,0.0
15:17:29,0.0,0.0,0.0,0.0,0.0,0.0
15:17:29,0.0,0.0,0.0,0.0,0.0,0.0
15:17:29,0.0,0.0,0.0,0.0,0.0,0.0
15:17:29,0.0,0.0,0.0,0.0,0.0,0.0
15:17:29,0.0,0.0,0.0,0.0,0.0,0.0
15:17:29,0.0,0.0,0.0,0.0,0.0,0.0
15:17:30,0.0,0.0,0.0,0.0,0.0,0.0
15:17:30,0.0,0.0,0.0,0.0,0.0,0.0
15:17:30,0.0,0.0,0.0,0.0,0.0,0.0
15:17:30,0.0,0.0,0.0,0.0,0.0,0.0
15:17:30,0.0,0.0,0.0,0.0,0.0,0.0
15:17:30,0.0,0.0,0.0,0.0,0.0,0.0
15:17:30,0.0,0.0,0.0,0.0,0.0,0.0
15:17:30,0.0,0.0,0.0,0.0,0.0,0.0
15:17:30,0.0,0.0,0.0,0.0,0.0,0.0
15:17:31,0.0,0.0,0.0,0.0,0.0,0.0
15:17:31,0.0,0.0,0.0,0.0,0.0,0.0
15:17:31,0.0,0.0,0.0,0.0,0.0,0.0
15:17:31,0.0,0.0,0.0,0.0,0.0,0.0
15:17:31,0.0,0.0,0.0,0.0,0.0,0.0
15:17:31,0.0,0.0,0.0,0.0,0.0,0.0
15:17:31,0.0,0.0,0.0,0.0,0.0,0.0
15:17:31,0.0,0.0,0.0,0.0,0.0,0.0
15:17:31,0.0,0.0,0.0,0.0,0.0,0.0
15:17:32,0.0,0.0,0.0,0.0,0.0,0.0
15:17:32,0.0,0.0,0.0,0.0,0.0,0.0
15:17:32,0.0,0.0,0.0,0.0,0.0,0.0
15:17:32,0.0,0.0,0.0,0.0,0.0,0.0
15:17:32,0.0,0.0,0.0,0.0,0.0,0.0
15:17:32,0.0,0.0,0.0,0.0,0.0,0.0
15:17:32,0.0,0.0,0.0,0.0,0.0,0.0
15:17:32,0.0,0.0,0.0,0.0,0.0,0.0
15:17:32,0.0,0.0,0.0,0.0,0.0,0.0
15:17:33,0.0,0.0,0.0,0.0,0.0,0.0
15:17:33,0.0,0.0,0.0,0.0,0.0,0.0
15:17:33,0.0,0.0,0.0,0.0,0.0,0.0
15:17:33,0.0,0.0,0.0,0.0,0.0,0.0
15:17:33,0.0,0.0,0.0,0.0,0.0,0.0
15:17:33,0.0,0.0,0.0,0.0,0.0,0.0
15:17:33,0.0,0.0,0.0,0.0,0.0,0.0
15:17:33,0.0,0.0,0.0,0.0,0.0,0.0
15:17:34,0.0,0.0,0.0,0.0,0.0,0.0
15:17:34,0.0,0.0,0.0,0.0,0.0,0.0
15:17:34,0.0,0.0,0.0,0.0,0.0,0.0
15:17:34,0.0,0.0,0.0,0.0,0.0,0.0
15:17:34,0.0,0.0,0.0,0.0,0.0,0.0
15:17:34,0.0,0.0,0.0,0.0,0.0,0.0
15:17:34,0.0,0.0,0.0,0.0,0.0,0.0
15:17:34,0.0,0.0,0.0,0.0,0.0,0.0
15:17:35,0.0,0.0,0.0,0.0,0.0,0.0
15:17:35,0.0,0.0,0.0,0.0,0.0,0.0
15:17:35,0.0,0.0,0.0,0.0,0.0,0.0
15:17:35,0.0,0.0,0.0,0.0,0.0,0.0
15:17:35,0.0,0.0,0.0,0.0,0.0,0.0
15:17:35,0.0,0.0,0.0,0.0,0.0,0.0
15:17:35,0.0,0.0,0.0,0.0,0.0,0.0
15:17:35,0.0,0.0,0.0,0.0,0.0,0.0
15:17:35,0.0,0.0,0.0,0.0,0.0,0.0
15:17:36,0.0,0.0,0.0,0.0,0.0,0.0
15:17:36,0.0,0.0,0.0,0.0,0.0,0.0
15:17:36,0.0,0.0,0.0,0.0,0.0,0.0
15:17:36,0.0,0.0,0.0,0.0,0.0,0.0
15:17:36,0.0,0.0,0.0,0.0,0.0,0.0
15:17:36,0.0,0.0,0.0,0.0,0.0,0.0
15:17:36,0.0,0.0,0.0,0.0,0.0,0.0
15:17:36,0.0,0.0,0.0,0.0,0.0,0.0
15:17:36,0.0,0.0,0.0,0.0,0.0,0.0
15:17:37,0.0,0.0,0.0,0.0,0.0,0.0
15:17:37,0.0,0.0,0.0,0.0,0.0,0.0
15:17:37,0.0,0.0,0.0,0.0,0.0,0.0
15:17:37,0.0,0.0,0.0,0.0,0.0,0.0
15:17:37,0.0,0.0,0.0,0.0,0.0,0.0
15:17:37,0.0,0.0,0.0,0.0,0.0,0.0
15:17:37,0.0,0.0,0.0,0.0,0.0,0.0
15:17:37,0.0,0.0,0.0,0.0,0.0,0.0
15:17:37,0.0,0.0,0.0,0.0,0.0,0.0
15:17:38,0.0,0.0,0.0,0.0,0.0,0.0
15:17:38,0.0,0.0,0.0,0.0,0.0,0.0
15:17:38,0.0,0.0,0.0,0.0,0.0,0.0
15:17:38,0.0,0.0,0.0,0.0,0.0,0.0
15:17:38,0.0,0.0,0.0,0.0,0.0,0.0
15:17:38,0.0,0.0,0.0,0.0,0.0,0.0
15:17:38,0.0,0.0,0.0,0.0,0.0,0.0
15:17:38,0.0,0.0,0.0,0.0,0.0,0.0
15:17:38,0.0,0.0,0.0,0.0,0.0,0.0
15:17:39,0.0,0.0,0.0,0.0,0.0,0.0
15:17:39,0.0,0.0,0.0,0.0,0.0,0.0
15:17:39,0.0,0.0,0.0,0.0,0.0,0.0
15:17:39,0.0,0.0,0.0,0.0,0.0,0.0
15:17:39,0.0,0.0,0.0,0.0,0.0,0.0
15:17:39,0.0,0.0,0.0,0.0,0.0,0.0
15:17:39,0.0,0.0,0.0,0.0,0.0,0.0
15:17:39,0.0,0.0,0.0,0.0,0.0,0.0
15:17:39,0.0,0.0,0.0,0.0,0.0,0.0
15:17:40,0.0,0.0,0.0,0.0,0.0,0.0
15:17:40,0.0,0.0,0.0,0.0,0.0,0.0
15:17:40,0.0,0.0,0.0,0.0,0.0,0.0
15:17:40,0.0,0.0,0.0,0.0,0.0,0.0
15:17:40,0.0,0.0,0.0,0.0,0.0,0.0
15:17:40,0.0,0.0,0.0,0.0,0.0,0.0
15:17:40,0.0,0.0,0.0,0.0,0.0,0.0
15:17:40,0.0,0.0,0.0,0.0,0.0,0.0
15:17:40,0.0,0.0,0.0,0.0,0.0,0.0
15:17:41,0.0,0.0,0.0,0.0,0.0,0.0
15:17:41,0.0,0.0,0.0,0.0,0.0,0.0
15:17:41,0.0,0.0,0.0,0.0,0.0,0.0
15:17:41,0.0,0.0,0.0,0.0,0.0,0.0
15:17:41,0.0,0.0,0.0,0.0,0.0,0.0
15:17:41,0.0,0.0,0.0,0.0,0.0,0.0
15:17:41,0.0,0.0,0.0,0.0,0.0,0.0
15:17:41,0.0,0.0,0.0,0.0,0.0,0.0
15:17:41,0.0,0.0,0.0,0.0,0.0,0.0
15:17:42,0.0,0.0,0.0,0.0,0.0,0.0
15:17:42,0.0,0.0,0.0,0.0,0.0,0.0
15:17:42,0.0,0.0,0.0,0.0,0.0,0.0
15:17:42,0.0,0.0,0.0,0.0,0.0,0.0
15:17:42,0.0,0.0,0.0,0.0,0.0,0.0
15:17:42,0.0,0.0,0.0,0.0,0.0,0.0
15:17:42,0.0,0.0,0.0,0.0,0.0,0.0
15:17:42,0.0,0.0,0.0,0.0,0.0,0.0
15:17:42,0.0,0.0,0.0,0.0,0.0,0.0
15:17:43,0.0,0.0,0.0,0.0,0.0,0.0
15:17:43,0.0,0.0,0.0,0.0,0.0,0.0
15:17:43,0.0,0.0,0.0,0.0,0.0,0.0
15:17:43,0.0,0.0,0.0,0.0,0.0,0.0
15:17:43,0.0,0.0,0.0,0.0,0.0,0.0
15:17:43,0.0,0.0,0.0,0.0,0.0,0.0
15:17:43,0.0,0.0,0.0,0.0,0.0,0.0
15:17:43,0.0,0.0,0.0,0.0,0.0,0.0
15:17:43,0.0,0.0,0.0,0.0,0.0,0.0
15:17:44,0.0,0.0,0.0,0.0,0.0,0.0
15:17:44,0.0,0.0,0.0,0.0,0.0,0.0
15:17:44,0.0,0.0,0.0,0.0,0.0,0.0
15:17:44,0.0,0.0,0.0,0.0,0.0,0.0
15:17:44,0.0,0.0,0.0,0.0,0.0,0.0
15:17:44,0.0,0.0,0.0,0.0,0.0,0.0
15:17:44,0.0,0.0,0.0,0.0,0.0,0.0
15:17:44,0.0,0.0,0.0,0.0,0.0,0.0
15:17:44,0.0,0.0,0.0,0.0,0.0,0.0
15:17:45,0.0,0.0,0.0,0.0,0.0,0.0
15:17:45,0.0,0.0,0.0,0.0,0.0,0.0
15:17:45,0.0,0.0,0.0,0.0,0.0,0.0
15:17:45,0.0,0.0,0.0,0.0,0.0,0.0
15:17:45,0.0,0.0,0.0,0.0,0.0,0.0
15:17:45,0.0,0.0,0.0,0.0,0.0,0.0
15:17:45,0.0,0.0,0.0,0.0,0.0,0.0
15:17:45,0.0,0.0,0.0,0.0,0.0,0.0
15:17:46,0.0,0.0,0.0,0.0,0.0,0.0
15:17:46,0.0,0.0,0.0,0.0,0.0,0.0
15:17:46,0.0,0.0,0.0,0.0,0.0,0.0
15:17:46,0.0,0.0,0.0,0.0,0.0,0.0
15:17:46,0.0,0.0,0.0,0.0,0.0,0.0
15:17:46,0.0,0.0,0.0,0.0,0.0,0.0
15:17:46,0.0,0.0,0.0,0.0,0.0,0.0
15:17:46,0.0,0.0,0.0,0.0,0.0,0.0
15:17:47,0.0,0.0,0.0,0.0,0.0,0.0
15:17:47,0.0,0.0,0.0,0.0,0.0,0.0
15:17:47,0.0,0.0,0.0,0.0,0.0,0.0
15:17:47,0.0,0.0,0.0,0.0,0.0,0.0
15:17:47,0.0,0.0,0.0,0.0,0.0,0.0
15:17:47,0.0,0.0,0.0,0.0,0.0,0.0
15:17:47,0.0,0.0,0.0,0.0,0.0,0.0
15:17:47,0.0,0.0,0.0,0.0,0.0,0.0
15:17:47,0.0,0.0,0.0,0.0,0.0,0.0
15:17:48,0.0,0.0,0.0,0.0,0.0,0.0
15:17:48,0.0,0.0,0.0,0.0,0.0,0.0
15:17:48,0.0,0.0,0.0,0.0,0.0,0.0
15:17:48,0.0,0.0,0.0,0.0,0.0,0.0
15:17:48,0.0,0.0,0.0,0.0,0.0,0.0
15:17:48,0.0,0.0,0.0,0.0,0.0,0.0
15:17:48,0.0,0.0,0.0,0.0,0.0,0.0
15:17:48,0.0,0.0,0.0,0.0,0.0,0.0
15:17:48,0.0,0.0,0.0,0.0,0.0,0.0
15:17:49,0.0,0.0,0.0,0.0,0.0,0.0
15:17:49,0.0,0.0,0.0,0.0,0.0,0.0
15:17:49,0.0,0.0,0.0,0.0,0.0,0.0
15:17:49,0.0,0.0,0.0,0.0,0.0,0.0
15:17:49,0.0,0.0,0.0,0.0,0.0,0.0
15:17:49,0.0,0.0,0.0,0.0,0.0,0.0
15:17:49,0.0,0.0,0.0,0.0,0.0,0.0
15:17:49,0.0,0.0,0.0,0.0,0.0,0.0
15:17:49,0.0,0.0,0.0,0.0,0.0,0.0
15:17:50,0.0,0.0,0.0,0.0,0.0,0.0
15:17:50,0.0,0.0,0.0,0.0,0.0,0.0
15:17:50,0.0,0.0,0.0,0.0,0.0,0.0
15:17:50,0.0,0.0,0.0,0.0,0.0,0.0
15:17:50,0.0,0.0,0.0,0.0,0.0,0.0
15:17:50,0.0,0.0,0.0,0.0,0.0,0.0
15:17:50,0.0,0.0,0.0,0.0,0.0,0.0
15:17:50,0.0,0.0,0.0,0.0,0.0,0.0
15:17:50,0.0,0.0,0.0,0.0,0.0,0.0
15:17:51,0.0,0.0,0.0,0.0,0.0,0.0
15:17:51,0.0,0.0,0.0,0.0,0.0,0.0
15:17:51,0.0,0.0,0.0,0.0,0.0,0.0
15:17:51,0.0,0.0,0.0,0.0,0.0,0.0
15:17:51,0.0,0.0,0.0,0.0,0.0,0.0
15:17:51,0.0,0.0,0.0,0.0,0.0,0.0
15:17:51,0.0,0.0,0.0,0.0,0.0,0.0
15:17:51,0.0,0.0,0.0,0.0,0.0,0.0
15:17:51,0.0,0.0,0.0,0.0,0.0,0.0
15:17:52,0.0,0.0,0.0,0.0,0.0,0.0
15:17:52,0.0,0.0,0.0,0.0,0.0,0.0
15:17:52,0.0,0.0,0.0,0.0,0.0,0.0
15:17:52,0.0,0.0,0.0,0.0,0.0,0.0
15:17:52,0.0,0.0,0.0,0.0,0.0,0.0
15:17:52,0.0,0.0,0.0,0.0,0.0,0.0
15:17:52,0.0,0.0,0.0,0.0,0.0,0.0
15:17:52,0.0,0.0,0.0,0.0,0.0,0.0
15:17:52,0.0,0.0,0.0,0.0,0.0,0.0
15:17:53,0.0,0.0,0.0,0.0,0.0,0.0
15:17:53,0.0,0.0,0.0,0.0,0.0,0.0
15:17:53,0.0,0.0,0.0,0.0,0.0,0.0
15:17:53,0.0,0.0,0.0,0.0,0.0,0.0
15:17:53,0.0,0.0,0.0,0.0,0.0,0.0
15:17:53,0.0,0.0,0.0,0.0,0.0,0.0
15:17:53,0.0,0.0,0.0,0.0,0.0,0.0
15:17:53,0.0,0.0,0.0,0.0,0.0,0.0
15:17:53,0.0,0.0,0.0,0.0,0.0,0.0
15:17:54,0.0,0.0,0.0,0.0,0.0,0.0
15:17:54,0.0,0.0,0.0,0.0,0.0,0.0
15:17:54,0.0,0.0,0.0,0.0,0.0,0.0
15:17:54,0.0,0.0,0.0,0.0,0.0,0.0
15:17:54,0.0,0.0,0.0,0.0,0.0,0.0
15:17:54,0.0,0.0,0.0,0.0,0.0,0.0
15:17:54,0.0,0.0,0.0,0.0,0.0,0.0
15:17:54,0.0,0.0,0.0,0.0,0.0,0.0
15:17:54,0.0,0.0,0.0,0.0,0.0,0.0
15:17:55,0.0,0.0,0.0,0.0,0.0,0.0
15:17:55,0.0,0.0,0.0,0.0,0.0,0.0
15:17:55,0.0,0.0,0.0,0.0,0.0,0.0
15:17:55,0.0,0.0,0.0,0.0,0.0,0.0
15:17:55,0.0,0.0,0.0,0.0,0.0,0.0
15:17:55,0.0,0.0,0.0,0.0,0.0,0.0
15:17:55,0.0,0.0,0.0,0.0,0.0,0.0
15:17:55,0.0,0.0,0.0,0.0,0.0,0.0
15:17:55,0.0,0.0,0.0,0.0,0.0,0.0
15:17:56,0.0,0.0,0.0,0.0,0.0,0.0
15:17:56,0.0,0.0,0.0,0.0,0.0,0.0
15:17:56,0.0,0.0,0.0,0.0,0.0,0.0
15:17:56,0.0,0.0,0.0,0.0,0.0,0.0
15:17:56,0.0,0.0,0.0,0.0,0.0,0.0
15:17:56,0.0,0.0,0.0,0.0,0.0,0.0
15:17:56,0.0,0.0,0.0,0.0,0.0,0.0
15:17:56,0.0,0.0,0.0,0.0,0.0,0.0
15:17:56,0.0,0.0,0.0,0.0,0.0,0.0
15:17:57,0.0,0.0,0.0,0.0,0.0,0.0
15:17:57,0.0,0.0,0.0,0.0,0.0,0.0
15:17:57,0.0,0.0,0.0,0.0,0.0,0.0
15:17:57,0.0,0.0,0.0,0.0,0.0,0.0
15:17:57,0.0,0.0,0.0,0.0,0.0,0.0
15:17:57,0.0,0.0,0.0,0.0,0.0,0.0
15:17:57,0.0,0.0,0.0,0.0,0.0,0.0
15:17:57,0.0,0.0,0.0,0.0,0.0,0.0
15:17:58,0.0,0.0,0.0,0.0,0.0,0.0
15:17:58,0.0,0.0,0.0,0.0,0.0,0.0
15:17:58,0.0,0.0,0.0,0.0,0.0,0.0
15:17:58,0.0,0.0,0.0,0.0,0.0,0.0
15:17:58,0.0,0.0,0.0,0.0,0.0,0.0
15:17:58,0.0,0.0,0.0,0.0,0.0,0.0
15:17:58,0.0,0.0,0.0,0.0,0.0,0.0
15:17:58,0.0,0.0,0.0,0.0,0.0,0.0
15:17:59,0.0,0.0,0.0,0.0,0.0,0.0
15:17:59,0.0,0.0,0.0,0.0,0.0,0.0
15:17:59,0.0,0.0,0.0,0.0,0.0,0.0
15:17:59,0.0,0.0,0.0,0.0,0.0,0.0
15:17:59,0.0,0.0,0.0,0.0,0.0,0.0
15:17:59,0.0,0.0,0.0,0.0,0.0,0.0
15:17:59,0.0,0.0,0.0,0.0,0.0,0.0
15:17:59,0.0,0.0,0.0,0.0,0.0,0.0
15:17:59,0.0,0.0,0.0,0.0,0.0,0.0
15:18:00,0.0,0.0,0.0,0.0,0.0,0.0
15:18:00,0.0,0.0,0.0,0.0,0.0,0.0
15:18:00,0.0,0.0,0.0,0.0,0.0,0.0
15:18:00,0.0,0.0,0.0,0.0,0.0,0.0
15:18:00,0.0,0.0,0.0,0.0,0.0,0.0
15:18:00,0.0,0.0,0.0,0.0,0.0,0.0
15:18:00,0.0,0.0,0.0,0.0,0.0,0.0
15:18:00,0.0,0.0,0.0,0.0,0.0,0.0
15:18:00,0.0,0.0,0.0,0.0,0.0,0.0
15:18:01,0.0,0.0,0.0,0.0,0.0,0.0
15:18:01,0.0,0.0,0.0,0.0,0.0,0.0
15:18:01,0.0,0.0,0.0,0.0,0.0,0.0
15:18:01,0.0,0.0,0.0,0.0,0.0,0.0
15:18:01,0.0,0.0,0.0,0.0,0.0,0.0
15:18:01,0.0,0.0,0.0,0.0,0.0,0.0
15:18:01,0.0,0.0,0.0,0.0,0.0,0.0
15:18:01,0.0,0.0,0.0,0.0,0.0,0.0
15:18:01,0.0,0.0,0.0,0.0,0.0,0.0
15:18:02,0.0,0.0,0.0,0.0,0.0,0.0
15:18:02,0.0,0.0,0.0,0.0,0.0,0.0
15:18:02,0.0,0.0,0.0,0.0,0.0,0.0
15:18:02,0.0,0.0,0.0,0.0,0.0,0.0
15:18:02,0.0,0.0,0.0,0.0,0.0,0.0
15:18:02,0.0,0.0,0.0,0.0,0.0,0.0
15:18:02,0.0,0.0,0.0,0.0,0.0,0.0
15:18:02,0.0,0.0,0.0,0.0,0.0,0.0
15:18:02,0.0,0.0,0.0,0.0,0.0,0.0
15:18:03,0.0,0.0,0.0,0.0,0.0,0.0
15:18:03,0.0,0.0,0.0,0.0,0.0,0.0
15:18:03,0.0,0.0,0.0,0.0,0.0,0.0
15:18:03,0.0,0.0,0.0,0.0,0.0,0.0
15:18:03,0.0,0.0,0.0,0.0,0.0,0.0
15:18:03,0.0,0.0,0.0,0.0,0.0,0.0
15:18:03,0.0,0.0,0.0,0.0,0.0,0.0
15:18:03,0.0,0.0,0.0,0.0,0.0,0.0
15:18:03,0.0,0.0,0.0,0.0,0.0,0.0
15:18:04,0.0,0.0,0.0,0.0,0.0,0.0
15:18:04,0.0,0.0,0.0,0.0,0.0,0.0
15:18:04,0.0,0.0,0.0,0.0,0.0,0.0
15:18:04,0.0,0.0,0.0,0.0,0.0,0.0
15:18:04,0.0,0.0,0.0,0.0,0.0,0.0
15:18:04,0.0,0.0,0.0,0.0,0.0,0.0
15:18:04,0.0,0.0,0.0,0.0,0.0,0.0
15:18:04,0.0,0.0,0.0,0.0,0.0,0.0
15:18:04,0.0,0.0,0.0,0.0,0.0,0.0
15:18:05,0.0,0.0,0.0,0.0,0.0,0.0
15:18:05,0.0,0.0,0.0,0.0,0.0,0.0
15:18:05,0.0,0.0,0.0,0.0,0.0,0.0
15:18:05,0.0,0.0,0.0,0.0,0.0,0.0
15:18:05,0.0,0.0,0.0,0.0,0.0,0.0
15:18:05,0.0,0.0,0.0,0.0,0.0,0.0
15:18:05,0.0,0.0,0.0,0.0,0.0,0.0
15:18:05,0.0,0.0,0.0,0.0,0.0,0.0
15:18:05,0.0,0.0,0.0,0.0,0.0,0.0
15:18:06,0.0,0.0,0.0,0.0,0.0,0.0
15:18:06,0.0,0.0,0.0,0.0,0.0,0.0
15:18:06,0.0,0.0,0.0,0.0,0.0,0.0
15:18:06,0.0,0.0,0.0,0.0,0.0,0.0
15:18:06,0.0,0.0,0.0,0.0,0.0,0.0
15:18:06,0.0,0.0,0.0,0.0,0.0,0.0
15:18:06,0.0,0.0,0.0,0.0,0.0,0.0
15:18:06,0.0,0.0,0.0,0.0,0.0,0.0
15:18:06,0.0,0.0,0.0,0.0,0.0,0.0
15:18:07,0.0,0.0,0.0,0.0,0.0,0.0
15:18:07,0.0,0.0,0.0,0.0,0.0,0.0
15:18:07,0.0,0.0,0.0,0.0,0.0,0.0
15:18:07,0.0,0.0,0.0,0.0,0.0,0.0
15:18:07,0.0,0.0,0.0,0.0,0.0,0.0
15:18:07,0.0,0.0,0.0,0.0,0.0,0.0
15:18:07,0.0,0.0,0.0,0.0,0.0,0.0
15:18:07,0.0,0.0,0.0,0.0,0.0,0.0
15:18:07,0.0,0.0,0.0,0.0,0.0,0.0
15:18:08,0.0,0.0,0.0,0.0,0.0,0.0
15:18:08,0.0,0.0,0.0,0.0,0.0,0.0
15:18:08,0.0,0.0,0.0,0.0,0.0,0.0
15:18:08,0.0,0.0,0.0,0.0,0.0,0.0
15:18:08,0.0,0.0,0.0,0.0,0.0,0.0
15:18:08,0.0,0.0,0.0,0.0,0.0,0.0
15:18:08,0.0,0.0,0.0,0.0,0.0,0.0
15:18:08,0.0,0.0,0.0,0.0,0.0,0.0
15:18:08,0.0,0.0,0.0,0.0,0.0,0.0
15:18:09,0.0,0.0,0.0,0.0,0.0,0.0
15:18:09,0.0,0.0,0.0,0.0,0.0,0.0
15:18:09,0.0,0.0,0.0,0.0,0.0,0.0
15:18:09,0.0,0.0,0.0,0.0,0.0,0.0
15:18:09,0.0,0.0,0.0,0.0,0.0,0.0
15:18:09,0.0,0.0,0.0,0.0,0.0,0.0
15:18:09,0.0,0.0,0.0,0.0,0.0,0.0
15:18:09,0.0,0.0,0.0,0.0,0.0,0.0
15:18:10,0.0,0.0,0.0,0.0,0.0,0.0
15:18:10,0.0,0.0,0.0,0.0,0.0,0.0
15:18:10,0.0,0.0,0.0,0.0,0.0,0.0
15:18:10,0.0,0.0,0.0,0.0,0.0,0.0
15:18:10,0.0,0.0,0.0,0.0,0.0,0.0
15:18:10,0.0,0.0,0.0,0.0,0.0,0.0
15:18:10,0.0,0.0,0.0,0.0,0.0,0.0
15:18:10,0.0,0.0,0.0,0.0,0.0,0.0
15:18:11,0.0,0.0,0.0,0.0,0.0,0.0
15:18:11,0.0,0.0,0.0,0.0,0.0,0.0
15:18:11,0.0,0.0,0.0,0.0,0.0,0.0
15:18:11,0.0,0.0,0.0,0.0,0.0,0.0
15:18:11,0.0,0.0,0.0,0.0,0.0,0.0
15:18:11,0.0,0.0,0.0,0.0,0.0,0.0
15:18:11,0.0,0.0,0.0,0.0,0.0,0.0
15:18:11,0.0,0.0,0.0,0.0,0.0,0.0
15:18:12,0.0,0.0,0.0,0.0,0.0,0.0
15:18:12,0.0,0.0,0.0,0.0,0.0,0.0
15:18:12,0.0,0.0,0.0,0.0,0.0,0.0
15:18:12,0.0,0.0,0.0,0.0,0.0,0.0
15:18:12,0.0,0.0,0.0,0.0,0.0,0.0
15:18:12,0.0,0.0,0.0,0.0,0.0,0.0
15:18:12,0.0,0.0,0.0,0.0,0.0,0.0
15:18:12,0.0,0.0,0.0,0.0,0.0,0.0
15:18:12,0.0,0.0,0.0,0.0,0.0,0.0
15:18:13,0.0,0.0,0.0,0.0,0.0,0.0
15:18:13,0.0,0.0,0.0,0.0,0.0,0.0
15:18:13,0.0,0.0,0.0,0.0,0.0,0.0
15:18:13,0.0,0.0,0.0,0.0,0.0,0.0
15:18:13,0.0,0.0,0.0,0.0,0.0,0.0
15:18:13,0.0,0.0,0.0,0.0,0.0,0.0
15:18:13,0.0,0.0,0.0,0.0,0.0,0.0
15:18:13,0.0,0.0,0.0,0.0,0.0,0.0
15:18:14,0.0,0.0,0.0,0.0,0.0,0.0
15:18:14,0.0,0.0,0.0,0.0,0.0,0.0
15:18:14,0.0,0.0,0.0,0.0,0.0,0.0
15:18:14,0.0,0.0,0.0,0.0,0.0,0.0
15:18:14,0.0,0.0,0.0,0.0,0.0,0.0
15:18:14,0.0,0.0,0.0,0.0,0.0,0.0
15:18:14,0.0,0.0,0.0,0.0,0.0,0.0
15:18:14,0.0,0.0,0.0,0.0,0.0,0.0
15:18:15,0.0,0.0,0.0,0.0,0.0,0.0
15:18:15,0.0,0.0,0.0,0.0,0.0,0.0
15:18:15,0.0,0.0,0.0,0.0,0.0,0.0
15:18:15,0.0,0.0,0.0,0.0,0.0,0.0
15:18:15,0.0,0.0,0.0,0.0,0.0,0.0
15:18:15,0.0,0.0,0.0,0.0,0.0,0.0
15:18:15,0.0,0.0,0.0,0.0,0.0,0.0
15:18:15,0.0,0.0,0.0,0.0,0.0,0.0
15:18:16,0.0,0.0,0.0,0.0,0.0,0.0
15:18:16,0.0,0.0,0.0,0.0,0.0,0.0
15:18:16,0.0,0.0,0.0,0.0,0.0,0.0
15:18:16,0.0,0.0,0.0,0.0,0.0,0.0
15:18:16,0.0,0.0,0.0,0.0,0.0,0.0
15:18:16,0.0,0.0,0.0,0.0,0.0,0.0
15:18:16,0.0,0.0,0.0,0.0,0.0,0.0
15:18:16,0.0,0.0,0.0,0.0,0.0,0.0
15:18:16,0.0,0.0,0.0,0.0,0.0,0.0
15:18:17,0.0,0.0,0.0,0.0,0.0,0.0
15:18:17,0.0,0.0,0.0,0.0,0.0,0.0
15:18:17,0.0,0.0,0.0,0.0,0.0,0.0
15:18:17,0.0,0.0,0.0,0.0,0.0,0.0
15:18:17,0.0,0.0,0.0,0.0,0.0,0.0
15:18:17,0.0,0.0,0.0,0.0,0.0,0.0
15:18:17,0.0,0.0,0.0,0.0,0.0,0.0
15:18:17,0.0,0.0,0.0,0.0,0.0,0.0
15:18:17,0.0,0.0,0.0,0.0,0.0,0.0
15:18:18,0.0,0.0,0.0,0.0,0.0,0.0
15:18:18,0.0,0.0,0.0,0.0,0.0,0.0
15:18:18,0.0,0.0,0.0,0.0,0.0,0.0
15:18:18,0.0,0.0,0.0,0.0,0.0,0.0
15:18:18,0.0,0.0,0.0,0.0,0.0,0.0
15:18:18,0.0,0.0,0.0,0.0,0.0,0.0
15:18:18,0.0,0.0,0.0,0.0,0.0,0.0
15:18:18,0.0,0.0,0.0,0.0,0.0,0.0
15:18:18,0.0,0.0,0.0,0.0,0.0,0.0
15:18:19,0.0,0.0,0.0,0.0,0.0,0.0
15:18:19,0.0,0.0,0.0,0.0,0.0,0.0
15:18:19,0.0,0.0,0.0,0.0,0.0,0.0
15:18:19,0.0,0.0,0.0,0.0,0.0,0.0
15:18:19,0.0,0.0,0.0,0.0,0.0,0.0
15:18:19,0.0,0.0,0.0,0.0,0.0,0.0
15:18:19,0.0,0.0,0.0,0.0,0.0,0.0
15:18:19,0.0,0.0,0.0,0.0,0.0,0.0
15:18:19,0.0,0.0,0.0,0.0,0.0,0.0
15:18:20,0.0,0.0,0.0,0.0,0.0,0.0
15:18:20,0.0,0.0,0.0,0.0,0.0,0.0
15:18:20,0.0,0.0,0.0,0.0,0.0,0.0
15:18:20,0.0,0.0,0.0,0.0,0.0,0.0
15:18:20,0.0,0.0,0.0,0.0,0.0,0.0
15:18:20,0.0,0.0,0.0,0.0,0.0,0.0
15:18:20,0.0,0.0,0.0,0.0,0.0,0.0
15:18:20,0.0,0.0,0.0,0.0,0.0,0.0
15:18:20,0.0,0.0,0.0,0.0,0.0,0.0
15:18:21,0.0,0.0,0.0,0.0,0.0,0.0
15:18:21,0.0,0.0,0.0,0.0,0.0,0.0
15:18:21,0.0,0.0,0.0,0.0,0.0,0.0
15:18:21,0.0,0.0,0.0,0.0,0.0,0.0
15:18:21,0.0,0.0,0.0,0.0,0.0,0.0
15:18:21,0.0,0.0,0.0,0.0,0.0,0.0
15:18:21,0.0,0.0,0.0,0.0,0.0,0.0
15:18:21,0.0,0.0,0.0,0.0,0.0,0.0
15:18:21,0.0,0.0,0.0,0.0,0.0,0.0
15:18:22,0.0,0.0,0.0,0.0,0.0,0.0
15:18:22,0.0,0.0,0.0,0.0,0.0,0.0
15:18:22,0.0,0.0,0.0,0.0,0.0,0.0
15:18:22,0.0,0.0,0.0,0.0,0.0,0.0
15:18:22,0.0,0.0,0.0,0.0,0.0,0.0
15:18:22,0.0,0.0,0.0,0.0,0.0,0.0
15:18:22,0.0,0.0,0.0,0.0,0.0,0.0
15:18:22,0.0,0.0,0.0,0.0,0.0,0.0
15:18:23,0.0,0.0,0.0,0.0,0.0,0.0
15:18:23,0.0,0.0,0.0,0.0,0.0,0.0
15:18:23,0.0,0.0,0.0,0.0,0.0,0.0
15:18:23,0.0,0.0,0.0,0.0,0.0,0.0
15:18:23,0.0,0.0,0.0,0.0,0.0,0.0
15:18:23,0.0,0.0,0.0,0.0,0.0,0.0
15:18:23,0.0,0.0,0.0,0.0,0.0,0.0
15:18:23,0.0,0.0,0.0,0.0,0.0,0.0
15:18:24,0.0,0.0,0.0,0.0,0.0,0.0
15:18:24,0.0,0.0,0.0,0.0,0.0,0.0
15:18:24,0.0,0.0,0.0,0.0,0.0,0.0
15:18:24,0.0,0.0,0.0,0.0,0.0,0.0
15:18:24,0.0,0.0,0.0,0.0,0.0,0.0
15:18:24,0.0,0.0,0.0,0.0,0.0,0.0
15:18:24,0.0,0.0,0.0,0.0,0.0,0.0
15:18:24,0.0,0.0,0.0,0.0,0.0,0.0
15:18:24,0.0,0.0,0.0,0.0,0.0,0.0
15:18:25,0.0,0.0,0.0,0.0,0.0,0.0
15:18:25,0.0,0.0,0.0,0.0,0.0,0.0
15:18:25,0.0,0.0,0.0,0.0,0.0,0.0
15:18:25,0.0,0.0,0.0,0.0,0.0,0.0
15:18:25,0.0,0.0,0.0,0.0,0.0,0.0
15:18:25,0.0,0.0,0.0,0.0,0.0,0.0
15:18:25,0.0,0.0,0.0,0.0,0.0,0.0
15:18:25,0.0,0.0,0.0,0.0,0.0,0.0
15:18:25,0.0,0.0,0.0,0.0,0.0,0.0
15:18:26,0.0,0.0,0.0,0.0,0.0,0.0
15:18:26,0.0,0.0,0.0,0.0,0.0,0.0
15:18:26,0.0,0.0,0.0,0.0,0.0,0.0
15:18:26,0.0,0.0,0.0,0.0,0.0,0.0
15:18:26,0.0,0.0,0.0,0.0,0.0,0.0
15:18:26,0.0,0.0,0.0,0.0,0.0,0.0
15:18:26,0.0,0.0,0.0,0.0,0.0,0.0
15:18:26,0.0,0.0,0.0,0.0,0.0,0.0
15:18:27,0.0,0.0,0.0,0.0,0.0,0.0
15:18:27,0.0,0.0,0.0,0.0,0.0,0.0
15:18:27,0.0,0.0,0.0,0.0,0.0,0.0
15:18:27,0.0,0.0,0.0,0.0,0.0,0.0
15:18:27,0.0,0.0,0.0,0.0,0.0,0.0
15:18:27,0.0,0.0,0.0,0.0,0.0,0.0
15:18:27,0.0,0.0,0.0,0.0,0.0,0.0
15:18:27,0.0,0.0,0.0,0.0,0.0,0.0
15:18:28,0.0,0.0,0.0,0.0,0.0,0.0
15:18:28,0.0,0.0,0.0,0.0,0.0,0.0
15:18:28,0.0,0.0,0.0,0.0,0.0,0.0
15:18:28,0.0,0.0,0.0,0.0,0.0,0.0
15:18:28,0.0,0.0,0.0,0.0,0.0,0.0
15:18:28,0.0,0.0,0.0,0.0,0.0,0.0
15:18:28,0.0,0.0,0.0,0.0,0.0,0.0
15:18:28,0.0,0.0,0.0,0.0,0.0,0.0
15:18:28,0.0,0.0,0.0,0.0,0.0,0.0
15:18:29,0.0,0.0,0.0,0.0,0.0,0.0
15:18:29,0.0,0.0,0.0,0.0,0.0,0.0
15:18:29,0.0,0.0,0.0,0.0,0.0,0.0
15:18:29,0.0,0.0,0.0,0.0,0.0,0.0
15:18:29,0.0,0.0,0.0,0.0,0.0,0.0
15:18:29,0.0,0.0,0.0,0.0,0.0,0.0
15:18:29,0.0,0.0,0.0,0.0,0.0,0.0
15:18:29,0.0,0.0,0.0,0.0,0.0,0.0
15:18:29,0.0,0.0,0.0,0.0,0.0,0.0
15:18:30,0.0,0.0,0.0,0.0,0.0,0.0
15:18:30,0.0,0.0,0.0,0.0,0.0,0.0
15:18:30,0.0,0.0,0.0,0.0,0.0,0.0
15:18:30,0.0,0.0,0.0,0.0,0.0,0.0
15:18:30,0.0,0.0,0.0,0.0,0.0,0.0
15:18:30,0.0,0.0,0.0,0.0,0.0,0.0
15:18:30,0.0,0.0,0.0,0.0,0.0,0.0
15:18:30,0.0,0.0,0.0,0.0,0.0,0.0
15:18:31,0.0,0.0,0.0,0.0,0.0,0.0
15:18:31,0.0,0.0,0.0,0.0,0.0,0.0
15:18:31,0.0,0.0,0.0,0.0,0.0,0.0
15:18:31,0.0,0.0,0.0,0.0,0.0,0.0
15:18:31,0.0,0.0,0.0,0.0,0.0,0.0
15:18:31,0.0,0.0,0.0,0.0,0.0,0.0
15:18:31,0.0,0.0,0.0,0.0,0.0,0.0
15:18:31,0.0,0.0,0.0,0.0,0.0,0.0
15:18:31,0.0,0.0,0.0,0.0,0.0,0.0
15:18:32,0.0,0.0,0.0,0.0,0.0,0.0
15:18:32,0.0,0.0,0.0,0.0,0.0,0.0
15:18:32,0.0,0.0,0.0,0.0,0.0,0.0
15:18:32,0.0,0.0,0.0,0.0,0.0,0.0
15:18:32,0.0,0.0,0.0,0.0,0.0,0.0
15:18:32,0.0,0.0,0.0,0.0,0.0,0.0
15:18:32,0.0,0.0,0.0,0.0,0.0,0.0
15:18:32,0.0,0.0,0.0,0.0,0.0,0.0
15:18:32,0.0,0.0,0.0,0.0,0.0,0.0
15:18:33,0.0,0.0,0.0,0.0,0.0,0.0
15:18:33,0.0,0.0,0.0,0.0,0.0,0.0
15:18:33,0.0,0.0,0.0,0.0,0.0,0.0
15:18:33,0.0,0.0,0.0,0.0,0.0,0.0
15:18:33,0.0,0.0,0.0,0.0,0.0,0.0
15:18:33,0.0,0.0,0.0,0.0,0.0,0.0
15:18:33,0.0,0.0,0.0,0.0,0.0,0.0
15:18:33,0.0,0.0,0.0,0.0,0.0,0.0
15:18:33,0.0,0.0,0.0,0.0,0.0,0.0
15:18:34,0.0,0.0,0.0,0.0,0.0,0.0
15:18:34,0.0,0.0,0.0,0.0,0.0,0.0
15:18:34,0.0,0.0,0.0,0.0,0.0,0.0
15:18:34,0.0,0.0,0.0,0.0,0.0,0.0
15:18:34,0.0,0.0,0.0,0.0,0.0,0.0
15:18:34,0.0,0.0,0.0,0.0,0.0,0.0
15:18:34,0.0,0.0,0.0,0.0,0.0,0.0
15:18:34,0.0,0.0,0.0,0.0,0.0,0.0
15:18:35,0.0,0.0,0.0,0.0,0.0,0.0
15:18:35,0.0,0.0,0.0,0.0,0.0,0.0
15:18:35,0.0,0.0,0.0,0.0,0.0,0.0
15:18:35,0.0,0.0,0.0,0.0,0.0,0.0
15:18:35,0.0,0.0,0.0,0.0,0.0,0.0
15:18:35,0.0,0.0,0.0,0.0,0.0,0.0
15:18:35,0.0,0.0,0.0,0.0,0.0,0.0
15:18:35,0.0,0.0,0.0,0.0,0.0,0.0
15:18:36,0.0,0.0,0.0,0.0,0.0,0.0
15:18:36,0.0,0.0,0.0,0.0,0.0,0.0
15:18:36,0.0,0.0,0.0,0.0,0.0,0.0
15:18:36,0.0,0.0,0.0,0.0,0.0,0.0
15:18:36,0.0,0.0,0.0,0.0,0.0,0.0
15:18:36,0.0,0.0,0.0,0.0,0.0,0.0
15:18:36,0.0,0.0,0.0,0.0,0.0,0.0
15:18:36,0.0,0.0,0.0,0.0,0.0,0.0
15:18:36,0.0,0.0,0.0,0.0,0.0,0.0
15:18:37,0.0,0.0,0.0,0.0,0.0,0.0
15:18:37,0.0,0.0,0.0,0.0,0.0,0.0
15:18:37,0.0,0.0,0.0,0.0,0.0,0.0
15:18:37,0.0,0.0,0.0,0.0,0.0,0.0
15:18:37,0.0,0.0,0.0,0.0,0.0,0.0
15:18:37,0.0,0.0,0.0,0.0,0.0,0.0
15:18:37,0.0,0.0,0.0,0.0,0.0,0.0
15:18:37,0.0,0.0,0.0,0.0,0.0,0.0
15:18:37,0.0,0.0,0.0,0.0,0.0,0.0
15:18:38,0.0,0.0,0.0,0.0,0.0,0.0
15:18:38,0.0,0.0,0.0,0.0,0.0,0.0
15:18:38,0.0,0.0,0.0,0.0,0.0,0.0
15:18:38,0.0,0.0,0.0,0.0,0.0,0.0
15:18:38,0.0,0.0,0.0,0.0,0.0,0.0
15:18:38,0.0,0.0,0.0,0.0,0.0,0.0
15:18:38,0.0,0.0,0.0,0.0,0.0,0.0
15:18:38,0.0,0.0,0.0,0.0,0.0,0.0
15:18:38,0.0,0.0,0.0,0.0,0.0,0.0
15:18:39,0.0,0.0,0.0,0.0,0.0,0.0
15:18:39,0.0,0.0,0.0,0.0,0.0,0.0
15:18:39,0.0,0.0,0.0,0.0,0.0,0.0
15:18:39,0.0,0.0,0.0,0.0,0.0,0.0
15:18:39,0.0,0.0,0.0,0.0,0.0,0.0
15:18:39,0.0,0.0,0.0,0.0,0.0,0.0
15:18:39,0.0,0.0,0.0,0.0,0.0,0.0
15:18:39,0.0,0.0,0.0,0.0,0.0,0.0
15:18:39,0.0,0.0,0.0,0.0,0.0,0.0
15:18:40,0.0,0.0,0.0,0.0,0.0,0.0
15:18:40,0.0,0.0,0.0,0.0,0.0,0.0
15:18:40,0.0,0.0,0.0,0.0,0.0,0.0
15:18:40,0.0,0.0,0.0,0.0,0.0,0.0
15:18:40,0.0,0.0,0.0,0.0,0.0,0.0
15:18:40,0.0,0.0,0.0,0.0,0.0,0.0
15:18:40,0.0,0.0,0.0,0.0,0.0,0.0
15:18:40,0.0,0.0,0.0,0.0,0.0,0.0
15:18:40,0.0,0.0,0.0,0.0,0.0,0.0
15:18:41,0.0,0.0,0.0,0.0,0.0,0.0
15:18:41,0.0,0.0,0.0,0.0,0.0,0.0
15:18:41,0.0,0.0,0.0,0.0,0.0,0.0
15:18:41,0.0,0.0,0.0,0.0,0.0,0.0
15:18:41,0.0,0.0,0.0,0.0,0.0,0.0
15:18:41,0.0,0.0,0.0,0.0,0.0,0.0
15:18:41,0.0,0.0,0.0,0.0,0.0,0.0
15:18:41,0.0,0.0,0.0,0.0,0.0,0.0
15:18:41,0.0,0.0,0.0,0.0,0.0,0.0
15:18:42,0.0,0.0,0.0,0.0,0.0,0.0
15:18:42,0.0,0.0,0.0,0.0,0.0,0.0
15:18:42,0.0,0.0,0.0,0.0,0.0,0.0
15:18:42,0.0,0.0,0.0,0.0,0.0,0.0
15:18:42,0.0,0.0,0.0,0.0,0.0,0.0
15:18:42,0.0,0.0,0.0,0.0,0.0,0.0
15:18:42,0.0,0.0,0.0,0.0,0.0,0.0
15:18:42,0.0,0.0,0.0,0.0,0.0,0.0
15:18:42,0.0,0.0,0.0,0.0,0.0,0.0
15:18:43,0.0,0.0,0.0,0.0,0.0,0.0
15:18:43,0.0,0.0,0.0,0.0,0.0,0.0
15:18:43,0.0,0.0,0.0,0.0,0.0,0.0
15:18:43,0.0,0.0,0.0,0.0,0.0,0.0
15:18:43,0.0,0.0,0.0,0.0,0.0,0.0
15:18:43,0.0,0.0,0.0,0.0,0.0,0.0
15:18:43,0.0,0.0,0.0,0.0,0.0,0.0
15:18:43,0.0,0.0,0.0,0.0,0.0,0.0
15:18:43,0.0,0.0,0.0,0.0,0.0,0.0
15:18:44,0.0,0.0,0.0,0.0,0.0,0.0
15:18:44,0.0,0.0,0.0,0.0,0.0,0.0
15:18:44,0.0,0.0,0.0,0.0,0.0,0.0
15:18:44,0.0,0.0,0.0,0.0,0.0,0.0
15:18:44,0.0,0.0,0.0,0.0,0.0,0.0
15:18:44,0.0,0.0,0.0,0.0,0.0,0.0
15:18:44,0.0,0.0,0.0,0.0,0.0,0.0
15:18:44,0.0,0.0,0.0,0.0,0.0,0.0
15:18:44,0.0,0.0,0.0,0.0,0.0,0.0
15:18:45,0.0,0.0,0.0,0.0,0.0,0.0
15:18:45,0.0,0.0,0.0,0.0,0.0,0.0
15:18:45,0.0,0.0,0.0,0.0,0.0,0.0
15:18:45,0.0,0.0,0.0,0.0,0.0,0.0
15:18:45,0.0,0.0,0.0,0.0,0.0,0.0
15:18:45,0.0,0.0,0.0,0.0,0.0,0.0
15:18:45,0.0,0.0,0.0,0.0,0.0,0.0
15:18:45,0.0,0.0,0.0,0.0,0.0,0.0
15:18:45,0.0,0.0,0.0,0.0,0.0,0.0
15:18:46,0.0,0.0,0.0,0.0,0.0,0.0
15:18:46,0.0,0.0,0.0,0.0,0.0,0.0
15:18:46,0.0,0.0,0.0,0.0,0.0,0.0
15:18:46,0.0,0.0,0.0,0.0,0.0,0.0
15:18:46,0.0,0.0,0.0,0.0,0.0,0.0
15:18:46,0.0,0.0,0.0,0.0,0.0,0.0
15:18:46,0.0,0.0,0.0,0.0,0.0,0.0
15:18:46,0.0,0.0,0.0,0.0,0.0,0.0
15:18:47,0.0,0.0,0.0,0.0,0.0,0.0
15:18:47,0.0,0.0,0.0,0.0,0.0,0.0
15:18:47,0.0,0.0,0.0,0.0,0.0,0.0
15:18:47,0.0,0.0,0.0,0.0,0.0,0.0
15:18:47,0.0,0.0,0.0,0.0,0.0,0.0
15:18:47,0.0,0.0,0.0,0.0,0.0,0.0
15:18:47,0.0,0.0,0.0,0.0,0.0,0.0
15:18:47,0.0,0.0,0.0,0.0,0.0,0.0
15:18:48,0.0,0.0,0.0,0.0,0.0,0.0
15:18:48,0.0,0.0,0.0,0.0,0.0,0.0
15:18:48,0.0,0.0,0.0,0.0,0.0,0.0
15:18:48,0.0,0.0,0.0,0.0,0.0,0.0
15:18:48,0.0,0.0,0.0,0.0,0.0,0.0
15:18:48,0.0,0.0,0.0,0.0,0.0,0.0
15:18:48,0.0,0.0,0.0,0.0,0.0,0.0
15:18:48,0.0,0.0,0.0,0.0,0.0,0.0
15:18:48,0.0,0.0,0.0,0.0,0.0,0.0
15:18:49,0.0,0.0,0.0,0.0,0.0,0.0
15:18:49,0.0,0.0,0.0,0.0,0.0,0.0
15:18:49,0.0,0.0,0.0,0.0,0.0,0.0
15:18:49,0.0,0.0,0.0,0.0,0.0,0.0
15:18:49,0.0,0.0,0.0,0.0,0.0,0.0
15:18:49,0.0,0.0,0.0,0.0,0.0,0.0
15:18:49,0.0,0.0,0.0,0.0,0.0,0.0
15:18:49,0.0,0.0,0.0,0.0,0.0,0.0
15:18:49,0.0,0.0,0.0,0.0,0.0,0.0
15:18:50,0.0,0.0,0.0,0.0,0.0,0.0
15:18:50,0.0,0.0,0.0,0.0,0.0,0.0
15:18:50,0.0,0.0,0.0,0.0,0.0,0.0
15:18:50,0.0,0.0,0.0,0.0,0.0,0.0
15:18:50,0.0,0.0,0.0,0.0,0.0,0.0
15:18:50,0.0,0.0,0.0,0.0,0.0,0.0
15:18:50,0.0,0.0,0.0,0.0,0.0,0.0
15:18:50,0.0,0.0,0.0,0.0,0.0,0.0
15:18:50,0.0,0.0,0.0,0.0,0.0,0.0
15:18:51,0.0,0.0,0.0,0.0,0.0,0.0
15:18:51,0.0,0.0,0.0,0.0,0.0,0.0
15:18:51,0.0,0.0,0.0,0.0,0.0,0.0
15:18:51,0.0,0.0,0.0,0.0,0.0,0.0
15:18:51,0.0,0.0,0.0,0.0,0.0,0.0
15:18:51,0.0,0.0,0.0,0.0,0.0,0.0
15:18:51,0.0,0.0,0.0,0.0,0.0,0.0
15:18:51,0.0,0.0,0.0,0.0,0.0,0.0
15:18:51,0.0,0.0,0.0,0.0,0.0,0.0
15:18:52,0.0,0.0,0.0,0.0,0.0,0.0
15:18:52,0.0,0.0,0.0,0.0,0.0,0.0
15:18:52,0.0,0.0,0.0,0.0,0.0,0.0
15:18:52,0.0,0.0,0.0,0.0,0.0,0.0
15:18:52,0.0,0.0,0.0,0.0,0.0,0.0
15:18:52,0.0,0.0,0.0,0.0,0.0,0.0
15:18:52,0.0,0.0,0.0,0.0,0.0,0.0
15:18:52,0.0,0.0,0.0,0.0,0.0,0.0
15:18:52,0.0,0.0,0.0,0.0,0.0,0.0
15:18:53,0.0,0.0,0.0,0.0,0.0,0.0
15:18:53,0.0,0.0,0.0,0.0,0.0,0.0
15:18:53,0.0,0.0,0.0,0.0,0.0,0.0
15:18:53,0.0,0.0,0.0,0.0,0.0,0.0
15:18:53,0.0,0.0,0.0,0.0,0.0,0.0
15:18:53,0.0,0.0,0.0,0.0,0.0,0.0
15:18:53,0.0,0.0,0.0,0.0,0.0,0.0
15:18:53,0.0,0.0,0.0,0.0,0.0,0.0
15:18:53,0.0,0.0,0.0,0.0,0.0,0.0
15:18:54,0.0,0.0,0.0,0.0,0.0,0.0
15:18:54,0.0,0.0,0.0,0.0,0.0,0.0
15:18:54,0.0,0.0,0.0,0.0,0.0,0.0
15:18:54,0.0,0.0,0.0,0.0,0.0,0.0
15:18:54,0.0,0.0,0.0,0.0,0.0,0.0
15:18:54,0.0,0.0,0.0,0.0,0.0,0.0
15:18:54,0.0,0.0,0.0,0.0,0.0,0.0
15:18:54,0.0,0.0,0.0,0.0,0.0,0.0
15:18:54,0.0,0.0,0.0,0.0,0.0,0.0
15:18:55,0.0,0.0,0.0,0.0,0.0,0.0
15:18:55,0.0,0.0,0.0,0.0,0.0,0.0
15:18:55,0.0,0.0,0.0,0.0,0.0,0.0
15:18:55,0.0,0.0,0.0,0.0,0.0,0.0
15:18:55,0.0,0.0,0.0,0.0,0.0,0.0
15:18:55,0.0,0.0,0.0,0.0,0.0,0.0
15:18:55,0.0,0.0,0.0,0.0,0.0,0.0
15:18:55,0.0,0.0,0.0,0.0,0.0,0.0
15:18:55,0.0,0.0,0.0,0.0,0.0,0.0
15:18:56,0.0,0.0,0.0,0.0,0.0,0.0
15:18:56,0.0,0.0,0.0,0.0,0.0,0.0
15:18:56,0.0,0.0,0.0,0.0,0.0,0.0
15:18:56,0.0,0.0,0.0,0.0,0.0,0.0
15:18:56,0.0,0.0,0.0,0.0,0.0,0.0
15:18:56,0.0,0.0,0.0,0.0,0.0,0.0
15:18:56,0.0,0.0,0.0,0.0,0.0,0.0
15:18:56,0.0,0.0,0.0,0.0,0.0,0.0
15:18:56,0.0,0.0,0.0,0.0,0.0,0.0
15:18:57,0.0,0.0,0.0,0.0,0.0,0.0
15:18:57,0.0,0.0,0.0,0.0,0.0,0.0
15:18:57,0.0,0.0,0.0,0.0,0.0,0.0
15:18:57,0.0,0.0,0.0,0.0,0.0,0.0
15:18:57,0.0,0.0,0.0,0.0,0.0,0.0
15:18:57,0.0,0.0,0.0,0.0,0.0,0.0
15:18:57,0.0,0.0,0.0,0.0,0.0,0.0
15:18:57,0.0,0.0,0.0,0.0,0.0,0.0
15:18:57,0.0,0.0,0.0,0.0,0.0,0.0
15:18:58,0.0,0.0,0.0,0.0,0.0,0.0
15:18:58,0.0,0.0,0.0,0.0,0.0,0.0
15:18:58,0.0,0.0,0.0,0.0,0.0,0.0
15:18:58,0.0,0.0,0.0,0.0,0.0,0.0
15:18:58,0.0,0.0,0.0,0.0,0.0,0.0
15:18:58,0.0,0.0,0.0,0.0,0.0,0.0
15:18:58,0.0,0.0,0.0,0.0,0.0,0.0
15:18:58,0.0,0.0,0.0,0.0,0.0,0.0
15:18:59,0.0,0.0,0.0,0.0,0.0,0.0
15:18:59,0.0,0.0,0.0,0.0,0.0,0.0
15:18:59,0.0,0.0,0.0,0.0,0.0,0.0
15:18:59,0.0,0.0,0.0,0.0,0.0,0.0
15:18:59,0.0,0.0,0.0,0.0,0.0,0.0
15:18:59,0.0,0.0,0.0,0.0,0.0,0.0
15:18:59,0.0,0.0,0.0,0.0,0.0,0.0
15:18:59,0.0,0.0,0.0,0.0,0.0,0.0
15:18:59,0.0,0.0,0.0,0.0,0.0,0.0
15:19:00,0.0,0.0,0.0,0.0,0.0,0.0
15:19:00,0.0,0.0,0.0,0.0,0.0,0.0
15:19:00,0.0,0.0,0.0,0.0,0.0,0.0
15:19:00,0.0,0.0,0.0,0.0,0.0,0.0
15:19:00,0.0,0.0,0.0,0.0,0.0,0.0
15:19:00,0.0,0.0,0.0,0.0,0.0,0.0
15:19:00,0.0,0.0,0.0,0.0,0.0,0.0
15:19:00,0.0,0.0,0.0,0.0,0.0,0.0
15:19:00,0.0,0.0,0.0,0.0,0.0,0.0
15:19:01,0.0,0.0,0.0,0.0,0.0,0.0
15:19:01,0.0,0.0,0.0,0.0,0.0,0.0
15:19:01,0.0,0.0,0.0,0.0,0.0,0.0
15:19:01,0.0,0.0,0.0,0.0,0.0,0.0
15:19:01,0.0,0.0,0.0,0.0,0.0,0.0
15:19:01,0.0,0.0,0.0,0.0,0.0,0.0
15:19:01,0.0,0.0,0.0,0.0,0.0,0.0
15:19:01,0.0,0.0,0.0,0.0,0.0,0.0
15:19:02,0.0,0.0,0.0,0.0,0.0,0.0
15:19:02,0.0,0.0,0.0,0.0,0.0,0.0
15:19:02,0.0,0.0,0.0,0.0,0.0,0.0
15:19:02,0.0,0.0,0.0,0.0,0.0,0.0
15:19:02,0.0,0.0,0.0,0.0,0.0,0.0
15:19:02,0.0,0.0,0.0,0.0,0.0,0.0
15:19:02,0.0,0.0,0.0,0.0,0.0,0.0
15:19:02,0.0,0.0,0.0,0.0,0.0,0.0
15:19:02,0.0,0.0,0.0,0.0,0.0,0.0
15:19:03,0.0,0.0,0.0,0.0,0.0,0.0
15:19:03,0.0,0.0,0.0,0.0,0.0,0.0
15:19:03,0.0,0.0,0.0,0.0,0.0,0.0
15:19:03,0.0,0.0,0.0,0.0,0.0,0.0
15:19:03,0.0,0.0,0.0,0.0,0.0,0.0
15:19:03,0.0,0.0,0.0,0.0,0.0,0.0
15:19:03,0.0,0.0,0.0,0.0,0.0,0.0
15:19:03,0.0,0.0,0.0,0.0,0.0,0.0
15:19:03,0.0,0.0,0.0,0.0,0.0,0.0
15:19:04,0.0,0.0,0.0,0.0,0.0,0.0
15:19:04,0.0,0.0,0.0,0.0,0.0,0.0
15:19:04,0.0,0.0,0.0,0.0,0.0,0.0
15:19:04,0.0,0.0,0.0,0.0,0.0,0.0
15:19:04,0.0,0.0,0.0,0.0,0.0,0.0
15:19:04,0.0,0.0,0.0,0.0,0.0,0.0
15:19:04,0.0,0.0,0.0,0.0,0.0,0.0
15:19:04,0.0,0.0,0.0,0.0,0.0,0.0
15:19:04,0.0,0.0,0.0,0.0,0.0,0.0
15:19:05,0.0,0.0,0.0,0.0,0.0,0.0
15:19:05,0.0,0.0,0.0,0.0,0.0,0.0
15:19:05,0.0,0.0,0.0,0.0,0.0,0.0
15:19:05,0.0,0.0,0.0,0.0,0.0,0.0
15:19:05,0.0,0.0,0.0,0.0,0.0,0.0
15:19:05,0.0,0.0,0.0,0.0,0.0,0.0
15:19:05,0.0,0.0,0.0,0.0,0.0,0.0
15:19:05,0.0,0.0,0.0,0.0,0.0,0.0
15:19:05,0.0,0.0,0.0,0.0,0.0,0.0
15:19:06,0.0,0.0,0.0,0.0,0.0,0.0
15:19:06,0.0,0.0,0.0,0.0,0.0,0.0
15:19:06,0.0,0.0,0.0,0.0,0.0,0.0
15:19:06,0.0,0.0,0.0,0.0,0.0,0.0
15:19:06,0.0,0.0,0.0,0.0,0.0,0.0
15:19:06,0.0,0.0,0.0,0.0,0.0,0.0
15:19:06,0.0,0.0,0.0,0.0,0.0,0.0
15:19:06,0.0,0.0,0.0,0.0,0.0,0.0
15:19:06,0.0,0.0,0.0,0.0,0.0,0.0
15:19:07,0.0,0.0,0.0,0.0,0.0,0.0
15:19:07,0.0,0.0,0.0,0.0,0.0,0.0
15:19:07,0.0,0.0,0.0,0.0,0.0,0.0
15:19:07,0.0,0.0,0.0,0.0,0.0,0.0
15:19:07,0.0,0.0,0.0,0.0,0.0,0.0
15:19:07,0.0,0.0,0.0,0.0,0.0,0.0
15:19:07,0.0,0.0,0.0,0.0,0.0,0.0
15:19:07,0.0,0.0,0.0,0.0,0.0,0.0
15:19:07,0.0,0.0,0.0,0.0,0.0,0.0
15:19:08,0.0,0.0,0.0,0.0,0.0,0.0
15:19:08,0.0,0.0,0.0,0.0,0.0,0.0
15:19:08,0.0,0.0,0.0,0.0,0.0,0.0
15:19:08,0.0,0.0,0.0,0.0,0.0,0.0
15:19:08,0.0,0.0,0.0,0.0,0.0,0.0
15:19:08,0.0,0.0,0.0,0.0,0.0,0.0
15:19:08,0.0,0.0,0.0,0.0,0.0,0.0
15:19:08,0.0,0.0,0.0,0.0,0.0,0.0
15:19:08,0.0,0.0,0.0,0.0,0.0,0.0
15:19:09,0.0,0.0,0.0,0.0,0.0,0.0
15:19:09,0.0,0.0,0.0,0.0,0.0,0.0
15:19:09,0.0,0.0,0.0,0.0,0.0,0.0
15:19:09,0.0,0.0,0.0,0.0,0.0,0.0
15:19:09,0.0,0.0,0.0,0.0,0.0,0.0
15:19:09,0.0,0.0,0.0,0.0,0.0,0.0
15:19:09,0.0,0.0,0.0,0.0,0.0,0.0
15:19:09,0.0,0.0,0.0,0.0,0.0,0.0
15:19:09,0.0,0.0,0.0,0.0,0.0,0.0
15:19:10,0.0,0.0,0.0,0.0,0.0,0.0
15:19:10,0.0,0.0,0.0,0.0,0.0,0.0
15:19:10,0.0,0.0,0.0,0.0,0.0,0.0
15:19:10,0.0,0.0,0.0,0.0,0.0,0.0
15:19:10,0.0,0.0,0.0,0.0,0.0,0.0
15:19:10,0.0,0.0,0.0,0.0,0.0,0.0
15:19:10,0.0,0.0,0.0,0.0,0.0,0.0
15:19:10,0.0,0.0,0.0,0.0,0.0,0.0
15:19:11,0.0,0.0,0.0,0.0,0.0,0.0
15:19:11,0.0,0.0,0.0,0.0,0.0,0.0
15:19:11,0.0,0.0,0.0,0.0,0.0,0.0
15:19:11,0.0,0.0,0.0,0.0,0.0,0.0
15:19:11,0.0,0.0,0.0,0.0,0.0,0.0
15:19:11,0.0,0.0,0.0,0.0,0.0,0.0
15:19:11,0.0,0.0,0.0,0.0,0.0,0.0
15:19:11,0.0,0.0,0.0,0.0,0.0,0.0
15:19:12,0.0,0.0,0.0,0.0,0.0,0.0
15:19:12,0.0,0.0,0.0,0.0,0.0,0.0
15:19:12,0.0,0.0,0.0,0.0,0.0,0.0
15:19:12,0.0,0.0,0.0,0.0,0.0,0.0
15:19:12,0.0,0.0,0.0,0.0,0.0,0.0
15:19:12,0.0,0.0,0.0,0.0,0.0,0.0
15:19:12,0.0,0.0,0.0,0.0,0.0,0.0
15:19:12,0.0,0.0,0.0,0.0,0.0,0.0
15:19:13,0.0,0.0,0.0,0.0,0.0,0.0
15:19:13,0.0,0.0,0.0,0.0,0.0,0.0
15:19:13,0.0,0.0,0.0,0.0,0.0,0.0
15:19:13,0.0,0.0,0.0,0.0,0.0,0.0
15:19:13,0.0,0.0,0.0,0.0,0.0,0.0
15:19:13,0.0,0.0,0.0,0.0,0.0,0.0
15:19:13,0.0,0.0,0.0,0.0,0.0,0.0
15:19:13,0.0,0.0,0.0,0.0,0.0,0.0
15:19:14,0.0,0.0,0.0,0.0,0.0,0.0
15:19:14,0.0,0.0,0.0,0.0,0.0,0.0
15:19:14,0.0,0.0,0.0,0.0,0.0,0.0
15:19:14,0.0,0.0,0.0,0.0,0.0,0.0
15:19:14,0.0,0.0,0.0,0.0,0.0,0.0
15:19:14,0.0,0.0,0.0,0.0,0.0,0.0
15:19:14,0.0,0.0,0.0,0.0,0.0,0.0
15:19:14,0.0,0.0,0.0,0.0,0.0,0.0
15:19:14,0.0,0.0,0.0,0.0,0.0,0.0
15:19:15,0.0,0.0,0.0,0.0,0.0,0.0
15:19:15,0.0,0.0,0.0,0.0,0.0,0.0
15:19:15,0.0,0.0,0.0,0.0,0.0,0.0
15:19:15,0.0,0.0,0.0,0.0,0.0,0.0
15:19:15,0.0,0.0,0.0,0.0,0.0,0.0
15:19:15,0.0,0.0,0.0,0.0,0.0,0.0
15:19:15,0.0,0.0,0.0,0.0,0.0,0.0
15:19:15,0.0,0.0,0.0,0.0,0.0,0.0
15:19:16,0.0,0.0,0.0,0.0,0.0,0.0
15:19:16,0.0,0.0,0.0,0.0,0.0,0.0
15:19:16,0.0,0.0,0.0,0.0,0.0,0.0
15:19:16,0.0,0.0,0.0,0.0,0.0,0.0
15:19:16,0.0,0.0,0.0,0.0,0.0,0.0
15:19:16,0.0,0.0,0.0,0.0,0.0,0.0
15:19:16,0.0,0.0,0.0,0.0,0.0,0.0
15:19:16,0.0,0.0,0.0,0.0,0.0,0.0
15:19:16,0.0,0.0,0.0,0.0,0.0,0.0
15:19:17,0.0,0.0,0.0,0.0,0.0,0.0
15:19:17,0.0,0.0,0.0,0.0,0.0,0.0
15:19:17,0.0,0.0,0.0,0.0,0.0,0.0
15:19:17,0.0,0.0,0.0,0.0,0.0,0.0
15:19:17,0.0,0.0,0.0,0.0,0.0,0.0
15:19:17,0.0,0.0,0.0,0.0,0.0,0.0
15:19:17,0.0,0.0,0.0,0.0,0.0,0.0
15:19:17,0.0,0.0,0.0,0.0,0.0,0.0
15:19:18,0.0,0.0,0.0,0.0,0.0,0.0
15:19:18,0.0,0.0,0.0,0.0,0.0,0.0
15:19:18,0.0,0.0,0.0,0.0,0.0,0.0
15:19:18,0.0,0.0,0.0,0.0,0.0,0.0
15:19:18,0.0,0.0,0.0,0.0,0.0,0.0
15:19:18,0.0,0.0,0.0,0.0,0.0,0.0
15:19:18,0.0,0.0,0.0,0.0,0.0,0.0
15:19:18,0.0,0.0,0.0,0.0,0.0,0.0
15:19:18,0.0,0.0,0.0,0.0,0.0,0.0
15:19:18,0.0,0.0,0.0,0.0,0.0,0.0
15:19:19,0.0,0.0,0.0,0.0,0.0,0.0
15:19:19,0.0,0.0,0.0,0.0,0.0,0.0
15:19:19,0.0,0.0,0.0,0.0,0.0,0.0
15:19:19,0.0,0.0,0.0,0.0,0.0,0.0
15:19:19,0.0,0.0,0.0,0.0,0.0,0.0
15:19:19,0.0,0.0,0.0,0.0,0.0,0.0
15:19:19,0.0,0.0,0.0,0.0,0.0,0.0
15:19:19,0.0,0.0,0.0,0.0,0.0,0.0
15:19:19,0.0,0.0,0.0,0.0,0.0,0.0
15:19:20,0.0,0.0,0.0,0.0,0.0,0.0
15:19:20,0.0,0.0,0.0,0.0,0.0,0.0
15:19:20,0.0,0.0,0.0,0.0,0.0,0.0
15:19:20,0.0,0.0,0.0,0.0,0.0,0.0
15:19:20,0.0,0.0,0.0,0.0,0.0,0.0
15:19:20,0.0,0.0,0.0,0.0,0.0,0.0
15:19:20,0.0,0.0,0.0,0.0,0.0,0.0
15:19:20,0.0,0.0,0.0,0.0,0.0,0.0
15:19:20,0.0,0.0,0.0,0.0,0.0,0.0
15:19:21,0.0,0.0,0.0,0.0,0.0,0.0
15:19:21,0.0,0.0,0.0,0.0,0.0,0.0
15:19:21,0.0,0.0,0.0,0.0,0.0,0.0
15:19:21,0.0,0.0,0.0,0.0,0.0,0.0
15:19:21,0.0,0.0,0.0,0.0,0.0,0.0
15:19:21,0.0,0.0,0.0,0.0,0.0,0.0
15:19:21,0.0,0.0,0.0,0.0,0.0,0.0
15:19:21,0.0,0.0,0.0,0.0,0.0,0.0
15:19:22,0.0,0.0,0.0,0.0,0.0,0.0
15:19:22,0.0,0.0,0.0,0.0,0.0,0.0
15:19:22,0.0,0.0,0.0,0.0,0.0,0.0
15:19:22,0.0,0.0,0.0,0.0,0.0,0.0
15:19:22,0.0,0.0,0.0,0.0,0.0,0.0
15:19:22,0.0,0.0,0.0,0.0,0.0,0.0
15:19:22,0.0,0.0,0.0,0.0,0.0,0.0
15:19:22,0.0,0.0,0.0,0.0,0.0,0.0
15:19:22,0.0,0.0,0.0,0.0,0.0,0.0
15:19:23,0.0,0.0,0.0,0.0,0.0,0.0
15:19:23,0.0,0.0,0.0,0.0,0.0,0.0
15:19:23,0.0,0.0,0.0,0.0,0.0,0.0
15:19:23,0.0,0.0,0.0,0.0,0.0,0.0
15:19:23,0.0,0.0,0.0,0.0,0.0,0.0
15:19:23,0.0,0.0,0.0,0.0,0.0,0.0
15:19:23,0.0,0.0,0.0,0.0,0.0,0.0
15:19:23,0.0,0.0,0.0,0.0,0.0,0.0
15:19:24,0.0,0.0,0.0,0.0,0.0,0.0
15:19:24,0.0,0.0,0.0,0.0,0.0,0.0
15:19:24,0.0,0.0,0.0,0.0,0.0,0.0
15:19:24,0.0,0.0,0.0,0.0,0.0,0.0
15:19:24,0.0,0.0,0.0,0.0,0.0,0.0
15:19:24,0.0,0.0,0.0,0.0,0.0,0.0
15:19:24,0.0,0.0,0.0,0.0,0.0,0.0
15:19:24,0.0,0.0,0.0,0.0,0.0,0.0
15:19:25,0.0,0.0,0.0,0.0,0.0,0.0
15:19:25,0.0,0.0,0.0,0.0,0.0,0.0
15:19:25,0.0,0.0,0.0,0.0,0.0,0.0
15:19:25,0.0,0.0,0.0,0.0,0.0,0.0
15:19:25,0.0,0.0,0.0,0.0,0.0,0.0
15:19:25,0.0,0.0,0.0,0.0,0.0,0.0
15:19:25,0.0,0.0,0.0,0.0,0.0,0.0
15:19:25,0.0,0.0,0.0,0.0,0.0,0.0
15:19:25,0.0,0.0,0.0,0.0,0.0,0.0
15:19:26,0.0,0.0,0.0,0.0,0.0,0.0
15:19:26,0.0,0.0,0.0,0.0,0.0,0.0
15:19:26,0.0,0.0,0.0,0.0,0.0,0.0
15:19:26,0.0,0.0,0.0,0.0,0.0,0.0
15:19:26,0.0,0.0,0.0,0.0,0.0,0.0
15:19:26,0.0,0.0,0.0,0.0,0.0,0.0
15:19:26,0.0,0.0,0.0,0.0,0.0,0.0
15:19:26,0.0,0.0,0.0,0.0,0.0,0.0
15:19:27,0.0,0.0,0.0,0.0,0.0,0.0
15:19:27,0.0,0.0,0.0,0.0,0.0,0.0
15:19:27,0.0,0.0,0.0,0.0,0.0,0.0
15:19:27,0.0,0.0,0.0,0.0,0.0,0.0
15:19:27,0.0,0.0,0.0,0.0,0.0,0.0
15:19:27,0.0,0.0,0.0,0.0,0.0,0.0
15:19:27,0.0,0.0,0.0,0.0,0.0,0.0
15:19:27,0.0,0.0,0.0,0.0,0.0,0.0
15:19:28,0.0,0.0,0.0,0.0,0.0,0.0
15:19:28,0.0,0.0,0.0,0.0,0.0,0.0
15:19:28,0.0,0.0,0.0,0.0,0.0,0.0
15:19:28,0.0,0.0,0.0,0.0,0.0,0.0
15:19:28,0.0,0.0,0.0,0.0,0.0,0.0
15:19:28,0.0,0.0,0.0,0.0,0.0,0.0
15:19:28,0.0,0.0,0.0,0.0,0.0,0.0
15:19:28,0.0,0.0,0.0,0.0,0.0,0.0
15:19:28,0.0,0.0,0.0,0.0,0.0,0.0
15:19:29,0.0,0.0,0.0,0.0,0.0,0.0
15:19:29,0.0,0.0,0.0,0.0,0.0,0.0
15:19:29,0.0,0.0,0.0,0.0,0.0,0.0
15:19:29,0.0,0.0,0.0,0.0,0.0,0.0
15:19:29,0.0,0.0,0.0,0.0,0.0,0.0
15:19:29,0.0,0.0,0.0,0.0,0.0,0.0
15:19:29,0.0,0.0,0.0,0.0,0.0,0.0
15:19:29,0.0,0.0,0.0,0.0,0.0,0.0
15:19:29,0.0,0.0,0.0,0.0,0.0,0.0
15:19:30,0.0,0.0,0.0,0.0,0.0,0.0
15:19:30,0.0,0.0,0.0,0.0,0.0,0.0
15:19:30,0.0,0.0,0.0,0.0,0.0,0.0
15:19:30,0.0,0.0,0.0,0.0,0.0,0.0
15:19:30,0.0,0.0,0.0,0.0,0.0,0.0
15:19:30,0.0,0.0,0.0,0.0,0.0,0.0
15:19:30,0.0,0.0,0.0,0.0,0.0,0.0
15:19:30,0.0,0.0,0.0,0.0,0.0,0.0
15:19:30,0.0,0.0,0.0,0.0,0.0,0.0
15:19:31,0.0,0.0,0.0,0.0,0.0,0.0
15:19:31,0.0,0.0,0.0,0.0,0.0,0.0
15:19:31,0.0,0.0,0.0,0.0,0.0,0.0
15:19:31,0.0,0.0,0.0,0.0,0.0,0.0
15:19:31,0.0,0.0,0.0,0.0,0.0,0.0
15:19:31,0.0,0.0,0.0,0.0,0.0,0.0
15:19:31,0.0,0.0,0.0,0.0,0.0,0.0
15:19:31,0.0,0.0,0.0,0.0,0.0,0.0
15:19:31,0.0,0.0,0.0,0.0,0.0,0.0
15:19:32,0.0,0.0,0.0,0.0,0.0,0.0
15:19:32,0.0,0.0,0.0,0.0,0.0,0.0
15:19:32,0.0,0.0,0.0,0.0,0.0,0.0
15:19:32,0.0,0.0,0.0,0.0,0.0,0.0
15:19:32,0.0,0.0,0.0,0.0,0.0,0.0
15:19:32,0.0,0.0,0.0,0.0,0.0,0.0
15:19:32,0.0,0.0,0.0,0.0,0.0,0.0
15:19:32,0.0,0.0,0.0,0.0,0.0,0.0
15:19:32,0.0,0.0,0.0,0.0,0.0,0.0
15:19:33,0.0,0.0,0.0,0.0,0.0,0.0
15:19:33,0.0,0.0,0.0,0.0,0.0,0.0
15:19:33,0.0,0.0,0.0,0.0,0.0,0.0
15:19:33,0.0,0.0,0.0,0.0,0.0,0.0
15:19:33,0.0,0.0,0.0,0.0,0.0,0.0
15:19:33,0.0,0.0,0.0,0.0,0.0,0.0
15:19:33,0.0,0.0,0.0,0.0,0.0,0.0
15:19:33,0.0,0.0,0.0,0.0,0.0,0.0
15:19:33,0.0,0.0,0.0,0.0,0.0,0.0
15:19:34,0.0,0.0,0.0,0.0,0.0,0.0
15:19:34,0.0,0.0,0.0,0.0,0.0,0.0
15:19:34,0.0,0.0,0.0,0.0,0.0,0.0
15:19:34,0.0,0.0,0.0,0.0,0.0,0.0
15:19:34,0.0,0.0,0.0,0.0,0.0,0.0
15:19:34,0.0,0.0,0.0,0.0,0.0,0.0
15:19:34,0.0,0.0,0.0,0.0,0.0,0.0
15:19:34,0.0,0.0,0.0,0.0,0.0,0.0
15:19:34,0.0,0.0,0.0,0.0,0.0,0.0
15:19:35,0.0,0.0,0.0,0.0,0.0,0.0
15:19:35,0.0,0.0,0.0,0.0,0.0,0.0
15:19:35,0.0,0.0,0.0,0.0,0.0,0.0
15:19:35,0.0,0.0,0.0,0.0,0.0,0.0
15:19:35,0.0,0.0,0.0,0.0,0.0,0.0
15:19:35,0.0,0.0,0.0,0.0,0.0,0.0
15:19:35,0.0,0.0,0.0,0.0,0.0,0.0
15:19:35,0.0,0.0,0.0,0.0,0.0,0.0
15:19:36,0.0,0.0,0.0,0.0,0.0,0.0
15:19:36,0.0,0.0,0.0,0.0,0.0,0.0
15:19:36,0.0,0.0,0.0,0.0,0.0,0.0
15:19:36,0.0,0.0,0.0,0.0,0.0,0.0
15:19:36,0.0,0.0,0.0,0.0,0.0,0.0
15:19:36,0.0,0.0,0.0,0.0,0.0,0.0
15:19:36,0.0,0.0,0.0,0.0,0.0,0.0
15:19:36,0.0,0.0,0.0,0.0,0.0,0.0
15:19:37,0.0,0.0,0.0,0.0,0.0,0.0
15:19:37,0.0,0.0,0.0,0.0,0.0,0.0
15:19:37,0.0,0.0,0.0,0.0,0.0,0.0
15:19:37,0.0,0.0,0.0,0.0,0.0,0.0
15:19:37,0.0,0.0,0.0,0.0,0.0,0.0
15:19:37,0.0,0.0,0.0,0.0,0.0,0.0
15:19:37,0.0,0.0,0.0,0.0,0.0,0.0
15:19:37,0.0,0.0,0.0,0.0,0.0,0.0
15:19:37,0.0,0.0,0.0,0.0,0.0,0.0
15:19:38,0.0,0.0,0.0,0.0,0.0,0.0
15:19:38,0.0,0.0,0.0,0.0,0.0,0.0
15:19:38,0.0,0.0,0.0,0.0,0.0,0.0
15:19:38,0.0,0.0,0.0,0.0,0.0,0.0
15:19:38,0.0,0.0,0.0,0.0,0.0,0.0
15:19:38,0.0,0.0,0.0,0.0,0.0,0.0
15:19:38,0.0,0.0,0.0,0.0,0.0,0.0
15:19:38,0.0,0.0,0.0,0.0,0.0,0.0
15:19:38,0.0,0.0,0.0,0.0,0.0,0.0
15:19:39,0.0,0.0,0.0,0.0,0.0,0.0
15:19:39,0.0,0.0,0.0,0.0,0.0,0.0
15:19:39,0.0,0.0,0.0,0.0,0.0,0.0
15:19:39,0.0,0.0,0.0,0.0,0.0,0.0
15:19:39,0.0,0.0,0.0,0.0,0.0,0.0
15:19:39,0.0,0.0,0.0,0.0,0.0,0.0
15:19:39,0.0,0.0,0.0,0.0,0.0,0.0
15:19:39,0.0,0.0,0.0,0.0,0.0,0.0
15:19:39,0.0,0.0,0.0,0.0,0.0,0.0
15:19:40,0.0,0.0,0.0,0.0,0.0,0.0
15:19:40,0.0,0.0,0.0,0.0,0.0,0.0
15:19:40,0.0,0.0,0.0,0.0,0.0,0.0
15:19:40,0.0,0.0,0.0,0.0,0.0,0.0
15:19:40,0.0,0.0,0.0,0.0,0.0,0.0
15:19:40,0.0,0.0,0.0,0.0,0.0,0.0
15:19:40,0.0,0.0,0.0,0.0,0.0,0.0
15:19:40,0.0,0.0,0.0,0.0,0.0,0.0
15:19:40,0.0,0.0,0.0,0.0,0.0,0.0
15:19:41,0.0,0.0,0.0,0.0,0.0,0.0
15:19:41,0.0,0.0,0.0,0.0,0.0,0.0
15:19:41,0.0,0.0,0.0,0.0,0.0,0.0
15:19:41,0.0,0.0,0.0,0.0,0.0,0.0
15:19:41,0.0,0.0,0.0,0.0,0.0,0.0
15:19:41,0.0,0.0,0.0,0.0,0.0,0.0
15:19:41,0.0,0.0,0.0,0.0,0.0,0.0
15:19:41,0.0,0.0,0.0,0.0,0.0,0.0
15:19:41,0.0,0.0,0.0,0.0,0.0,0.0
15:19:42,0.0,0.0,0.0,0.0,0.0,0.0
15:19:42,0.0,0.0,0.0,0.0,0.0,0.0
15:19:42,0.0,0.0,0.0,0.0,0.0,0.0
15:19:42,0.0,0.0,0.0,0.0,0.0,0.0
15:19:42,0.0,0.0,0.0,0.0,0.0,0.0
15:19:42,0.0,0.0,0.0,0.0,0.0,0.0
15:19:42,0.0,0.0,0.0,0.0,0.0,0.0
15:19:42,0.0,0.0,0.0,0.0,0.0,0.0
15:19:42,0.0,0.0,0.0,0.0,0.0,0.0
15:19:43,0.0,0.0,0.0,0.0,0.0,0.0
15:19:43,0.0,0.0,0.0,0.0,0.0,0.0
15:19:43,0.0,0.0,0.0,0.0,0.0,0.0
15:19:43,0.0,0.0,0.0,0.0,0.0,0.0
15:19:43,0.0,0.0,0.0,0.0,0.0,0.0
15:19:43,0.0,0.0,0.0,0.0,0.0,0.0
15:19:43,0.0,0.0,0.0,0.0,0.0,0.0
15:19:43,0.0,0.0,0.0,0.0,0.0,0.0
15:19:43,0.0,0.0,0.0,0.0,0.0,0.0
15:19:44,0.0,0.0,0.0,0.0,0.0,0.0
15:19:44,0.0,0.0,0.0,0.0,0.0,0.0
15:19:44,0.0,0.0,0.0,0.0,0.0,0.0
15:19:44,0.0,0.0,0.0,0.0,0.0,0.0
15:19:44,0.0,0.0,0.0,0.0,0.0,0.0
15:19:44,0.0,0.0,0.0,0.0,0.0,0.0
15:19:44,0.0,0.0,0.0,0.0,0.0,0.0
15:19:44,0.0,0.0,0.0,0.0,0.0,0.0
15:19:44,0.0,0.0,0.0,0.0,0.0,0.0
15:19:45,0.0,0.0,0.0,0.0,0.0,0.0
15:19:45,0.0,0.0,0.0,0.0,0.0,0.0
15:19:45,0.0,0.0,0.0,0.0,0.0,0.0
15:19:45,0.0,0.0,0.0,0.0,0.0,0.0
15:19:45,0.0,0.0,0.0,0.0,0.0,0.0
15:19:45,0.0,0.0,0.0,0.0,0.0,0.0
15:19:45,0.0,0.0,0.0,0.0,0.0,0.0
15:19:45,0.0,0.0,0.0,0.0,0.0,0.0
15:19:45,0.0,0.0,0.0,0.0,0.0,0.0
15:19:46,0.0,0.0,0.0,0.0,0.0,0.0
15:19:46,0.0,0.0,0.0,0.0,0.0,0.0
15:19:46,0.0,0.0,0.0,0.0,0.0,0.0
15:19:46,0.0,0.0,0.0,0.0,0.0,0.0
15:19:46,0.0,0.0,0.0,0.0,0.0,0.0
15:19:46,0.0,0.0,0.0,0.0,0.0,0.0
15:19:46,0.0,0.0,0.0,0.0,0.0,0.0
15:19:46,0.0,0.0,0.0,0.0,0.0,0.0
15:19:47,0.0,0.0,0.0,0.0,0.0,0.0
15:19:47,0.0,0.0,0.0,0.0,0.0,0.0
15:19:47,0.0,0.0,0.0,0.0,0.0,0.0
15:19:47,0.0,0.0,0.0,0.0,0.0,0.0
15:19:47,0.0,0.0,0.0,0.0,0.0,0.0
15:19:47,0.0,0.0,0.0,0.0,0.0,0.0
15:19:47,0.0,0.0,0.0,0.0,0.0,0.0
15:19:47,0.0,0.0,0.0,0.0,0.0,0.0
15:19:47,0.0,0.0,0.0,0.0,0.0,0.0
15:19:48,0.0,0.0,0.0,0.0,0.0,0.0
15:19:48,0.0,0.0,0.0,0.0,0.0,0.0
15:19:48,0.0,0.0,0.0,0.0,0.0,0.0
15:19:48,0.0,0.0,0.0,0.0,0.0,0.0
15:19:48,0.0,0.0,0.0,0.0,0.0,0.0
15:19:48,0.0,0.0,0.0,0.0,0.0,0.0
15:19:48,0.0,0.0,0.0,0.0,0.0,0.0
15:19:48,0.0,0.0,0.0,0.0,0.0,0.0
15:19:49,0.0,0.0,0.0,0.0,0.0,0.0
15:19:49,0.0,0.0,0.0,0.0,0.0,0.0
15:19:49,0.0,0.0,0.0,0.0,0.0,0.0
15:19:49,0.0,0.0,0.0,0.0,0.0,0.0
15:19:49,0.0,0.0,0.0,0.0,0.0,0.0
15:19:49,0.0,0.0,0.0,0.0,0.0,0.0
15:19:49,0.0,0.0,0.0,0.0,0.0,0.0
15:19:49,0.0,0.0,0.0,0.0,0.0,0.0
15:19:50,0.0,0.0,0.0,0.0,0.0,0.0
15:19:50,0.0,0.0,0.0,0.0,0.0,0.0
15:19:50,0.0,0.0,0.0,0.0,0.0,0.0
15:19:50,0.0,0.0,0.0,0.0,0.0,0.0
15:19:50,0.0,0.0,0.0,0.0,0.0,0.0
15:19:50,0.0,0.0,0.0,0.0,0.0,0.0
15:19:50,0.0,0.0,0.0,0.0,0.0,0.0
15:19:50,0.0,0.0,0.0,0.0,0.0,0.0
15:19:50,0.0,0.0,0.0,0.0,0.0,0.0
15:19:51,0.0,0.0,0.0,0.0,0.0,0.0
15:19:51,0.0,0.0,0.0,0.0,0.0,0.0
15:19:51,0.0,0.0,0.0,0.0,0.0,0.0
15:19:51,0.0,0.0,0.0,0.0,0.0,0.0
15:19:51,0.0,0.0,0.0,0.0,0.0,0.0
15:19:51,0.0,0.0,0.0,0.0,0.0,0.0
15:19:51,0.0,0.0,0.0,0.0,0.0,0.0
15:19:51,0.0,0.0,0.0,0.0,0.0,0.0
15:19:51,0.0,0.0,0.0,0.0,0.0,0.0
15:19:52,0.0,0.0,0.0,0.0,0.0,0.0
15:19:52,0.0,0.0,0.0,0.0,0.0,0.0
15:19:52,0.0,0.0,0.0,0.0,0.0,0.0
15:19:52,0.0,0.0,0.0,0.0,0.0,0.0
15:19:52,0.0,0.0,0.0,0.0,0.0,0.0
15:19:52,0.0,0.0,0.0,0.0,0.0,0.0
15:19:52,0.0,0.0,0.0,0.0,0.0,0.0
15:19:52,0.0,0.0,0.0,0.0,0.0,0.0
15:19:52,0.0,0.0,0.0,0.0,0.0,0.0
15:19:53,0.0,0.0,0.0,0.0,0.0,0.0
15:19:53,0.0,0.0,0.0,0.0,0.0,0.0
15:19:53,0.0,0.0,0.0,0.0,0.0,0.0
15:19:53,0.0,0.0,0.0,0.0,0.0,0.0
15:19:53,0.0,0.0,0.0,0.0,0.0,0.0
15:19:53,0.0,0.0,0.0,0.0,0.0,0.0
15:19:53,0.0,0.0,0.0,0.0,0.0,0.0
15:19:53,0.0,0.0,0.0,0.0,0.0,0.0
15:19:53,0.0,0.0,0.0,0.0,0.0,0.0
15:19:54,0.0,0.0,0.0,0.0,0.0,0.0
15:19:54,0.0,0.0,0.0,0.0,0.0,0.0
15:19:54,0.0,0.0,0.0,0.0,0.0,0.0
15:19:54,0.0,0.0,0.0,0.0,0.0,0.0
15:19:54,0.0,0.0,0.0,0.0,0.0,0.0
15:19:54,0.0,0.0,0.0,0.0,0.0,0.0
15:19:54,0.0,0.0,0.0,0.0,0.0,0.0
15:19:54,0.0,0.0,0.0,0.0,0.0,0.0
15:19:54,0.0,0.0,0.0,0.0,0.0,0.0
15:19:55,0.0,0.0,0.0,0.0,0.0,0.0
15:19:55,0.0,0.0,0.0,0.0,0.0,0.0
15:19:55,0.0,0.0,0.0,0.0,0.0,0.0
15:19:55,0.0,0.0,0.0,0.0,0.0,0.0
15:19:55,0.0,0.0,0.0,0.0,0.0,0.0
15:19:55,0.0,0.0,0.0,0.0,0.0,0.0
15:19:55,0.0,0.0,0.0,0.0,0.0,0.0
15:19:55,0.0,0.0,0.0,0.0,0.0,0.0
15:19:55,0.0,0.0,0.0,0.0,0.0,0.0
15:19:56,0.0,0.0,0.0,0.0,0.0,0.0
15:19:56,0.0,0.0,0.0,0.0,0.0,0.0
15:19:56,0.0,0.0,0.0,0.0,0.0,0.0
15:19:56,0.0,0.0,0.0,0.0,0.0,0.0
15:19:56,0.0,0.0,0.0,0.0,0.0,0.0
15:19:56,0.0,0.0,0.0,0.0,0.0,0.0
15:19:56,0.0,0.0,0.0,0.0,0.0,0.0
15:19:56,0.0,0.0,0.0,0.0,0.0,0.0
15:19:56,0.0,0.0,0.0,0.0,0.0,0.0
15:19:57,0.0,0.0,0.0,0.0,0.0,0.0
15:19:57,0.0,0.0,0.0,0.0,0.0,0.0
15:19:57,0.0,0.0,0.0,0.0,0.0,0.0
15:19:57,0.0,0.0,0.0,0.0,0.0,0.0
15:19:57,0.0,0.0,0.0,0.0,0.0,0.0
15:19:57,0.0,0.0,0.0,0.0,0.0,0.0
15:19:57,0.0,0.0,0.0,0.0,0.0,0.0
15:19:57,0.0,0.0,0.0,0.0,0.0,0.0
15:19:57,0.0,0.0,0.0,0.0,0.0,0.0
15:19:58,0.0,0.0,0.0,0.0,0.0,0.0
15:19:58,0.0,0.0,0.0,0.0,0.0,0.0
15:19:58,0.0,0.0,0.0,0.0,0.0,0.0
15:19:58,0.0,0.0,0.0,0.0,0.0,0.0
15:19:58,0.0,0.0,0.0,0.0,0.0,0.0
15:19:58,0.0,0.0,0.0,0.0,0.0,0.0
15:19:58,0.0,0.0,0.0,0.0,0.0,0.0
15:19:58,0.0,0.0,0.0,0.0,0.0,0.0
15:19:58,0.0,0.0,0.0,0.0,0.0,0.0
15:19:59,0.0,0.0,0.0,0.0,0.0,0.0
15:19:59,0.0,0.0,0.0,0.0,0.0,0.0
15:19:59,0.0,0.0,0.0,0.0,0.0,0.0
15:19:59,0.0,0.0,0.0,0.0,0.0,0.0
15:19:59,0.0,0.0,0.0,0.0,0.0,0.0
15:19:59,0.0,0.0,0.0,0.0,0.0,0.0
15:19:59,0.0,0.0,0.0,0.0,0.0,0.0
15:19:59,0.0,0.0,0.0,0.0,0.0,0.0
15:20:00,0.0,0.0,0.0,0.0,0.0,0.0
15:20:00,0.0,0.0,0.0,0.0,0.0,0.0
15:20:00,0.0,0.0,0.0,0.0,0.0,0.0
15:20:00,0.0,0.0,0.0,0.0,0.0,0.0
15:20:00,0.0,0.0,0.0,0.0,0.0,0.0
15:20:00,0.0,0.0,0.0,0.0,0.0,0.0
15:20:00,0.0,0.0,0.0,0.0,0.0,0.0
15:20:00,0.0,0.0,0.0,0.0,0.0,0.0
15:20:01,0.0,0.0,0.0,0.0,0.0,0.0
15:20:01,0.0,0.0,0.0,0.0,0.0,0.0
15:20:01,0.0,0.0,0.0,0.0,0.0,0.0
15:20:01,0.0,0.0,0.0,0.0,0.0,0.0
15:20:01,0.0,0.0,0.0,0.0,0.0,0.0
15:20:01,0.0,0.0,0.0,0.0,0.0,0.0
15:20:01,0.0,0.0,0.0,0.0,0.0,0.0
15:20:01,0.0,0.0,0.0,0.0,0.0,0.0
15:20:01,0.0,0.0,0.0,0.0,0.0,0.0
15:20:02,0.0,0.0,0.0,0.0,0.0,0.0
15:20:02,0.0,0.0,0.0,0.0,0.0,0.0
15:20:02,0.0,0.0,0.0,0.0,0.0,0.0
15:20:02,0.0,0.0,0.0,0.0,0.0,0.0
15:20:02,0.0,0.0,0.0,0.0,0.0,0.0
15:20:02,0.0,0.0,0.0,0.0,0.0,0.0
15:20:02,0.0,0.0,0.0,0.0,0.0,0.0
15:20:02,0.0,0.0,0.0,0.0,0.0,0.0
15:20:02,0.0,0.0,0.0,0.0,0.0,0.0
15:20:03,0.0,0.0,0.0,0.0,0.0,0.0
15:20:03,0.0,0.0,0.0,0.0,0.0,0.0
15:20:03,0.0,0.0,0.0,0.0,0.0,0.0
15:20:03,0.0,0.0,0.0,0.0,0.0,0.0
15:20:03,0.0,0.0,0.0,0.0,0.0,0.0
15:20:03,0.0,0.0,0.0,0.0,0.0,0.0
15:20:03,0.0,0.0,0.0,0.0,0.0,0.0
15:20:03,0.0,0.0,0.0,0.0,0.0,0.0
15:20:03,0.0,0.0,0.0,0.0,0.0,0.0
15:20:04,0.0,0.0,0.0,0.0,0.0,0.0
15:20:04,0.0,0.0,0.0,0.0,0.0,0.0
15:20:04,0.0,0.0,0.0,0.0,0.0,0.0
15:20:04,0.0,0.0,0.0,0.0,0.0,0.0
15:20:04,0.0,0.0,0.0,0.0,0.0,0.0
15:20:04,0.0,0.0,0.0,0.0,0.0,0.0
15:20:04,0.0,0.0,0.0,0.0,0.0,0.0
15:20:04,0.0,0.0,0.0,0.0,0.0,0.0
15:20:04,0.0,0.0,0.0,0.0,0.0,0.0
15:20:05,0.0,0.0,0.0,0.0,0.0,0.0
15:20:05,0.0,0.0,0.0,0.0,0.0,0.0
15:20:05,0.0,0.0,0.0,0.0,0.0,0.0
15:20:05,0.0,0.0,0.0,0.0,0.0,0.0
15:20:05,0.0,0.0,0.0,0.0,0.0,0.0
15:20:05,0.0,0.0,0.0,0.0,0.0,0.0
15:20:05,0.0,0.0,0.0,0.0,0.0,0.0
15:20:05,0.0,0.0,0.0,0.0,0.0,0.0
15:20:05,0.0,0.0,0.0,0.0,0.0,0.0
15:20:06,0.0,0.0,0.0,0.0,0.0,0.0
15:20:06,0.0,0.0,0.0,0.0,0.0,0.0
15:20:06,0.0,0.0,0.0,0.0,0.0,0.0
15:20:06,0.0,0.0,0.0,0.0,0.0,0.0
15:20:06,0.0,0.0,0.0,0.0,0.0,0.0
15:20:06,0.0,0.0,0.0,0.0,0.0,0.0
15:20:06,0.0,0.0,0.0,0.0,0.0,0.0
15:20:06,0.0,0.0,0.0,0.0,0.0,0.0
15:20:06,0.0,0.0,0.0,0.0,0.0,0.0
15:20:07,0.0,0.0,0.0,0.0,0.0,0.0
15:20:07,0.0,0.0,0.0,0.0,0.0,0.0
15:20:07,0.0,0.0,0.0,0.0,0.0,0.0
15:20:07,0.0,0.0,0.0,0.0,0.0,0.0
15:20:07,0.0,0.0,0.0,0.0,0.0,0.0
15:20:07,0.0,0.0,0.0,0.0,0.0,0.0
15:20:07,0.0,0.0,0.0,0.0,0.0,0.0
15:20:07,0.0,0.0,0.0,0.0,0.0,0.0
15:20:07,0.0,0.0,0.0,0.0,0.0,0.0
15:20:08,0.0,0.0,0.0,0.0,0.0,0.0
15:20:08,0.0,0.0,0.0,0.0,0.0,0.0
15:20:08,0.0,0.0,0.0,0.0,0.0,0.0
15:20:08,0.0,0.0,0.0,0.0,0.0,0.0
15:20:08,0.0,0.0,0.0,0.0,0.0,0.0
15:20:08,0.0,0.0,0.0,0.0,0.0,0.0
15:20:08,0.0,0.0,0.0,0.0,0.0,0.0
15:20:08,0.0,0.0,0.0,0.0,0.0,0.0
15:20:08,0.0,0.0,0.0,0.0,0.0,0.0
15:20:09,0.0,0.0,0.0,0.0,0.0,0.0
15:20:09,0.0,0.0,0.0,0.0,0.0,0.0
15:20:09,0.0,0.0,0.0,0.0,0.0,0.0
15:20:09,0.0,0.0,0.0,0.0,0.0,0.0
15:20:09,0.0,0.0,0.0,0.0,0.0,0.0
15:20:09,0.0,0.0,0.0,0.0,0.0,0.0
15:20:09,0.0,0.0,0.0,0.0,0.0,0.0
15:20:09,0.0,0.0,0.0,0.0,0.0,0.0
15:20:09,0.0,0.0,0.0,0.0,0.0,0.0
15:20:10,0.0,0.0,0.0,0.0,0.0,0.0
15:20:10,0.0,0.0,0.0,0.0,0.0,0.0
15:20:10,0.0,0.0,0.0,0.0,0.0,0.0
15:20:10,0.0,0.0,0.0,0.0,0.0,0.0
15:20:10,0.0,0.0,0.0,0.0,0.0,0.0
15:20:10,0.0,0.0,0.0,0.0,0.0,0.0
15:20:10,0.0,0.0,0.0,0.0,0.0,0.0
15:20:10,0.0,0.0,0.0,0.0,0.0,0.0
15:20:10,0.0,0.0,0.0,0.0,0.0,0.0
15:20:11,0.0,0.0,0.0,0.0,0.0,0.0
15:20:11,0.0,0.0,0.0,0.0,0.0,0.0
15:20:11,0.0,0.0,0.0,0.0,0.0,0.0
15:20:11,0.0,0.0,0.0,0.0,0.0,0.0
15:20:11,0.0,0.0,0.0,0.0,0.0,0.0
15:20:11,0.0,0.0,0.0,0.0,0.0,0.0
15:20:11,0.0,0.0,0.0,0.0,0.0,0.0
15:20:11,0.0,0.0,0.0,0.0,0.0,0.0
15:20:12,0.0,0.0,0.0,0.0,0.0,0.0
15:20:12,0.0,0.0,0.0,0.0,0.0,0.0
15:20:12,0.0,0.0,0.0,0.0,0.0,0.0
15:20:12,0.0,0.0,0.0,0.0,0.0,0.0
15:20:12,0.0,0.0,0.0,0.0,0.0,0.0
15:20:12,0.0,0.0,0.0,0.0,0.0,0.0
15:20:12,0.0,0.0,0.0,0.0,0.0,0.0
15:20:12,0.0,0.0,0.0,0.0,0.0,0.0
15:20:13,0.0,0.0,0.0,0.0,0.0,0.0
15:20:13,0.0,0.0,0.0,0.0,0.0,0.0
15:20:13,0.0,0.0,0.0,0.0,0.0,0.0
15:20:13,0.0,0.0,0.0,0.0,0.0,0.0
15:20:13,0.0,0.0,0.0,0.0,0.0,0.0
15:20:13,0.0,0.0,0.0,0.0,0.0,0.0
15:20:13,0.0,0.0,0.0,0.0,0.0,0.0
15:20:14,0.0,0.0,0.0,0.0,0.0,0.0
15:20:14,0.0,0.0,0.0,0.0,0.0,0.0
15:20:14,0.0,0.0,0.0,0.0,0.0,0.0
15:20:14,0.0,0.0,0.0,0.0,0.0,0.0
15:20:14,0.0,0.0,0.0,0.0,0.0,0.0
15:20:14,0.0,0.0,0.0,0.0,0.0,0.0
15:20:14,0.0,0.0,0.0,0.0,0.0,0.0
15:20:14,0.0,0.0,0.0,0.0,0.0,0.0
15:20:15,0.0,0.0,0.0,0.0,0.0,0.0
15:20:15,0.0,0.0,0.0,0.0,0.0,0.0
15:20:15,0.0,0.0,0.0,0.0,0.0,0.0
15:20:15,0.0,0.0,0.0,0.0,0.0,0.0
15:20:15,0.0,0.0,0.0,0.0,0.0,0.0
15:20:15,0.0,0.0,0.0,0.0,0.0,0.0
15:20:15,0.0,0.0,0.0,0.0,0.0,0.0
15:20:15,0.0,0.0,0.0,0.0,0.0,0.0
15:20:16,0.0,0.0,0.0,0.0,0.0,0.0
15:20:16,0.0,0.0,0.0,0.0,0.0,0.0
15:20:16,0.0,0.0,0.0,0.0,0.0,0.0
15:20:16,0.0,0.0,0.0,0.0,0.0,0.0
15:20:16,0.0,0.0,0.0,0.0,0.0,0.0
15:20:16,0.0,0.0,0.0,0.0,0.0,0.0
15:20:16,0.0,0.0,0.0,0.0,0.0,0.0
15:20:16,0.0,0.0,0.0,0.0,0.0,0.0
15:20:17,0.0,0.0,0.0,0.0,0.0,0.0
15:20:17,0.0,0.0,0.0,0.0,0.0,0.0
15:20:17,0.0,0.0,0.0,0.0,0.0,0.0
15:20:17,0.0,0.0,0.0,0.0,0.0,0.0
15:20:17,0.0,0.0,0.0,0.0,0.0,0.0
15:20:17,0.0,0.0,0.0,0.0,0.0,0.0
15:20:17,0.0,0.0,0.0,0.0,0.0,0.0
15:20:17,0.0,0.0,0.0,0.0,0.0,0.0
15:20:17,0.0,0.0,0.0,0.0,0.0,0.0
15:20:18,0.0,0.0,0.0,0.0,0.0,0.0
15:20:18,0.0,0.0,0.0,0.0,0.0,0.0
15:20:18,0.0,0.0,0.0,0.0,0.0,0.0
15:20:18,0.0,0.0,0.0,0.0,0.0,0.0
15:20:18,0.0,0.0,0.0,0.0,0.0,0.0
15:20:18,0.0,0.0,0.0,0.0,0.0,0.0
15:20:18,0.0,0.0,0.0,0.0,0.0,0.0
15:20:18,0.0,0.0,0.0,0.0,0.0,0.0
15:20:18,0.0,0.0,0.0,0.0,0.0,0.0
15:20:19,0.0,0.0,0.0,0.0,0.0,0.0
15:20:19,0.0,0.0,0.0,0.0,0.0,0.0
15:20:19,0.0,0.0,0.0,0.0,0.0,0.0
15:20:19,0.0,0.0,0.0,0.0,0.0,0.0
15:20:19,0.0,0.0,0.0,0.0,0.0,0.0
15:20:19,0.0,0.0,0.0,0.0,0.0,0.0
15:20:19,0.0,0.0,0.0,0.0,0.0,0.0
15:20:19,0.0,0.0,0.0,0.0,0.0,0.0
15:20:19,0.0,0.0,0.0,0.0,0.0,0.0
15:20:20,0.0,0.0,0.0,0.0,0.0,0.0
15:20:20,0.0,0.0,0.0,0.0,0.0,0.0
15:20:20,0.0,0.0,0.0,0.0,0.0,0.0
15:20:20,0.0,0.0,0.0,0.0,0.0,0.0
15:20:20,0.0,0.0,0.0,0.0,0.0,0.0
15:20:20,0.0,0.0,0.0,0.0,0.0,0.0
15:20:20,0.0,0.0,0.0,0.0,0.0,0.0
15:20:20,0.0,0.0,0.0,0.0,0.0,0.0
15:20:20,0.0,0.0,0.0,0.0,0.0,0.0
15:20:21,0.0,0.0,0.0,0.0,0.0,0.0
15:20:21,0.0,0.0,0.0,0.0,0.0,0.0
15:20:21,0.0,0.0,0.0,0.0,0.0,0.0
15:20:21,0.0,0.0,0.0,0.0,0.0,0.0
15:20:21,0.0,0.0,0.0,0.0,0.0,0.0
15:20:21,0.0,0.0,0.0,0.0,0.0,0.0
15:20:21,0.0,0.0,0.0,0.0,0.0,0.0
15:20:21,0.0,0.0,0.0,0.0,0.0,0.0
15:20:21,0.0,0.0,0.0,0.0,0.0,0.0
15:20:22,0.0,0.0,0.0,0.0,0.0,0.0
15:20:22,0.0,0.0,0.0,0.0,0.0,0.0
15:20:22,0.0,0.0,0.0,0.0,0.0,0.0
15:20:22,0.0,0.0,0.0,0.0,0.0,0.0
15:20:22,0.0,0.0,0.0,0.0,0.0,0.0
15:20:22,0.0,0.0,0.0,0.0,0.0,0.0
15:20:22,0.0,0.0,0.0,0.0,0.0,0.0
15:20:22,0.0,0.0,0.0,0.0,0.0,0.0
15:20:22,0.0,0.0,0.0,0.0,0.0,0.0
15:20:23,0.0,0.0,0.0,0.0,0.0,0.0
15:20:23,0.0,0.0,0.0,0.0,0.0,0.0
15:20:23,0.0,0.0,0.0,0.0,0.0,0.0
15:20:23,0.0,0.0,0.0,0.0,0.0,0.0
15:20:23,0.0,0.0,0.0,0.0,0.0,0.0
15:20:23,0.0,0.0,0.0,0.0,0.0,0.0
15:20:23,0.0,0.0,0.0,0.0,0.0,0.0
15:20:23,0.0,0.0,0.0,0.0,0.0,0.0
15:20:23,0.0,0.0,0.0,0.0,0.0,0.0
15:20:24,0.0,0.0,0.0,0.0,0.0,0.0
15:20:24,0.0,0.0,0.0,0.0,0.0,0.0
15:20:24,0.0,0.0,0.0,0.0,0.0,0.0
15:20:24,0.0,0.0,0.0,0.0,0.0,0.0
15:20:24,0.0,0.0,0.0,0.0,0.0,0.0
15:20:24,0.0,0.0,0.0,0.0,0.0,0.0
15:20:24,0.0,0.0,0.0,0.0,0.0,0.0
15:20:24,0.0,0.0,0.0,0.0,0.0,0.0
15:20:24,0.0,0.0,0.0,0.0,0.0,0.0
15:20:25,0.0,0.0,0.0,0.0,0.0,0.0
15:20:25,0.0,0.0,0.0,0.0,0.0,0.0
15:20:25,0.0,0.0,0.0,0.0,0.0,0.0
15:20:25,0.0,0.0,0.0,0.0,0.0,0.0
15:20:25,0.0,0.0,0.0,0.0,0.0,0.0
15:20:25,0.0,0.0,0.0,0.0,0.0,0.0
15:20:25,0.0,0.0,0.0,0.0,0.0,0.0
15:20:25,0.0,0.0,0.0,0.0,0.0,0.0
15:20:26,0.0,0.0,0.0,0.0,0.0,0.0
15:20:26,0.0,0.0,0.0,0.0,0.0,0.0
15:20:26,0.0,0.0,0.0,0.0,0.0,0.0
15:20:26,0.0,0.0,0.0,0.0,0.0,0.0
15:20:26,0.0,0.0,0.0,0.0,0.0,0.0
15:20:26,0.0,0.0,0.0,0.0,0.0,0.0
15:20:26,0.0,0.0,0.0,0.0,0.0,0.0
15:20:27,0.0,0.0,0.0,0.0,0.0,0.0
15:20:27,0.0,0.0,0.0,0.0,0.0,0.0
15:20:27,0.0,0.0,0.0,0.0,0.0,0.0
15:20:27,0.0,0.0,0.0,0.0,0.0,0.0
15:20:27,0.0,0.0,0.0,0.0,0.0,0.0
15:20:27,0.0,0.0,0.0,0.0,0.0,0.0
15:20:27,0.0,0.0,0.0,0.0,0.0,0.0
15:20:28,0.0,0.0,0.0,0.0,0.0,0.0
15:20:28,0.0,0.0,0.0,0.0,0.0,0.0
15:20:28,0.0,0.0,0.0,0.0,0.0,0.0
15:20:28,0.0,0.0,0.0,0.0,0.0,0.0
15:20:28,0.0,0.0,0.0,0.0,0.0,0.0
15:20:28,0.0,0.0,0.0,0.0,0.0,0.0
15:20:28,0.0,0.0,0.0,0.0,0.0,0.0
15:20:28,0.0,0.0,0.0,0.0,0.0,0.0
15:20:28,0.0,0.0,0.0,0.0,0.0,0.0
15:20:29,0.0,0.0,0.0,0.0,0.0,0.0
15:20:29,0.0,0.0,0.0,0.0,0.0,0.0
15:20:29,0.0,0.0,0.0,0.0,0.0,0.0
15:20:29,0.0,0.0,0.0,0.0,0.0,0.0
15:20:29,0.0,0.0,0.0,0.0,0.0,0.0
15:20:29,0.0,0.0,0.0,0.0,0.0,0.0
15:20:29,0.0,0.0,0.0,0.0,0.0,0.0
15:20:29,0.0,0.0,0.0,0.0,0.0,0.0
15:20:29,0.0,0.0,0.0,0.0,0.0,0.0
15:20:30,0.0,0.0,0.0,0.0,0.0,0.0
15:20:30,0.0,0.0,0.0,0.0,0.0,0.0
15:20:30,0.0,0.0,0.0,0.0,0.0,0.0
15:20:30,0.0,0.0,0.0,0.0,0.0,0.0
15:20:30,0.0,0.0,0.0,0.0,0.0,0.0
15:20:30,0.0,0.0,0.0,0.0,0.0,0.0
15:20:30,0.0,0.0,0.0,0.0,0.0,0.0
15:20:30,0.0,0.0,0.0,0.0,0.0,0.0
15:20:30,0.0,0.0,0.0,0.0,0.0,0.0
15:20:31,0.0,0.0,0.0,0.0,0.0,0.0
15:20:31,0.0,0.0,0.0,0.0,0.0,0.0
15:20:31,0.0,0.0,0.0,0.0,0.0,0.0
15:20:31,0.0,0.0,0.0,0.0,0.0,0.0
15:20:31,0.0,0.0,0.0,0.0,0.0,0.0
15:20:31,0.0,0.0,0.0,0.0,0.0,0.0
15:20:31,0.0,0.0,0.0,0.0,0.0,0.0
15:20:31,0.0,0.0,0.0,0.0,0.0,0.0
15:20:31,0.0,0.0,0.0,0.0,0.0,0.0
15:20:32,0.0,0.0,0.0,0.0,0.0,0.0
15:20:32,0.0,0.0,0.0,0.0,0.0,0.0
15:20:32,0.0,0.0,0.0,0.0,0.0,0.0
15:20:32,0.0,0.0,0.0,0.0,0.0,0.0
15:20:32,0.0,0.0,0.0,0.0,0.0,0.0
15:20:32,0.0,0.0,0.0,0.0,0.0,0.0
15:20:32,0.0,0.0,0.0,0.0,0.0,0.0
15:20:32,0.0,0.0,0.0,0.0,0.0,0.0
15:20:32,0.0,0.0,0.0,0.0,0.0,0.0
15:20:33,0.0,0.0,0.0,0.0,0.0,0.0
15:20:33,0.0,0.0,0.0,0.0,0.0,0.0
15:20:33,0.0,0.0,0.0,0.0,0.0,0.0
15:20:33,0.0,0.0,0.0,0.0,0.0,0.0
15:20:33,0.0,0.0,0.0,0.0,0.0,0.0
15:20:33,0.0,0.0,0.0,0.0,0.0,0.0
15:20:33,0.0,0.0,0.0,0.0,0.0,0.0
15:20:33,0.0,0.0,0.0,0.0,0.0,0.0
15:20:33,0.0,0.0,0.0,0.0,0.0,0.0
15:20:34,0.0,0.0,0.0,0.0,0.0,0.0
15:20:34,0.0,0.0,0.0,0.0,0.0,0.0
15:20:34,0.0,0.0,0.0,0.0,0.0,0.0
15:20:34,0.0,0.0,0.0,0.0,0.0,0.0
15:20:34,0.0,0.0,0.0,0.0,0.0,0.0
15:20:34,0.0,0.0,0.0,0.0,0.0,0.0
15:20:34,0.0,0.0,0.0,0.0,0.0,0.0
15:20:34,0.0,0.0,0.0,0.0,0.0,0.0
15:20:34,0.0,0.0,0.0,0.0,0.0,0.0
15:20:35,0.0,0.0,0.0,0.0,0.0,0.0
15:20:35,0.0,0.0,0.0,0.0,0.0,0.0
15:20:35,0.0,0.0,0.0,0.0,0.0,0.0
15:20:35,0.0,0.0,0.0,0.0,0.0,0.0
15:20:35,0.0,0.0,0.0,0.0,0.0,0.0
15:20:35,0.0,0.0,0.0,0.0,0.0,0.0
15:20:35,0.0,0.0,0.0,0.0,0.0,0.0
15:20:35,0.0,0.0,0.0,0.0,0.0,0.0
15:20:35,0.0,0.0,0.0,0.0,0.0,0.0
15:20:36,0.0,0.0,0.0,0.0,0.0,0.0
15:20:36,0.0,0.0,0.0,0.0,0.0,0.0
15:20:36,0.0,0.0,0.0,0.0,0.0,0.0
15:20:36,0.0,0.0,0.0,0.0,0.0,0.0
15:20:36,0.0,0.0,0.0,0.0,0.0,0.0
15:20:36,0.0,0.0,0.0,0.0,0.0,0.0
15:20:36,0.0,0.0,0.0,0.0,0.0,0.0
15:20:36,0.0,0.0,0.0,0.0,0.0,0.0
15:20:36,0.0,0.0,0.0,0.0,0.0,0.0
15:20:37,0.0,0.0,0.0,0.0,0.0,0.0
15:20:37,0.0,0.0,0.0,0.0,0.0,0.0
15:20:37,0.0,0.0,0.0,0.0,0.0,0.0
15:20:37,0.0,0.0,0.0,0.0,0.0,0.0
15:20:37,0.0,0.0,0.0,0.0,0.0,0.0
15:20:37,0.0,0.0,0.0,0.0,0.0,0.0
15:20:37,0.0,0.0,0.0,0.0,0.0,0.0
15:20:37,0.0,0.0,0.0,0.0,0.0,0.0
15:20:38,0.0,0.0,0.0,0.0,0.0,0.0
15:20:38,0.0,0.0,0.0,0.0,0.0,0.0
15:20:38,0.0,0.0,0.0,0.0,0.0,0.0
15:20:38,0.0,0.0,0.0,0.0,0.0,0.0
15:20:38,0.0,0.0,0.0,0.0,0.0,0.0
15:20:38,0.0,0.0,0.0,0.0,0.0,0.0
15:20:38,0.0,0.0,0.0,0.0,0.0,0.0
15:20:38,0.0,0.0,0.0,0.0,0.0,0.0
15:20:39,0.0,0.0,0.0,0.0,0.0,0.0
15:20:39,0.0,0.0,0.0,0.0,0.0,0.0
15:20:39,0.0,0.0,0.0,0.0,0.0,0.0
15:20:39,0.0,0.0,0.0,0.0,0.0,0.0
15:20:39,0.0,0.0,0.0,0.0,0.0,0.0
15:20:39,0.0,0.0,0.0,0.0,0.0,0.0
15:20:39,0.0,0.0,0.0,0.0,0.0,0.0
15:20:39,0.0,0.0,0.0,0.0,0.0,0.0
15:20:39,0.0,0.0,0.0,0.0,0.0,0.0
15:20:40,0.0,0.0,0.0,0.0,0.0,0.0
15:20:40,0.0,0.0,0.0,0.0,0.0,0.0
15:20:40,0.0,0.0,0.0,0.0,0.0,0.0
15:20:40,0.0,0.0,0.0,0.0,0.0,0.0
15:20:40,0.0,0.0,0.0,0.0,0.0,0.0
15:20:40,0.0,0.0,0.0,0.0,0.0,0.0
15:20:40,0.0,0.0,0.0,0.0,0.0,0.0
15:20:40,0.0,0.0,0.0,0.0,0.0,0.0
15:20:40,0.0,0.0,0.0,0.0,0.0,0.0
15:20:41,0.0,0.0,0.0,0.0,0.0,0.0
15:20:41,0.0,0.0,0.0,0.0,0.0,0.0
15:20:41,0.0,0.0,0.0,0.0,0.0,0.0
15:20:41,0.0,0.0,0.0,0.0,0.0,0.0
15:20:41,0.0,0.0,0.0,0.0,0.0,0.0
15:20:41,0.0,0.0,0.0,0.0,0.0,0.0
15:20:41,0.0,0.0,0.0,0.0,0.0,0.0
15:20:41,0.0,0.0,0.0,0.0,0.0,0.0
15:20:41,0.0,0.0,0.0,0.0,0.0,0.0
15:20:42,0.0,0.0,0.0,0.0,0.0,0.0
15:20:42,0.0,0.0,0.0,0.0,0.0,0.0
15:20:42,0.0,0.0,0.0,0.0,0.0,0.0
15:20:42,0.0,0.0,0.0,0.0,0.0,0.0
15:20:42,0.0,0.0,0.0,0.0,0.0,0.0
15:20:42,0.0,0.0,0.0,0.0,0.0,0.0
15:20:42,0.0,0.0,0.0,0.0,0.0,0.0
15:20:42,0.0,0.0,0.0,0.0,0.0,0.0
15:20:42,0.0,0.0,0.0,0.0,0.0,0.0
15:20:43,0.0,0.0,0.0,0.0,0.0,0.0
15:20:43,0.0,0.0,0.0,0.0,0.0,0.0
15:20:43,0.0,0.0,0.0,0.0,0.0,0.0
15:20:43,0.0,0.0,0.0,0.0,0.0,0.0
15:20:43,0.0,0.0,0.0,0.0,0.0,0.0
15:20:43,0.0,0.0,0.0,0.0,0.0,0.0
15:20:43,0.0,0.0,0.0,0.0,0.0,0.0
15:20:43,0.0,0.0,0.0,0.0,0.0,0.0
15:20:43,0.0,0.0,0.0,0.0,0.0,0.0
15:20:44,0.0,0.0,0.0,0.0,0.0,0.0
15:20:44,0.0,0.0,0.0,0.0,0.0,0.0
15:20:44,0.0,0.0,0.0,0.0,0.0,0.0
15:20:44,0.0,0.0,0.0,0.0,0.0,0.0
15:20:44,0.0,0.0,0.0,0.0,0.0,0.0
15:20:44,0.0,0.0,0.0,0.0,0.0,0.0
15:20:44,0.0,0.0,0.0,0.0,0.0,0.0
15:20:44,0.0,0.0,0.0,0.0,0.0,0.0
15:20:44,0.0,0.0,0.0,0.0,0.0,0.0
15:20:45,0.0,0.0,0.0,0.0,0.0,0.0
15:20:45,0.0,0.0,0.0,0.0,0.0,0.0
15:20:45,0.0,0.0,0.0,0.0,0.0,0.0
15:20:45,0.0,0.0,0.0,0.0,0.0,0.0
15:20:45,0.0,0.0,0.0,0.0,0.0,0.0
15:20:45,0.0,0.0,0.0,0.0,0.0,0.0
15:20:45,0.0,0.0,0.0,0.0,0.0,0.0
15:20:45,0.0,0.0,0.0,0.0,0.0,0.0
15:20:45,0.0,0.0,0.0,0.0,0.0,0.0
15:20:46,0.0,0.0,0.0,0.0,0.0,0.0
15:20:46,0.0,0.0,0.0,0.0,0.0,0.0
15:20:46,0.0,0.0,0.0,0.0,0.0,0.0
15:20:46,0.0,0.0,0.0,0.0,0.0,0.0
15:20:46,0.0,0.0,0.0,0.0,0.0,0.0
15:20:46,0.0,0.0,0.0,0.0,0.0,0.0
15:20:46,0.0,0.0,0.0,0.0,0.0,0.0
15:20:46,0.0,0.0,0.0,0.0,0.0,0.0
15:20:46,0.0,0.0,0.0,0.0,0.0,0.0
15:20:47,0.0,0.0,0.0,0.0,0.0,0.0
15:20:47,0.0,0.0,0.0,0.0,0.0,0.0
15:20:47,0.0,0.0,0.0,0.0,0.0,0.0
15:20:47,0.0,0.0,0.0,0.0,0.0,0.0
15:20:47,0.0,0.0,0.0,0.0,0.0,0.0
15:20:47,0.0,0.0,0.0,0.0,0.0,0.0
15:20:47,0.0,0.0,0.0,0.0,0.0,0.0
15:20:47,0.0,0.0,0.0,0.0,0.0,0.0
15:20:47,0.0,0.0,0.0,0.0,0.0,0.0
15:20:48,0.0,0.0,0.0,0.0,0.0,0.0
15:20:48,0.0,0.0,0.0,0.0,0.0,0.0
15:20:48,0.0,0.0,0.0,0.0,0.0,0.0
15:20:48,0.0,0.0,0.0,0.0,0.0,0.0
15:20:48,0.0,0.0,0.0,0.0,0.0,0.0
15:20:48,0.0,0.0,0.0,0.0,0.0,0.0
15:20:48,0.0,0.0,0.0,0.0,0.0,0.0
15:20:48,0.0,0.0,0.0,0.0,0.0,0.0
15:20:49,0.0,0.0,0.0,0.0,0.0,0.0
15:20:49,0.0,0.0,0.0,0.0,0.0,0.0
15:20:49,0.0,0.0,0.0,0.0,0.0,0.0
15:20:49,0.0,0.0,0.0,0.0,0.0,0.0
15:20:49,0.0,0.0,0.0,0.0,0.0,0.0
15:20:49,0.0,0.0,0.0,0.0,0.0,0.0
15:20:49,0.0,0.0,0.0,0.0,0.0,0.0
15:20:49,0.0,0.0,0.0,0.0,0.0,0.0
15:20:49,0.0,0.0,0.0,0.0,0.0,0.0
15:20:50,0.0,0.0,0.0,0.0,0.0,0.0
15:20:50,0.0,0.0,0.0,0.0,0.0,0.0
15:20:50,0.0,0.0,0.0,0.0,0.0,0.0
15:20:50,0.0,0.0,0.0,0.0,0.0,0.0
15:20:50,0.0,0.0,0.0,0.0,0.0,0.0
15:20:50,0.0,0.0,0.0,0.0,0.0,0.0
15:20:50,0.0,0.0,0.0,0.0,0.0,0.0
15:20:50,0.0,0.0,0.0,0.0,0.0,0.0
15:20:51,0.0,0.0,0.0,0.0,0.0,0.0
15:20:51,0.0,0.0,0.0,0.0,0.0,0.0
15:20:51,0.0,0.0,0.0,0.0,0.0,0.0
15:20:51,0.0,0.0,0.0,0.0,0.0,0.0
15:20:51,0.0,0.0,0.0,0.0,0.0,0.0
15:20:51,0.0,0.0,0.0,0.0,0.0,0.0
15:20:51,0.0,0.0,0.0,0.0,0.0,0.0
15:20:51,0.0,0.0,0.0,0.0,0.0,0.0
15:20:51,0.0,0.0,0.0,0.0,0.0,0.0
15:20:52,0.0,0.0,0.0,0.0,0.0,0.0
15:20:52,0.0,0.0,0.0,0.0,0.0,0.0
15:20:52,0.0,0.0,0.0,0.0,0.0,0.0
15:20:52,0.0,0.0,0.0,0.0,0.0,0.0
15:20:52,0.0,0.0,0.0,0.0,0.0,0.0
15:20:52,0.0,0.0,0.0,0.0,0.0,0.0
15:20:52,0.0,0.0,0.0,0.0,0.0,0.0
15:20:52,0.0,0.0,0.0,0.0,0.0,0.0
15:20:52,0.0,0.0,0.0,0.0,0.0,0.0
15:20:53,0.0,0.0,0.0,0.0,0.0,0.0
15:20:53,0.0,0.0,0.0,0.0,0.0,0.0
15:20:53,0.0,0.0,0.0,0.0,0.0,0.0
15:20:53,0.0,0.0,0.0,0.0,0.0,0.0
15:20:53,0.0,0.0,0.0,0.0,0.0,0.0
15:20:53,0.0,0.0,0.0,0.0,0.0,0.0
15:20:53,0.0,0.0,0.0,0.0,0.0,0.0
15:20:53,0.0,0.0,0.0,0.0,0.0,0.0
15:20:53,0.0,0.0,0.0,0.0,0.0,0.0
15:20:54,0.0,0.0,0.0,0.0,0.0,0.0
15:20:54,0.0,0.0,0.0,0.0,0.0,0.0
15:20:54,0.0,0.0,0.0,0.0,0.0,0.0
15:20:54,0.0,0.0,0.0,0.0,0.0,0.0
15:20:54,0.0,0.0,0.0,0.0,0.0,0.0
15:20:54,0.0,0.0,0.0,0.0,0.0,0.0
15:20:54,0.0,0.0,0.0,0.0,0.0,0.0
15:20:54,0.0,0.0,0.0,0.0,0.0,0.0
15:20:54,0.0,0.0,0.0,0.0,0.0,0.0
15:20:55,0.0,0.0,0.0,0.0,0.0,0.0
15:20:55,0.0,0.0,0.0,0.0,0.0,0.0
15:20:55,0.0,0.0,0.0,0.0,0.0,0.0
15:20:55,0.0,0.0,0.0,0.0,0.0,0.0
15:20:55,0.0,0.0,0.0,0.0,0.0,0.0
15:20:55,0.0,0.0,0.0,0.0,0.0,0.0
15:20:55,0.0,0.0,0.0,0.0,0.0,0.0
15:20:55,0.0,0.0,0.0,0.0,0.0,0.0
15:20:55,0.0,0.0,0.0,0.0,0.0,0.0
15:20:56,0.0,0.0,0.0,0.0,0.0,0.0
15:20:56,0.0,0.0,0.0,0.0,0.0,0.0
15:20:56,0.0,0.0,0.0,0.0,0.0,0.0
15:20:56,0.0,0.0,0.0,0.0,0.0,0.0
15:20:56,0.0,0.0,0.0,0.0,0.0,0.0
15:20:56,0.0,0.0,0.0,0.0,0.0,0.0
15:20:56,0.0,0.0,0.0,0.0,0.0,0.0
15:20:56,0.0,0.0,0.0,0.0,0.0,0.0
15:20:56,0.0,0.0,0.0,0.0,0.0,0.0
15:20:57,0.0,0.0,0.0,0.0,0.0,0.0
15:20:57,0.0,0.0,0.0,0.0,0.0,0.0
15:20:57,0.0,0.0,0.0,0.0,0.0,0.0
15:20:57,0.0,0.0,0.0,0.0,0.0,0.0
15:20:57,0.0,0.0,0.0,0.0,0.0,0.0
15:20:57,0.0,0.0,0.0,0.0,0.0,0.0
15:20:57,0.0,0.0,0.0,0.0,0.0,0.0
15:20:57,0.0,0.0,0.0,0.0,0.0,0.0
15:20:57,0.0,0.0,0.0,0.0,0.0,0.0
15:20:58,0.0,0.0,0.0,0.0,0.0,0.0
15:20:58,0.0,0.0,0.0,0.0,0.0,0.0
15:20:58,0.0,0.0,0.0,0.0,0.0,0.0
15:20:58,0.0,0.0,0.0,0.0,0.0,0.0
15:20:58,0.0,0.0,0.0,0.0,0.0,0.0
15:20:58,0.0,0.0,0.0,0.0,0.0,0.0
15:20:58,0.0,0.0,0.0,0.0,0.0,0.0
15:20:58,0.0,0.0,0.0,0.0,0.0,0.0
15:20:58,0.0,0.0,0.0,0.0,0.0,0.0
15:20:59,0.0,0.0,0.0,0.0,0.0,0.0
15:20:59,0.0,0.0,0.0,0.0,0.0,0.0
15:20:59,0.0,0.0,0.0,0.0,0.0,0.0
15:20:59,0.0,0.0,0.0,0.0,0.0,0.0
15:20:59,0.0,0.0,0.0,0.0,0.0,0.0
15:20:59,0.0,0.0,0.0,0.0,0.0,0.0
15:20:59,0.0,0.0,0.0,0.0,0.0,0.0
15:20:59,0.0,0.0,0.0,0.0,0.0,0.0
15:20:59,0.0,0.0,0.0,0.0,0.0,0.0
15:21:00,0.0,0.0,0.0,0.0,0.0,0.0
15:21:00,0.0,0.0,0.0,0.0,0.0,0.0
15:21:00,0.0,0.0,0.0,0.0,0.0,0.0
15:21:00,0.0,0.0,0.0,0.0,0.0,0.0
15:21:00,0.0,0.0,0.0,0.0,0.0,0.0
15:21:00,0.0,0.0,0.0,0.0,0.0,0.0
15:21:00,0.0,0.0,0.0,0.0,0.0,0.0
15:21:00,0.0,0.0,0.0,0.0,0.0,0.0
15:21:01,0.0,0.0,0.0,0.0,0.0,0.0
15:21:01,0.0,0.0,0.0,0.0,0.0,0.0
15:21:01,0.0,0.0,0.0,0.0,0.0,0.0
15:21:01,0.0,0.0,0.0,0.0,0.0,0.0
15:21:01,0.0,0.0,0.0,0.0,0.0,0.0
15:21:01,0.0,0.0,0.0,0.0,0.0,0.0
15:21:01,0.0,0.0,0.0,0.0,0.0,0.0
15:21:01,0.0,0.0,0.0,0.0,0.0,0.0
15:21:02,0.0,0.0,0.0,0.0,0.0,0.0
15:21:02,0.0,0.0,0.0,0.0,0.0,0.0
15:21:02,0.0,0.0,0.0,0.0,0.0,0.0
15:21:02,0.0,0.0,0.0,0.0,0.0,0.0
15:21:02,0.0,0.0,0.0,0.0,0.0,0.0
15:21:02,0.0,0.0,0.0,0.0,0.0,0.0
15:21:02,0.0,0.0,0.0,0.0,0.0,0.0
15:21:02,0.0,0.0,0.0,0.0,0.0,0.0
15:21:03,0.0,0.0,0.0,0.0,0.0,0.0
15:21:03,0.0,0.0,0.0,0.0,0.0,0.0
15:21:03,0.0,0.0,0.0,0.0,0.0,0.0
15:21:03,0.0,0.0,0.0,0.0,0.0,0.0
15:21:03,0.0,0.0,0.0,0.0,0.0,0.0
15:21:03,0.0,0.0,0.0,0.0,0.0,0.0
15:21:03,0.0,0.0,0.0,0.0,0.0,0.0
15:21:03,0.0,0.0,0.0,0.0,0.0,0.0
15:21:03,0.0,0.0,0.0,0.0,0.0,0.0
15:21:04,0.0,0.0,0.0,0.0,0.0,0.0
15:21:04,0.0,0.0,0.0,0.0,0.0,0.0
15:21:04,0.0,0.0,0.0,0.0,0.0,0.0
15:21:04,0.0,0.0,0.0,0.0,0.0,0.0
15:21:04,0.0,0.0,0.0,0.0,0.0,0.0
15:21:04,0.0,0.0,0.0,0.0,0.0,0.0
15:21:04,0.0,0.0,0.0,0.0,0.0,0.0
15:21:04,0.0,0.0,0.0,0.0,0.0,0.0
15:21:04,0.0,0.0,0.0,0.0,0.0,0.0
15:21:05,0.0,0.0,0.0,0.0,0.0,0.0
15:21:05,0.0,0.0,0.0,0.0,0.0,0.0
15:21:05,0.0,0.0,0.0,0.0,0.0,0.0
15:21:05,0.0,0.0,0.0,0.0,0.0,0.0
15:21:05,0.0,0.0,0.0,0.0,0.0,0.0
15:21:05,0.0,0.0,0.0,0.0,0.0,0.0
15:21:05,0.0,0.0,0.0,0.0,0.0,0.0
15:21:05,0.0,0.0,0.0,0.0,0.0,0.0
15:21:05,0.0,0.0,0.0,0.0,0.0,0.0
15:21:06,0.0,0.0,0.0,0.0,0.0,0.0
15:21:06,0.0,0.0,0.0,0.0,0.0,0.0
15:21:06,0.0,0.0,0.0,0.0,0.0,0.0
15:21:06,0.0,0.0,0.0,0.0,0.0,0.0
15:21:06,0.0,0.0,0.0,0.0,0.0,0.0
15:21:06,0.0,0.0,0.0,0.0,0.0,0.0
15:21:06,0.0,0.0,0.0,0.0,0.0,0.0
15:21:06,0.0,0.0,0.0,0.0,0.0,0.0
15:21:06,0.0,0.0,0.0,0.0,0.0,0.0
15:21:07,0.0,0.0,0.0,0.0,0.0,0.0
15:21:07,0.0,0.0,0.0,0.0,0.0,0.0
15:21:07,0.0,0.0,0.0,0.0,0.0,0.0
15:21:07,0.0,0.0,0.0,0.0,0.0,0.0
15:21:07,0.0,0.0,0.0,0.0,0.0,0.0
15:21:07,0.0,0.0,0.0,0.0,0.0,0.0
15:21:07,0.0,0.0,0.0,0.0,0.0,0.0
15:21:07,0.0,0.0,0.0,0.0,0.0,0.0
15:21:07,0.0,0.0,0.0,0.0,0.0,0.0
15:21:08,0.0,0.0,0.0,0.0,0.0,0.0
15:21:08,0.0,0.0,0.0,0.0,0.0,0.0
15:21:08,0.0,0.0,0.0,0.0,0.0,0.0
15:21:08,0.0,0.0,0.0,0.0,0.0,0.0
15:21:08,0.0,0.0,0.0,0.0,0.0,0.0
15:21:08,0.0,0.0,0.0,0.0,0.0,0.0
15:21:08,0.0,0.0,0.0,0.0,0.0,0.0
15:21:08,0.0,0.0,0.0,0.0,0.0,0.0
15:21:08,0.0,0.0,0.0,0.0,0.0,0.0
15:21:09,0.0,0.0,0.0,0.0,0.0,0.0
15:21:09,0.0,0.0,0.0,0.0,0.0,0.0
15:21:09,0.0,0.0,0.0,0.0,0.0,0.0
15:21:09,0.0,0.0,0.0,0.0,0.0,0.0
15:21:09,0.0,0.0,0.0,0.0,0.0,0.0
15:21:09,0.0,0.0,0.0,0.0,0.0,0.0
15:21:09,0.0,0.0,0.0,0.0,0.0,0.0
15:21:09,0.0,0.0,0.0,0.0,0.0,0.0
15:21:09,0.0,0.0,0.0,0.0,0.0,0.0
15:21:10,0.0,0.0,0.0,0.0,0.0,0.0
15:21:10,0.0,0.0,0.0,0.0,0.0,0.0
15:21:10,0.0,0.0,0.0,0.0,0.0,0.0
15:21:10,0.0,0.0,0.0,0.0,0.0,0.0
15:21:10,0.0,0.0,0.0,0.0,0.0,0.0
15:21:10,0.0,0.0,0.0,0.0,0.0,0.0
15:21:10,0.0,0.0,0.0,0.0,0.0,0.0
15:21:10,0.0,0.0,0.0,0.0,0.0,0.0
15:21:10,0.0,0.0,0.0,0.0,0.0,0.0
15:21:11,0.0,0.0,0.0,0.0,0.0,0.0
15:21:11,0.0,0.0,0.0,0.0,0.0,0.0
15:21:11,0.0,0.0,0.0,0.0,0.0,0.0
15:21:11,0.0,0.0,0.0,0.0,0.0,0.0
15:21:11,0.0,0.0,0.0,0.0,0.0,0.0
15:21:11,0.0,0.0,0.0,0.0,0.0,0.0
15:21:11,0.0,0.0,0.0,0.0,0.0,0.0
15:21:11,0.0,0.0,0.0,0.0,0.0,0.0
15:21:11,0.0,0.0,0.0,0.0,0.0,0.0
15:21:12,0.0,0.0,0.0,0.0,0.0,0.0
15:21:12,0.0,0.0,0.0,0.0,0.0,0.0
15:21:12,0.0,0.0,0.0,0.0,0.0,0.0
15:21:12,0.0,0.0,0.0,0.0,0.0,0.0
15:21:12,0.0,0.0,0.0,0.0,0.0,0.0
15:21:12,0.0,0.0,0.0,0.0,0.0,0.0
15:21:12,0.0,0.0,0.0,0.0,0.0,0.0
15:21:12,0.0,0.0,0.0,0.0,0.0,0.0
15:21:12,0.0,0.0,0.0,0.0,0.0,0.0
15:21:13,0.0,0.0,0.0,0.0,0.0,0.0
15:21:13,0.0,0.0,0.0,0.0,0.0,0.0
15:21:13,0.0,0.0,0.0,0.0,0.0,0.0
15:21:13,0.0,0.0,0.0,0.0,0.0,0.0
15:21:13,0.0,0.0,0.0,0.0,0.0,0.0
15:21:13,0.0,0.0,0.0,0.0,0.0,0.0
15:21:13,0.0,0.0,0.0,0.0,0.0,0.0
15:21:14,0.0,0.0,0.0,0.0,0.0,0.0
15:21:14,0.0,0.0,0.0,0.0,0.0,0.0
15:21:14,0.0,0.0,0.0,0.0,0.0,0.0
15:21:14,0.0,0.0,0.0,0.0,0.0,0.0
15:21:14,0.0,0.0,0.0,0.0,0.0,0.0
15:21:14,0.0,0.0,0.0,0.0,0.0,0.0
15:21:14,0.0,0.0,0.0,0.0,0.0,0.0
15:21:15,0.0,0.0,0.0,0.0,0.0,0.0
15:21:15,0.0,0.0,0.0,0.0,0.0,0.0
15:21:15,0.0,0.0,0.0,0.0,0.0,0.0
15:21:15,0.0,0.0,0.0,0.0,0.0,0.0
15:21:15,0.0,0.0,0.0,0.0,0.0,0.0
15:21:15,0.0,0.0,0.0,0.0,0.0,0.0
15:21:15,0.0,0.0,0.0,0.0,0.0,0.0
15:21:16,0.0,0.0,0.0,0.0,0.0,0.0
15:21:16,0.0,0.0,0.0,0.0,0.0,0.0
15:21:16,0.0,0.0,0.0,0.0,0.0,0.0
15:21:16,0.0,0.0,0.0,0.0,0.0,0.0
15:21:16,0.0,0.0,0.0,0.0,0.0,0.0
15:21:16,0.0,0.0,0.0,0.0,0.0,0.0
15:21:16,0.0,0.0,0.0,0.0,0.0,0.0
15:21:16,0.0,0.0,0.0,0.0,0.0,0.0
15:21:16,0.0,0.0,0.0,0.0,0.0,0.0
15:21:17,0.0,0.0,0.0,0.0,0.0,0.0
15:21:17,0.0,0.0,0.0,0.0,0.0,0.0
15:21:17,0.0,0.0,0.0,0.0,0.0,0.0
15:21:17,0.0,0.0,0.0,0.0,0.0,0.0
15:21:17,0.0,0.0,0.0,0.0,0.0,0.0
15:21:17,0.0,0.0,0.0,0.0,0.0,0.0
15:21:17,0.0,0.0,0.0,0.0,0.0,0.0
15:21:17,0.0,0.0,0.0,0.0,0.0,0.0
15:21:18,0.0,0.0,0.0,0.0,0.0,0.0
15:21:18,0.0,0.0,0.0,0.0,0.0,0.0
15:21:18,0.0,0.0,0.0,0.0,0.0,0.0
15:21:18,0.0,0.0,0.0,0.0,0.0,0.0
15:21:18,0.0,0.0,0.0,0.0,0.0,0.0
15:21:18,0.0,0.0,0.0,0.0,0.0,0.0
15:21:18,0.0,0.0,0.0,0.0,0.0,0.0
15:21:18,0.0,0.0,0.0,0.0,0.0,0.0
15:21:18,0.0,0.0,0.0,0.0,0.0,0.0
15:21:19,0.0,0.0,0.0,0.0,0.0,0.0
15:21:19,0.0,0.0,0.0,0.0,0.0,0.0
15:21:19,0.0,0.0,0.0,0.0,0.0,0.0
15:21:19,0.0,0.0,0.0,0.0,0.0,0.0
15:21:19,0.0,0.0,0.0,0.0,0.0,0.0
15:21:19,0.0,0.0,0.0,0.0,0.0,0.0
15:21:19,0.0,0.0,0.0,0.0,0.0,0.0
15:21:19,0.0,0.0,0.0,0.0,0.0,0.0
15:21:19,0.0,0.0,0.0,0.0,0.0,0.0
15:21:20,0.0,0.0,0.0,0.0,0.0,0.0
15:21:20,0.0,0.0,0.0,0.0,0.0,0.0
15:21:20,0.0,0.0,0.0,0.0,0.0,0.0
15:21:20,0.0,0.0,0.0,0.0,0.0,0.0
15:21:20,0.0,0.0,0.0,0.0,0.0,0.0
15:21:20,0.0,0.0,0.0,0.0,0.0,0.0
15:21:20,0.0,0.0,0.0,0.0,0.0,0.0
15:21:20,0.0,0.0,0.0,0.0,0.0,0.0
15:21:20,0.0,0.0,0.0,0.0,0.0,0.0
15:21:21,0.0,0.0,0.0,0.0,0.0,0.0
15:21:21,0.0,0.0,0.0,0.0,0.0,0.0
15:21:21,0.0,0.0,0.0,0.0,0.0,0.0
15:21:21,0.0,0.0,0.0,0.0,0.0,0.0
15:21:21,0.0,0.0,0.0,0.0,0.0,0.0
15:21:21,0.0,0.0,0.0,0.0,0.0,0.0
15:21:21,0.0,0.0,0.0,0.0,0.0,0.0
15:21:21,0.0,0.0,0.0,0.0,0.0,0.0
15:21:21,0.0,0.0,0.0,0.0,0.0,0.0
15:21:22,0.0,0.0,0.0,0.0,0.0,0.0
15:21:22,0.0,0.0,0.0,0.0,0.0,0.0
15:21:22,0.0,0.0,0.0,0.0,0.0,0.0
15:21:22,0.0,0.0,0.0,0.0,0.0,0.0
15:21:22,0.0,0.0,0.0,0.0,0.0,0.0
15:21:22,0.0,0.0,0.0,0.0,0.0,0.0
15:21:22,0.0,0.0,0.0,0.0,0.0,0.0
15:21:22,0.0,0.0,0.0,0.0,0.0,0.0
15:21:22,0.0,0.0,0.0,0.0,0.0,0.0
15:21:23,0.0,0.0,0.0,0.0,0.0,0.0
15:21:23,0.0,0.0,0.0,0.0,0.0,0.0
15:21:23,0.0,0.0,0.0,0.0,0.0,0.0
15:21:23,0.0,0.0,0.0,0.0,0.0,0.0
15:21:23,0.0,0.0,0.0,0.0,0.0,0.0
15:21:23,0.0,0.0,0.0,0.0,0.0,0.0
15:21:23,0.0,0.0,0.0,0.0,0.0,0.0
15:21:23,0.0,0.0,0.0,0.0,0.0,0.0
15:21:23,0.0,0.0,0.0,0.0,0.0,0.0
15:21:24,0.0,0.0,0.0,0.0,0.0,0.0
15:21:24,0.0,0.0,0.0,0.0,0.0,0.0
15:21:24,0.0,0.0,0.0,0.0,0.0,0.0
15:21:24,0.0,0.0,0.0,0.0,0.0,0.0
15:21:24,0.0,0.0,0.0,0.0,0.0,0.0
15:21:24,0.0,0.0,0.0,0.0,0.0,0.0
15:21:24,0.0,0.0,0.0,0.0,0.0,0.0
15:21:24,0.0,0.0,0.0,0.0,0.0,0.0
15:21:24,0.0,0.0,0.0,0.0,0.0,0.0
15:21:25,0.0,0.0,0.0,0.0,0.0,0.0
15:21:25,0.0,0.0,0.0,0.0,0.0,0.0
15:21:25,0.0,0.0,0.0,0.0,0.0,0.0
15:21:25,0.0,0.0,0.0,0.0,0.0,0.0
15:21:25,0.0,0.0,0.0,0.0,0.0,0.0
15:21:25,0.0,0.0,0.0,0.0,0.0,0.0
15:21:25,0.0,0.0,0.0,0.0,0.0,0.0
15:21:25,0.0,0.0,0.0,0.0,0.0,0.0
15:21:25,0.0,0.0,0.0,0.0,0.0,0.0
15:21:26,0.0,0.0,0.0,0.0,0.0,0.0
15:21:26,0.0,0.0,0.0,0.0,0.0,0.0
15:21:26,0.0,0.0,0.0,0.0,0.0,0.0
15:21:26,0.0,0.0,0.0,0.0,0.0,0.0
15:21:26,0.0,0.0,0.0,0.0,0.0,0.0
15:21:26,0.0,0.0,0.0,0.0,0.0,0.0
15:21:26,0.0,0.0,0.0,0.0,0.0,0.0
15:21:26,0.0,0.0,0.0,0.0,0.0,0.0
15:21:27,0.0,0.0,0.0,0.0,0.0,0.0
15:21:27,0.0,0.0,0.0,0.0,0.0,0.0
15:21:27,0.0,0.0,0.0,0.0,0.0,0.0
15:21:27,0.0,0.0,0.0,0.0,0.0,0.0
15:21:27,0.0,0.0,0.0,0.0,0.0,0.0
15:21:27,0.0,0.0,0.0,0.0,0.0,0.0
15:21:27,0.0,0.0,0.0,0.0,0.0,0.0
15:21:27,0.0,0.0,0.0,0.0,0.0,0.0
15:21:28,0.0,0.0,0.0,0.0,0.0,0.0
15:21:28,0.0,0.0,0.0,0.0,0.0,0.0
15:21:28,0.0,0.0,0.0,0.0,0.0,0.0
15:21:28,0.0,0.0,0.0,0.0,0.0,0.0
15:21:28,0.0,0.0,0.0,0.0,0.0,0.0
15:21:28,0.0,0.0,0.0,0.0,0.0,0.0
15:21:28,0.0,0.0,0.0,0.0,0.0,0.0
15:21:28,0.0,0.0,0.0,0.0,0.0,0.0
15:21:28,0.0,0.0,0.0,0.0,0.0,0.0
15:21:29,0.0,0.0,0.0,0.0,0.0,0.0
15:21:29,0.0,0.0,0.0,0.0,0.0,0.0
15:21:29,0.0,0.0,0.0,0.0,0.0,0.0
15:21:29,0.0,0.0,0.0,0.0,0.0,0.0
15:21:29,0.0,0.0,0.0,0.0,0.0,0.0
15:21:29,0.0,0.0,0.0,0.0,0.0,0.0
15:21:29,0.0,0.0,0.0,0.0,0.0,0.0
15:21:29,0.0,0.0,0.0,0.0,0.0,0.0
15:21:29,0.0,0.0,0.0,0.0,0.0,0.0
15:21:30,0.0,0.0,0.0,0.0,0.0,0.0
15:21:30,0.0,0.0,0.0,0.0,0.0,0.0
15:21:30,0.0,0.0,0.0,0.0,0.0,0.0
15:21:30,0.0,0.0,0.0,0.0,0.0,0.0
15:21:30,0.0,0.0,0.0,0.0,0.0,0.0
15:21:30,0.0,0.0,0.0,0.0,0.0,0.0
15:21:30,0.0,0.0,0.0,0.0,0.0,0.0
15:21:30,0.0,0.0,0.0,0.0,0.0,0.0
15:21:30,0.0,0.0,0.0,0.0,0.0,0.0
15:21:31,0.0,0.0,0.0,0.0,0.0,0.0
15:21:31,0.0,0.0,0.0,0.0,0.0,0.0
15:21:31,0.0,0.0,0.0,0.0,0.0,0.0
15:21:31,0.0,0.0,0.0,0.0,0.0,0.0
15:21:31,0.0,0.0,0.0,0.0,0.0,0.0
15:21:31,0.0,0.0,0.0,0.0,0.0,0.0
15:21:31,0.0,0.0,0.0,0.0,0.0,0.0
15:21:31,0.0,0.0,0.0,0.0,0.0,0.0
15:21:31,0.0,0.0,0.0,0.0,0.0,0.0
15:21:32,0.0,0.0,0.0,0.0,0.0,0.0
15:21:32,0.0,0.0,0.0,0.0,0.0,0.0
15:21:32,0.0,0.0,0.0,0.0,0.0,0.0
15:21:32,0.0,0.0,0.0,0.0,0.0,0.0
15:21:32,0.0,0.0,0.0,0.0,0.0,0.0
15:21:32,0.0,0.0,0.0,0.0,0.0,0.0
15:21:32,0.0,0.0,0.0,0.0,0.0,0.0
15:21:32,0.0,0.0,0.0,0.0,0.0,0.0
15:21:32,0.0,0.0,0.0,0.0,0.0,0.0
15:21:33,0.0,0.0,0.0,0.0,0.0,0.0
15:21:33,0.0,0.0,0.0,0.0,0.0,0.0
15:21:33,0.0,0.0,0.0,0.0,0.0,0.0
15:21:33,0.0,0.0,0.0,0.0,0.0,0.0
15:21:33,0.0,0.0,0.0,0.0,0.0,0.0
15:21:33,0.0,0.0,0.0,0.0,0.0,0.0
15:21:33,0.0,0.0,0.0,0.0,0.0,0.0
15:21:33,0.0,0.0,0.0,0.0,0.0,0.0
15:21:33,0.0,0.0,0.0,0.0,0.0,0.0
15:21:34,0.0,0.0,0.0,0.0,0.0,0.0
15:21:34,0.0,0.0,0.0,0.0,0.0,0.0
15:21:34,0.0,0.0,0.0,0.0,0.0,0.0
15:21:34,0.0,0.0,0.0,0.0,0.0,0.0
15:21:34,0.0,0.0,0.0,0.0,0.0,0.0
15:21:34,0.0,0.0,0.0,0.0,0.0,0.0
15:21:34,0.0,0.0,0.0,0.0,0.0,0.0
15:21:34,0.0,0.0,0.0,0.0,0.0,0.0
15:21:34,0.0,0.0,0.0,0.0,0.0,0.0
15:21:35,0.0,0.0,0.0,0.0,0.0,0.0
15:21:35,0.0,0.0,0.0,0.0,0.0,0.0
15:21:35,0.0,0.0,0.0,0.0,0.0,0.0
15:21:35,0.0,0.0,0.0,0.0,0.0,0.0
15:21:35,0.0,0.0,0.0,0.0,0.0,0.0
15:21:35,0.0,0.0,0.0,0.0,0.0,0.0
15:21:35,0.0,0.0,0.0,0.0,0.0,0.0
15:21:35,0.0,0.0,0.0,0.0,0.0,0.0
15:21:35,0.0,0.0,0.0,0.0,0.0,0.0
15:21:36,0.0,0.0,0.0,0.0,0.0,0.0
15:21:36,0.0,0.0,0.0,0.0,0.0,0.0
15:21:36,0.0,0.0,0.0,0.0,0.0,0.0
15:21:36,0.0,0.0,0.0,0.0,0.0,0.0
15:21:36,0.0,0.0,0.0,0.0,0.0,0.0
15:21:36,0.0,0.0,0.0,0.0,0.0,0.0
15:21:36,0.0,0.0,0.0,0.0,0.0,0.0
15:21:36,0.0,0.0,0.0,0.0,0.0,0.0
15:21:36,0.0,0.0,0.0,0.0,0.0,0.0
15:21:37,0.0,0.0,0.0,0.0,0.0,0.0
15:21:37,0.0,0.0,0.0,0.0,0.0,0.0
15:21:37,0.0,0.0,0.0,0.0,0.0,0.0
15:21:37,0.0,0.0,0.0,0.0,0.0,0.0
15:21:37,0.0,0.0,0.0,0.0,0.0,0.0
15:21:37,0.0,0.0,0.0,0.0,0.0,0.0
15:21:37,0.0,0.0,0.0,0.0,0.0,0.0
15:21:37,0.0,0.0,0.0,0.0,0.0,0.0
15:21:37,0.0,0.0,0.0,0.0,0.0,0.0
15:21:38,0.0,0.0,0.0,0.0,0.0,0.0
15:21:38,0.0,0.0,0.0,0.0,0.0,0.0
15:21:38,0.0,0.0,0.0,0.0,0.0,0.0
15:21:38,0.0,0.0,0.0,0.0,0.0,0.0
15:21:38,0.0,0.0,0.0,0.0,0.0,0.0
15:21:38,0.0,0.0,0.0,0.0,0.0,0.0
15:21:38,0.0,0.0,0.0,0.0,0.0,0.0
15:21:38,0.0,0.0,0.0,0.0,0.0,0.0
15:21:39,0.0,0.0,0.0,0.0,0.0,0.0
15:21:39,0.0,0.0,0.0,0.0,0.0,0.0
15:21:39,0.0,0.0,0.0,0.0,0.0,0.0
15:21:39,0.0,0.0,0.0,0.0,0.0,0.0
15:21:39,0.0,0.0,0.0,0.0,0.0,0.0
15:21:39,0.0,0.0,0.0,0.0,0.0,0.0
15:21:39,0.0,0.0,0.0,0.0,0.0,0.0
15:21:39,0.0,0.0,0.0,0.0,0.0,0.0
15:21:40,0.0,0.0,0.0,0.0,0.0,0.0
15:21:40,0.0,0.0,0.0,0.0,0.0,0.0
15:21:40,0.0,0.0,0.0,0.0,0.0,0.0
15:21:40,0.0,0.0,0.0,0.0,0.0,0.0
15:21:40,0.0,0.0,0.0,0.0,0.0,0.0
15:21:40,0.0,0.0,0.0,0.0,0.0,0.0
15:21:40,0.0,0.0,0.0,0.0,0.0,0.0
15:21:40,0.0,0.0,0.0,0.0,0.0,0.0
15:21:40,0.0,0.0,0.0,0.0,0.0,0.0
15:21:41,0.0,0.0,0.0,0.0,0.0,0.0
15:21:41,0.0,0.0,0.0,0.0,0.0,0.0
15:21:41,0.0,0.0,0.0,0.0,0.0,0.0
15:21:41,0.0,0.0,0.0,0.0,0.0,0.0
15:21:41,0.0,0.0,0.0,0.0,0.0,0.0
15:21:41,0.0,0.0,0.0,0.0,0.0,0.0
15:21:41,0.0,0.0,0.0,0.0,0.0,0.0
15:21:41,0.0,0.0,0.0,0.0,0.0,0.0
15:21:41,0.0,0.0,0.0,0.0,0.0,0.0
15:21:42,0.0,0.0,0.0,0.0,0.0,0.0
15:21:42,0.0,0.0,0.0,0.0,0.0,0.0
15:21:42,0.0,0.0,0.0,0.0,0.0,0.0
15:21:42,0.0,0.0,0.0,0.0,0.0,0.0
15:21:42,0.0,0.0,0.0,0.0,0.0,0.0
15:21:42,0.0,0.0,0.0,0.0,0.0,0.0
15:21:42,0.0,0.0,0.0,0.0,0.0,0.0
15:21:42,0.0,0.0,0.0,0.0,0.0,0.0
15:21:42,0.0,0.0,0.0,0.0,0.0,0.0
15:21:43,0.0,0.0,0.0,0.0,0.0,0.0
15:21:43,0.0,0.0,0.0,0.0,0.0,0.0
15:21:43,0.0,0.0,0.0,0.0,0.0,0.0
15:21:43,0.0,0.0,0.0,0.0,0.0,0.0
15:21:43,0.0,0.0,0.0,0.0,0.0,0.0
15:21:43,0.0,0.0,0.0,0.0,0.0,0.0
15:21:43,0.0,0.0,0.0,0.0,0.0,0.0
15:21:43,0.0,0.0,0.0,0.0,0.0,0.0
15:21:43,0.0,0.0,0.0,0.0,0.0,0.0
15:21:44,0.0,0.0,0.0,0.0,0.0,0.0
15:21:44,0.0,0.0,0.0,0.0,0.0,0.0
15:21:44,0.0,0.0,0.0,0.0,0.0,0.0
15:21:44,0.0,0.0,0.0,0.0,0.0,0.0
15:21:44,0.0,0.0,0.0,0.0,0.0,0.0
15:21:44,0.0,0.0,0.0,0.0,0.0,0.0
15:21:44,0.0,0.0,0.0,0.0,0.0,0.0
15:21:44,0.0,0.0,0.0,0.0,0.0,0.0
15:21:44,0.0,0.0,0.0,0.0,0.0,0.0
15:21:45,0.0,0.0,0.0,0.0,0.0,0.0
15:21:45,0.0,0.0,0.0,0.0,0.0,0.0
15:21:45,0.0,0.0,0.0,0.0,0.0,0.0
15:21:45,0.0,0.0,0.0,0.0,0.0,0.0
15:21:45,0.0,0.0,0.0,0.0,0.0,0.0
15:21:45,0.0,0.0,0.0,0.0,0.0,0.0
15:21:45,0.0,0.0,0.0,0.0,0.0,0.0
15:21:45,0.0,0.0,0.0,0.0,0.0,0.0
15:21:45,0.0,0.0,0.0,0.0,0.0,0.0
15:21:46,0.0,0.0,0.0,0.0,0.0,0.0
15:21:46,0.0,0.0,0.0,0.0,0.0,0.0
15:21:46,0.0,0.0,0.0,0.0,0.0,0.0
15:21:46,0.0,0.0,0.0,0.0,0.0,0.0
15:21:46,0.0,0.0,0.0,0.0,0.0,0.0
15:21:46,0.0,0.0,0.0,0.0,0.0,0.0
15:21:46,0.0,0.0,0.0,0.0,0.0,0.0
15:21:46,0.0,0.0,0.0,0.0,0.0,0.0
15:21:46,0.0,0.0,0.0,0.0,0.0,0.0
15:21:47,0.0,0.0,0.0,0.0,0.0,0.0
15:21:47,0.0,0.0,0.0,0.0,0.0,0.0
15:21:47,0.0,0.0,0.0,0.0,0.0,0.0
15:21:47,0.0,0.0,0.0,0.0,0.0,0.0
15:21:47,0.0,0.0,0.0,0.0,0.0,0.0
15:21:47,0.0,0.0,0.0,0.0,0.0,0.0
15:21:47,0.0,0.0,0.0,0.0,0.0,0.0
15:21:47,0.0,0.0,0.0,0.0,0.0,0.0
15:21:47,0.0,0.0,0.0,0.0,0.0,0.0
15:21:48,0.0,0.0,0.0,0.0,0.0,0.0
15:21:48,0.0,0.0,0.0,0.0,0.0,0.0
15:21:48,0.0,0.0,0.0,0.0,0.0,0.0
15:21:48,0.0,0.0,0.0,0.0,0.0,0.0
15:21:48,0.0,0.0,0.0,0.0,0.0,0.0
15:21:48,0.0,0.0,0.0,0.0,0.0,0.0
15:21:48,0.0,0.0,0.0,0.0,0.0,0.0
15:21:48,0.0,0.0,0.0,0.0,0.0,0.0
15:21:48,0.0,0.0,0.0,0.0,0.0,0.0
15:21:49,0.0,0.0,0.0,0.0,0.0,0.0
15:21:49,0.0,0.0,0.0,0.0,0.0,0.0
15:21:49,0.0,0.0,0.0,0.0,0.0,0.0
15:21:49,0.0,0.0,0.0,0.0,0.0,0.0
15:21:49,0.0,0.0,0.0,0.0,0.0,0.0
15:21:49,0.0,0.0,0.0,0.0,0.0,0.0
15:21:49,0.0,0.0,0.0,0.0,0.0,0.0
15:21:49,0.0,0.0,0.0,0.0,0.0,0.0
15:21:49,0.0,0.0,0.0,0.0,0.0,0.0
15:21:50,0.0,0.0,0.0,0.0,0.0,0.0
15:21:50,0.0,0.0,0.0,0.0,0.0,0.0
15:21:50,0.0,0.0,0.0,0.0,0.0,0.0
15:21:50,0.0,0.0,0.0,0.0,0.0,0.0
15:21:50,0.0,0.0,0.0,0.0,0.0,0.0
15:21:50,0.0,0.0,0.0,0.0,0.0,0.0
15:21:50,0.0,0.0,0.0,0.0,0.0,0.0
15:21:50,0.0,0.0,0.0,0.0,0.0,0.0
15:21:51,0.0,0.0,0.0,0.0,0.0,0.0
15:21:51,0.0,0.0,0.0,0.0,0.0,0.0
15:21:51,0.0,0.0,0.0,0.0,0.0,0.0
15:21:51,0.0,0.0,0.0,0.0,0.0,0.0
15:21:51,0.0,0.0,0.0,0.0,0.0,0.0
15:21:51,0.0,0.0,0.0,0.0,0.0,0.0
15:21:51,0.0,0.0,0.0,0.0,0.0,0.0
15:21:51,0.0,0.0,0.0,0.0,0.0,0.0
15:21:52,0.0,0.0,0.0,0.0,0.0,0.0
15:21:52,0.0,0.0,0.0,0.0,0.0,0.0
15:21:52,0.0,0.0,0.0,0.0,0.0,0.0
15:21:52,0.0,0.0,0.0,0.0,0.0,0.0
15:21:52,0.0,0.0,0.0,0.0,0.0,0.0
15:21:52,0.0,0.0,0.0,0.0,0.0,0.0
15:21:52,0.0,0.0,0.0,0.0,0.0,0.0
15:21:52,0.0,0.0,0.0,0.0,0.0,0.0
15:21:53,0.0,0.0,0.0,0.0,0.0,0.0
15:21:53,0.0,0.0,0.0,0.0,0.0,0.0
15:21:53,0.0,0.0,0.0,0.0,0.0,0.0
15:21:53,0.0,0.0,0.0,0.0,0.0,0.0
15:21:53,0.0,0.0,0.0,0.0,0.0,0.0
15:21:53,0.0,0.0,0.0,0.0,0.0,0.0
15:21:53,0.0,0.0,0.0,0.0,0.0,0.0
15:21:53,0.0,0.0,0.0,0.0,0.0,0.0
15:21:53,0.0,0.0,0.0,0.0,0.0,0.0
15:21:54,0.0,0.0,0.0,0.0,0.0,0.0
15:21:54,0.0,0.0,0.0,0.0,0.0,0.0
15:21:54,0.0,0.0,0.0,0.0,0.0,0.0
15:21:54,0.0,0.0,0.0,0.0,0.0,0.0
15:21:54,0.0,0.0,0.0,0.0,0.0,0.0
15:21:54,0.0,0.0,0.0,0.0,0.0,0.0
15:21:54,0.0,0.0,0.0,0.0,0.0,0.0
15:21:54,0.0,0.0,0.0,0.0,0.0,0.0
15:21:54,0.0,0.0,0.0,0.0,0.0,0.0
15:21:55,0.0,0.0,0.0,0.0,0.0,0.0
15:21:55,0.0,0.0,0.0,0.0,0.0,0.0
15:21:55,0.0,0.0,0.0,0.0,0.0,0.0
15:21:55,0.0,0.0,0.0,0.0,0.0,0.0
15:21:55,0.0,0.0,0.0,0.0,0.0,0.0
15:21:55,0.0,0.0,0.0,0.0,0.0,0.0
15:21:55,0.0,0.0,0.0,0.0,0.0,0.0
15:21:55,0.0,0.0,0.0,0.0,0.0,0.0
15:21:55,0.0,0.0,0.0,0.0,0.0,0.0
15:21:56,0.0,0.0,0.0,0.0,0.0,0.0
15:21:56,0.0,0.0,0.0,0.0,0.0,0.0
15:21:56,0.0,0.0,0.0,0.0,0.0,0.0
15:21:56,0.0,0.0,0.0,0.0,0.0,0.0
15:21:56,0.0,0.0,0.0,0.0,0.0,0.0
15:21:56,0.0,0.0,0.0,0.0,0.0,0.0
15:21:56,0.0,0.0,0.0,0.0,0.0,0.0
15:21:56,0.0,0.0,0.0,0.0,0.0,0.0
15:21:56,0.0,0.0,0.0,0.0,0.0,0.0
15:21:57,0.0,0.0,0.0,0.0,0.0,0.0
15:21:57,0.0,0.0,0.0,0.0,0.0,0.0
15:21:57,0.0,0.0,0.0,0.0,0.0,0.0
15:21:57,0.0,0.0,0.0,0.0,0.0,0.0
15:21:57,0.0,0.0,0.0,0.0,0.0,0.0
15:21:57,0.0,0.0,0.0,0.0,0.0,0.0
15:21:57,0.0,0.0,0.0,0.0,0.0,0.0
15:21:57,0.0,0.0,0.0,0.0,0.0,0.0
15:21:57,0.0,0.0,0.0,0.0,0.0,0.0
15:21:58,0.0,0.0,0.0,0.0,0.0,0.0
15:21:58,0.0,0.0,0.0,0.0,0.0,0.0
15:21:58,0.0,0.0,0.0,0.0,0.0,0.0
15:21:58,0.0,0.0,0.0,0.0,0.0,0.0
15:21:58,0.0,0.0,0.0,0.0,0.0,0.0
15:21:58,0.0,0.0,0.0,0.0,0.0,0.0
15:21:58,0.0,0.0,0.0,0.0,0.0,0.0
15:21:58,0.0,0.0,0.0,0.0,0.0,0.0
15:21:58,0.0,0.0,0.0,0.0,0.0,0.0
15:21:59,0.0,0.0,0.0,0.0,0.0,0.0
15:21:59,0.0,0.0,0.0,0.0,0.0,0.0
15:21:59,0.0,0.0,0.0,0.0,0.0,0.0
15:21:59,0.0,0.0,0.0,0.0,0.0,0.0
15:21:59,0.0,0.0,0.0,0.0,0.0,0.0
15:21:59,0.0,0.0,0.0,0.0,0.0,0.0
15:21:59,0.0,0.0,0.0,0.0,0.0,0.0
15:21:59,0.0,0.0,0.0,0.0,0.0,0.0
15:21:59,0.0,0.0,0.0,0.0,0.0,0.0
15:22:00,0.0,0.0,0.0,0.0,0.0,0.0
15:22:00,0.0,0.0,0.0,0.0,0.0,0.0
15:22:00,0.0,0.0,0.0,0.0,0.0,0.0
15:22:00,0.0,0.0,0.0,0.0,0.0,0.0
15:22:00,0.0,0.0,0.0,0.0,0.0,0.0
15:22:00,0.0,0.0,0.0,0.0,0.0,0.0
15:22:00,0.0,0.0,0.0,0.0,0.0,0.0
15:22:00,0.0,0.0,0.0,0.0,0.0,0.0
15:22:00,0.0,0.0,0.0,0.0,0.0,0.0
15:22:01,0.0,0.0,0.0,0.0,0.0,0.0
15:22:01,0.0,0.0,0.0,0.0,0.0,0.0
15:22:01,0.0,0.0,0.0,0.0,0.0,0.0
15:22:01,0.0,0.0,0.0,0.0,0.0,0.0
15:22:01,0.0,0.0,0.0,0.0,0.0,0.0
15:22:01,0.0,0.0,0.0,0.0,0.0,0.0
15:22:01,0.0,0.0,0.0,0.0,0.0,0.0
15:22:01,0.0,0.0,0.0,0.0,0.0,0.0
15:22:01,0.0,0.0,0.0,0.0,0.0,0.0
15:22:02,0.0,0.0,0.0,0.0,0.0,0.0
15:22:02,0.0,0.0,0.0,0.0,0.0,0.0
15:22:02,0.0,0.0,0.0,0.0,0.0,0.0
15:22:02,0.0,0.0,0.0,0.0,0.0,0.0
15:22:02,0.0,0.0,0.0,0.0,0.0,0.0
15:22:02,0.0,0.0,0.0,0.0,0.0,0.0
15:22:02,0.0,0.0,0.0,0.0,0.0,0.0
15:22:02,0.0,0.0,0.0,0.0,0.0,0.0
15:22:02,0.0,0.0,0.0,0.0,0.0,0.0
15:22:03,0.0,0.0,0.0,0.0,0.0,0.0
15:22:03,0.0,0.0,0.0,0.0,0.0,0.0
15:22:03,0.0,0.0,0.0,0.0,0.0,0.0
15:22:03,0.0,0.0,0.0,0.0,0.0,0.0
15:22:03,0.0,0.0,0.0,0.0,0.0,0.0
15:22:03,0.0,0.0,0.0,0.0,0.0,0.0
15:22:03,0.0,0.0,0.0,0.0,0.0,0.0
15:22:03,0.0,0.0,0.0,0.0,0.0,0.0
15:22:04,0.0,0.0,0.0,0.0,0.0,0.0
15:22:04,0.0,0.0,0.0,0.0,0.0,0.0
15:22:04,0.0,0.0,0.0,0.0,0.0,0.0
15:22:04,0.0,0.0,0.0,0.0,0.0,0.0
15:22:04,0.0,0.0,0.0,0.0,0.0,0.0
15:22:04,0.0,0.0,0.0,0.0,0.0,0.0
15:22:04,0.0,0.0,0.0,0.0,0.0,0.0
15:22:04,0.0,0.0,0.0,0.0,0.0,0.0
15:22:05,0.0,0.0,0.0,0.0,0.0,0.0
15:22:05,0.0,0.0,0.0,0.0,0.0,0.0
15:22:05,0.0,0.0,0.0,0.0,0.0,0.0
15:22:05,0.0,0.0,0.0,0.0,0.0,0.0
15:22:05,0.0,0.0,0.0,0.0,0.0,0.0
15:22:05,0.0,0.0,0.0,0.0,0.0,0.0
15:22:05,0.0,0.0,0.0,0.0,0.0,0.0
15:22:05,0.0,0.0,0.0,0.0,0.0,0.0
15:22:05,0.0,0.0,0.0,0.0,0.0,0.0
15:22:06,0.0,0.0,0.0,0.0,0.0,0.0
15:22:06,0.0,0.0,0.0,0.0,0.0,0.0
15:22:06,0.0,0.0,0.0,0.0,0.0,0.0
15:22:06,0.0,0.0,0.0,0.0,0.0,0.0
15:22:06,0.0,0.0,0.0,0.0,0.0,0.0
15:22:06,0.0,0.0,0.0,0.0,0.0,0.0
15:22:06,0.0,0.0,0.0,0.0,0.0,0.0
15:22:06,0.0,0.0,0.0,0.0,0.0,0.0
15:22:07,0.0,0.0,0.0,0.0,0.0,0.0
15:22:07,0.0,0.0,0.0,0.0,0.0,0.0
15:22:07,0.0,0.0,0.0,0.0,0.0,0.0
15:22:07,0.0,0.0,0.0,0.0,0.0,0.0
15:22:07,0.0,0.0,0.0,0.0,0.0,0.0
15:22:07,0.0,0.0,0.0,0.0,0.0,0.0
15:22:07,0.0,0.0,0.0,0.0,0.0,0.0
15:22:07,0.0,0.0,0.0,0.0,0.0,0.0
15:22:08,0.0,0.0,0.0,0.0,0.0,0.0
15:22:08,0.0,0.0,0.0,0.0,0.0,0.0
15:22:08,0.0,0.0,0.0,0.0,0.0,0.0
15:22:08,0.0,0.0,0.0,0.0,0.0,0.0
15:22:08,0.0,0.0,0.0,0.0,0.0,0.0
15:22:08,0.0,0.0,0.0,0.0,0.0,0.0
15:22:08,0.0,0.0,0.0,0.0,0.0,0.0
15:22:08,0.0,0.0,0.0,0.0,0.0,0.0
15:22:09,0.0,0.0,0.0,0.0,0.0,0.0
15:22:09,0.0,0.0,0.0,0.0,0.0,0.0
15:22:09,0.0,0.0,0.0,0.0,0.0,0.0
15:22:09,0.0,0.0,0.0,0.0,0.0,0.0
15:22:09,0.0,0.0,0.0,0.0,0.0,0.0
15:22:09,0.0,0.0,0.0,0.0,0.0,0.0
15:22:09,0.0,0.0,0.0,0.0,0.0,0.0
15:22:09,0.0,0.0,0.0,0.0,0.0,0.0
15:22:09,0.0,0.0,0.0,0.0,0.0,0.0
15:22:10,0.0,0.0,0.0,0.0,0.0,0.0
15:22:10,0.0,0.0,0.0,0.0,0.0,0.0
15:22:10,0.0,0.0,0.0,0.0,0.0,0.0
15:22:10,0.0,0.0,0.0,0.0,0.0,0.0
15:22:10,0.0,0.0,0.0,0.0,0.0,0.0
15:22:10,0.0,0.0,0.0,0.0,0.0,0.0
15:22:10,0.0,0.0,0.0,0.0,0.0,0.0
15:22:11,0.0,0.0,0.0,0.0,0.0,0.0
15:22:11,0.0,0.0,0.0,0.0,0.0,0.0
15:22:11,0.0,0.0,0.0,0.0,0.0,0.0
15:22:11,0.0,0.0,0.0,0.0,0.0,0.0
15:22:11,0.0,0.0,0.0,0.0,0.0,0.0
15:22:11,0.0,0.0,0.0,0.0,0.0,0.0
15:22:11,0.0,0.0,0.0,0.0,0.0,0.0
15:22:11,0.0,0.0,0.0,0.0,0.0,0.0
15:22:11,0.0,0.0,0.0,0.0,0.0,0.0
15:22:12,0.0,0.0,0.0,0.0,0.0,0.0
15:22:12,0.0,0.0,0.0,0.0,0.0,0.0
15:22:12,0.0,0.0,0.0,0.0,0.0,0.0
15:22:12,0.0,0.0,0.0,0.0,0.0,0.0
15:22:12,0.0,0.0,0.0,0.0,0.0,0.0
15:22:12,0.0,0.0,0.0,0.0,0.0,0.0
15:22:12,0.0,0.0,0.0,0.0,0.0,0.0
15:22:13,0.0,0.0,0.0,0.0,0.0,0.0
15:22:13,0.0,0.0,0.0,0.0,0.0,0.0
15:22:13,0.0,0.0,0.0,0.0,0.0,0.0
15:22:13,0.0,0.0,0.0,0.0,0.0,0.0
15:22:13,0.0,0.0,0.0,0.0,0.0,0.0
15:22:13,0.0,0.0,0.0,0.0,0.0,0.0
15:22:13,0.0,0.0,0.0,0.0,0.0,0.0
15:22:14,0.0,0.0,0.0,0.0,0.0,0.0
15:22:14,0.0,0.0,0.0,0.0,0.0,0.0
15:22:14,0.0,0.0,0.0,0.0,0.0,0.0
15:22:14,0.0,0.0,0.0,0.0,0.0,0.0
15:22:14,0.0,0.0,0.0,0.0,0.0,0.0
15:22:14,0.0,0.0,0.0,0.0,0.0,0.0
15:22:14,0.0,0.0,0.0,0.0,0.0,0.0
15:22:15,0.0,0.0,0.0,0.0,0.0,0.0
15:22:15,0.0,0.0,0.0,0.0,0.0,0.0
15:22:15,0.0,0.0,0.0,0.0,0.0,0.0
15:22:15,0.0,0.0,0.0,0.0,0.0,0.0
15:22:15,0.0,0.0,0.0,0.0,0.0,0.0
15:22:15,0.0,0.0,0.0,0.0,0.0,0.0
15:22:16,0.0,0.0,0.0,0.0,0.0,0.0
15:22:16,0.0,0.0,0.0,0.0,0.0,0.0
15:22:16,0.0,0.0,0.0,0.0,0.0,0.0
15:22:16,0.0,0.0,0.0,0.0,0.0,0.0
15:22:16,0.0,0.0,0.0,0.0,0.0,0.0
15:22:16,0.0,0.0,0.0,0.0,0.0,0.0
15:22:17,0.0,0.0,0.0,0.0,0.0,0.0
15:22:17,0.0,0.0,0.0,0.0,0.0,0.0
15:22:17,0.0,0.0,0.0,0.0,0.0,0.0
15:22:17,0.0,0.0,0.0,0.0,0.0,0.0
15:22:17,0.0,0.0,0.0,0.0,0.0,0.0
15:22:17,0.0,0.0,0.0,0.0,0.0,0.0
15:22:18,0.0,0.0,0.0,0.0,0.0,0.0
15:22:18,0.0,0.0,0.0,0.0,0.0,0.0
15:22:18,0.0,0.0,0.0,0.0,0.0,0.0
15:22:18,0.0,0.0,0.0,0.0,0.0,0.0
15:22:18,0.0,0.0,0.0,0.0,0.0,0.0
15:22:18,0.0,0.0,0.0,0.0,0.0,0.0
15:22:18,0.0,0.0,0.0,0.0,0.0,0.0
15:22:19,0.0,0.0,0.0,0.0,0.0,0.0
15:22:19,0.0,0.0,0.0,0.0,0.0,0.0
15:22:19,0.0,0.0,0.0,0.0,0.0,0.0
15:22:19,0.0,0.0,0.0,0.0,0.0,0.0
15:22:19,0.0,0.0,0.0,0.0,0.0,0.0
15:22:19,0.0,0.0,0.0,0.0,0.0,0.0
15:22:19,0.0,0.0,0.0,0.0,0.0,0.0
15:22:20,0.0,0.0,0.0,0.0,0.0,0.0
15:22:20,0.0,0.0,0.0,0.0,0.0,0.0
15:22:20,0.0,0.0,0.0,0.0,0.0,0.0
15:22:20,0.0,0.0,0.0,0.0,0.0,0.0
15:22:20,0.0,0.0,0.0,0.0,0.0,0.0
15:22:20,0.0,0.0,0.0,0.0,0.0,0.0
15:22:20,0.0,0.0,0.0,0.0,0.0,0.0
15:22:21,0.0,0.0,0.0,0.0,0.0,0.0
15:22:21,0.0,0.0,0.0,0.0,0.0,0.0
15:22:21,0.0,0.0,0.0,0.0,0.0,0.0
15:22:21,0.0,0.0,0.0,0.0,0.0,0.0
15:22:21,0.0,0.0,0.0,0.0,0.0,0.0
15:22:21,0.0,0.0,0.0,0.0,0.0,0.0
15:22:21,0.0,0.0,0.0,0.0,0.0,0.0
15:22:21,0.0,0.0,0.0,0.0,0.0,0.0
15:22:21,0.0,0.0,0.0,0.0,0.0,0.0
15:22:22,0.0,0.0,0.0,0.0,0.0,0.0
15:22:22,0.0,0.0,0.0,0.0,0.0,0.0
15:22:22,0.0,0.0,0.0,0.0,0.0,0.0
15:22:22,0.0,0.0,0.0,0.0,0.0,0.0
15:22:22,0.0,0.0,0.0,0.0,0.0,0.0
15:22:22,0.0,0.0,0.0,0.0,0.0,0.0
15:22:22,0.0,0.0,0.0,0.0,0.0,0.0
15:22:22,0.0,0.0,0.0,0.0,0.0,0.0
15:22:22,0.0,0.0,0.0,0.0,0.0,0.0
15:22:23,0.0,0.0,0.0,0.0,0.0,0.0
15:22:23,0.0,0.0,0.0,0.0,0.0,0.0
15:22:23,0.0,0.0,0.0,0.0,0.0,0.0
15:22:23,0.0,0.0,0.0,0.0,0.0,0.0
15:22:23,0.0,0.0,0.0,0.0,0.0,0.0
15:22:23,0.0,0.0,0.0,0.0,0.0,0.0
15:22:23,0.0,0.0,0.0,0.0,0.0,0.0
15:22:23,0.0,0.0,0.0,0.0,0.0,0.0
15:22:23,0.0,0.0,0.0,0.0,0.0,0.0
15:22:24,0.0,0.0,0.0,0.0,0.0,0.0
15:22:24,0.0,0.0,0.0,0.0,0.0,0.0
15:22:24,0.0,0.0,0.0,0.0,0.0,0.0
15:22:24,0.0,0.0,0.0,0.0,0.0,0.0
15:22:24,0.0,0.0,0.0,0.0,0.0,0.0
15:22:24,0.0,0.0,0.0,0.0,0.0,0.0
15:22:24,0.0,0.0,0.0,0.0,0.0,0.0
15:22:24,0.0,0.0,0.0,0.0,0.0,0.0
15:22:24,0.0,0.0,0.0,0.0,0.0,0.0
15:22:25,0.0,0.0,0.0,0.0,0.0,0.0
15:22:25,0.0,0.0,0.0,0.0,0.0,0.0
15:22:25,0.0,0.0,0.0,0.0,0.0,0.0
15:22:25,0.0,0.0,0.0,0.0,0.0,0.0
15:22:25,0.0,0.0,0.0,0.0,0.0,0.0
15:22:25,0.0,0.0,0.0,0.0,0.0,0.0
15:22:25,0.0,0.0,0.0,0.0,0.0,0.0
15:22:25,0.0,0.0,0.0,0.0,0.0,0.0
15:22:25,0.0,0.0,0.0,0.0,0.0,0.0
15:22:26,0.0,0.0,0.0,0.0,0.0,0.0
15:22:26,0.0,0.0,0.0,0.0,0.0,0.0
15:22:26,0.0,0.0,0.0,0.0,0.0,0.0
15:22:26,0.0,0.0,0.0,0.0,0.0,0.0
15:22:26,0.0,0.0,0.0,0.0,0.0,0.0
15:22:26,0.0,0.0,0.0,0.0,0.0,0.0
15:22:26,0.0,0.0,0.0,0.0,0.0,0.0
15:22:26,0.0,0.0,0.0,0.0,0.0,0.0
15:22:27,0.0,0.0,0.0,0.0,0.0,0.0
15:22:27,0.0,0.0,0.0,0.0,0.0,0.0
15:22:27,0.0,0.0,0.0,0.0,0.0,0.0
15:22:27,0.0,0.0,0.0,0.0,0.0,0.0
15:22:27,0.0,0.0,0.0,0.0,0.0,0.0
15:22:27,0.0,0.0,0.0,0.0,0.0,0.0
15:22:27,0.0,0.0,0.0,0.0,0.0,0.0
15:22:27,0.0,0.0,0.0,0.0,0.0,0.0
15:22:27,0.0,0.0,0.0,0.0,0.0,0.0
15:22:28,0.0,0.0,0.0,0.0,0.0,0.0
15:22:28,0.0,0.0,0.0,0.0,0.0,0.0
15:22:28,0.0,0.0,0.0,0.0,0.0,0.0
15:22:28,0.0,0.0,0.0,0.0,0.0,0.0
15:22:28,0.0,0.0,0.0,0.0,0.0,0.0
15:22:28,0.0,0.0,0.0,0.0,0.0,0.0
15:22:28,0.0,0.0,0.0,0.0,0.0,0.0
15:22:28,0.0,0.0,0.0,0.0,0.0,0.0
15:22:29,0.0,0.0,0.0,0.0,0.0,0.0
15:22:29,0.0,0.0,0.0,0.0,0.0,0.0
15:22:29,0.0,0.0,0.0,0.0,0.0,0.0
15:22:29,0.0,0.0,0.0,0.0,0.0,0.0
15:22:29,0.0,0.0,0.0,0.0,0.0,0.0
15:22:29,0.0,0.0,0.0,0.0,0.0,0.0
15:22:29,0.0,0.0,0.0,0.0,0.0,0.0
15:22:29,0.0,0.0,0.0,0.0,0.0,0.0
15:22:30,0.0,0.0,0.0,0.0,0.0,0.0
15:22:30,0.0,0.0,0.0,0.0,0.0,0.0
15:22:30,0.0,0.0,0.0,0.0,0.0,0.0
15:22:30,0.0,0.0,0.0,0.0,0.0,0.0
15:22:30,0.0,0.0,0.0,0.0,0.0,0.0
15:22:30,0.0,0.0,0.0,0.0,0.0,0.0
15:22:30,0.0,0.0,0.0,0.0,0.0,0.0
15:22:30,0.0,0.0,0.0,0.0,0.0,0.0
15:22:30,0.0,0.0,0.0,0.0,0.0,0.0
15:22:31,0.0,0.0,0.0,0.0,0.0,0.0
15:22:31,0.0,0.0,0.0,0.0,0.0,0.0
15:22:31,0.0,0.0,0.0,0.0,0.0,0.0
15:22:31,0.0,0.0,0.0,0.0,0.0,0.0
15:22:31,0.0,0.0,0.0,0.0,0.0,0.0
15:22:31,0.0,0.0,0.0,0.0,0.0,0.0
15:22:31,0.0,0.0,0.0,0.0,0.0,0.0
15:22:31,0.0,0.0,0.0,0.0,0.0,0.0
15:22:31,0.0,0.0,0.0,0.0,0.0,0.0
15:22:32,0.0,0.0,0.0,0.0,0.0,0.0
15:22:32,0.0,0.0,0.0,0.0,0.0,0.0
15:22:32,0.0,0.0,0.0,0.0,0.0,0.0
15:22:32,0.0,0.0,0.0,0.0,0.0,0.0
15:22:32,0.0,0.0,0.0,0.0,0.0,0.0
15:22:32,0.0,0.0,0.0,0.0,0.0,0.0
15:22:32,0.0,0.0,0.0,0.0,0.0,0.0
15:22:32,0.0,0.0,0.0,0.0,0.0,0.0
15:22:32,0.0,0.0,0.0,0.0,0.0,0.0
15:22:33,0.0,0.0,0.0,0.0,0.0,0.0
15:22:33,0.0,0.0,0.0,0.0,0.0,0.0
15:22:33,0.0,0.0,0.0,0.0,0.0,0.0
15:22:33,0.0,0.0,0.0,0.0,0.0,0.0
15:22:33,0.0,0.0,0.0,0.0,0.0,0.0
15:22:33,0.0,0.0,0.0,0.0,0.0,0.0
15:22:33,0.0,0.0,0.0,0.0,0.0,0.0
15:22:33,0.0,0.0,0.0,0.0,0.0,0.0
15:22:33,0.0,0.0,0.0,0.0,0.0,0.0
15:22:34,0.0,0.0,0.0,0.0,0.0,0.0
15:22:34,0.0,0.0,0.0,0.0,0.0,0.0
15:22:34,0.0,0.0,0.0,0.0,0.0,0.0
15:22:34,0.0,0.0,0.0,0.0,0.0,0.0
15:22:34,0.0,0.0,0.0,0.0,0.0,0.0
15:22:34,0.0,0.0,0.0,0.0,0.0,0.0
15:22:34,0.0,0.0,0.0,0.0,0.0,0.0
15:22:34,0.0,0.0,0.0,0.0,0.0,0.0
15:22:35,0.0,0.0,0.0,0.0,0.0,0.0
15:22:35,0.0,0.0,0.0,0.0,0.0,0.0
15:22:35,0.0,0.0,0.0,0.0,0.0,0.0
15:22:35,0.0,0.0,0.0,0.0,0.0,0.0
15:22:35,0.0,0.0,0.0,0.0,0.0,0.0
15:22:35,0.0,0.0,0.0,0.0,0.0,0.0
15:22:35,0.0,0.0,0.0,0.0,0.0,0.0
15:22:35,0.0,0.0,0.0,0.0,0.0,0.0
15:22:35,0.0,0.0,0.0,0.0,0.0,0.0
15:22:36,0.0,0.0,0.0,0.0,0.0,0.0
15:22:36,0.0,0.0,0.0,0.0,0.0,0.0
15:22:36,0.0,0.0,0.0,0.0,0.0,0.0
15:22:36,0.0,0.0,0.0,0.0,0.0,0.0
15:22:36,0.0,0.0,0.0,0.0,0.0,0.0
15:22:36,0.0,0.0,0.0,0.0,0.0,0.0
15:22:36,0.0,0.0,0.0,0.0,0.0,0.0
15:22:36,0.0,0.0,0.0,0.0,0.0,0.0
15:22:36,0.0,0.0,0.0,0.0,0.0,0.0
15:22:37,0.0,0.0,0.0,0.0,0.0,0.0
15:22:37,0.0,0.0,0.0,0.0,0.0,0.0
15:22:37,0.0,0.0,0.0,0.0,0.0,0.0
15:22:37,0.0,0.0,0.0,0.0,0.0,0.0
15:22:37,0.0,0.0,0.0,0.0,0.0,0.0
15:22:37,0.0,0.0,0.0,0.0,0.0,0.0
15:22:37,0.0,0.0,0.0,0.0,0.0,0.0
15:22:37,0.0,0.0,0.0,0.0,0.0,0.0
15:22:38,0.0,0.0,0.0,0.0,0.0,0.0
15:22:38,0.0,0.0,0.0,0.0,0.0,0.0
15:22:38,0.0,0.0,0.0,0.0,0.0,0.0
15:22:38,0.0,0.0,0.0,0.0,0.0,0.0
15:22:38,0.0,0.0,0.0,0.0,0.0,0.0
15:22:38,0.0,0.0,0.0,0.0,0.0,0.0
15:22:38,0.0,0.0,0.0,0.0,0.0,0.0
15:22:38,0.0,0.0,0.0,0.0,0.0,0.0
15:22:38,0.0,0.0,0.0,0.0,0.0,0.0
15:22:39,0.0,0.0,0.0,0.0,0.0,0.0
15:22:39,0.0,0.0,0.0,0.0,0.0,0.0
15:22:39,0.0,0.0,0.0,0.0,0.0,0.0
15:22:39,0.0,0.0,0.0,0.0,0.0,0.0
15:22:39,0.0,0.0,0.0,0.0,0.0,0.0
15:22:39,0.0,0.0,0.0,0.0,0.0,0.0
15:22:39,0.0,0.0,0.0,0.0,0.0,0.0
15:22:39,0.0,0.0,0.0,0.0,0.0,0.0
15:22:39,0.0,0.0,0.0,0.0,0.0,0.0
15:22:40,0.0,0.0,0.0,0.0,0.0,0.0
15:22:40,0.0,0.0,0.0,0.0,0.0,0.0
15:22:40,0.0,0.0,0.0,0.0,0.0,0.0
15:22:40,0.0,0.0,0.0,0.0,0.0,0.0
15:22:40,0.0,0.0,0.0,0.0,0.0,0.0
15:22:40,0.0,0.0,0.0,0.0,0.0,0.0
15:22:40,0.0,0.0,0.0,0.0,0.0,0.0
15:22:40,0.0,0.0,0.0,0.0,0.0,0.0
15:22:41,0.0,0.0,0.0,0.0,0.0,0.0
15:22:41,0.0,0.0,0.0,0.0,0.0,0.0
15:22:41,0.0,0.0,0.0,0.0,0.0,0.0
15:22:41,0.0,0.0,0.0,0.0,0.0,0.0
15:22:41,0.0,0.0,0.0,0.0,0.0,0.0
15:22:41,0.0,0.0,0.0,0.0,0.0,0.0
15:22:41,0.0,0.0,0.0,0.0,0.0,0.0
15:22:41,0.0,0.0,0.0,0.0,0.0,0.0
15:22:42,0.0,0.0,0.0,0.0,0.0,0.0
15:22:42,0.0,0.0,0.0,0.0,0.0,0.0
15:22:42,0.0,0.0,0.0,0.0,0.0,0.0
15:22:42,0.0,0.0,0.0,0.0,0.0,0.0
15:22:42,0.0,0.0,0.0,0.0,0.0,0.0
15:22:42,0.0,0.0,0.0,0.0,0.0,0.0
15:22:42,0.0,0.0,0.0,0.0,0.0,0.0
15:22:42,0.0,0.0,0.0,0.0,0.0,0.0
15:22:42,0.0,0.0,0.0,0.0,0.0,0.0
15:22:43,0.0,0.0,0.0,0.0,0.0,0.0
15:22:43,0.0,0.0,0.0,0.0,0.0,0.0
15:22:43,0.0,0.0,0.0,0.0,0.0,0.0
15:22:43,0.0,0.0,0.0,0.0,0.0,0.0
15:22:43,0.0,0.0,0.0,0.0,0.0,0.0
15:22:43,0.0,0.0,0.0,0.0,0.0,0.0
15:22:43,0.0,0.0,0.0,0.0,0.0,0.0
15:22:43,0.0,0.0,0.0,0.0,0.0,0.0
15:22:43,0.0,0.0,0.0,0.0,0.0,0.0
15:22:44,0.0,0.0,0.0,0.0,0.0,0.0
15:22:44,0.0,0.0,0.0,0.0,0.0,0.0
15:22:44,0.0,0.0,0.0,0.0,0.0,0.0
15:22:44,0.0,0.0,0.0,0.0,0.0,0.0
15:22:44,0.0,0.0,0.0,0.0,0.0,0.0
15:22:44,0.0,0.0,0.0,0.0,0.0,0.0
15:22:44,0.0,0.0,0.0,0.0,0.0,0.0
15:22:44,0.0,0.0,0.0,0.0,0.0,0.0
15:22:44,0.0,0.0,0.0,0.0,0.0,0.0
15:22:45,0.0,0.0,0.0,0.0,0.0,0.0
15:22:45,0.0,0.0,0.0,0.0,0.0,0.0
15:22:45,0.0,0.0,0.0,0.0,0.0,0.0
15:22:45,0.0,0.0,0.0,0.0,0.0,0.0
15:22:45,0.0,0.0,0.0,0.0,0.0,0.0
15:22:45,0.0,0.0,0.0,0.0,0.0,0.0
15:22:45,0.0,0.0,0.0,0.0,0.0,0.0
15:22:45,0.0,0.0,0.0,0.0,0.0,0.0
15:22:45,0.0,0.0,0.0,0.0,0.0,0.0
15:22:46,0.0,0.0,0.0,0.0,0.0,0.0
15:22:46,0.0,0.0,0.0,0.0,0.0,0.0
15:22:46,0.0,0.0,0.0,0.0,0.0,0.0
15:22:46,0.0,0.0,0.0,0.0,0.0,0.0
15:22:46,0.0,0.0,0.0,0.0,0.0,0.0
15:22:46,0.0,0.0,0.0,0.0,0.0,0.0
15:22:46,0.0,0.0,0.0,0.0,0.0,0.0
15:22:46,0.0,0.0,0.0,0.0,0.0,0.0
15:22:46,0.0,0.0,0.0,0.0,0.0,0.0
15:22:47,0.0,0.0,0.0,0.0,0.0,0.0
15:22:47,0.0,0.0,0.0,0.0,0.0,0.0
15:22:47,0.0,0.0,0.0,0.0,0.0,0.0
15:22:47,0.0,0.0,0.0,0.0,0.0,0.0
15:22:47,0.0,0.0,0.0,0.0,0.0,0.0
15:22:47,0.0,0.0,0.0,0.0,0.0,0.0
15:22:47,0.0,0.0,0.0,0.0,0.0,0.0
15:22:47,0.0,0.0,0.0,0.0,0.0,0.0
15:22:47,0.0,0.0,0.0,0.0,0.0,0.0
15:22:48,0.0,0.0,0.0,0.0,0.0,0.0
15:22:48,0.0,0.0,0.0,0.0,0.0,0.0
15:22:48,0.0,0.0,0.0,0.0,0.0,0.0
15:22:48,0.0,0.0,0.0,0.0,0.0,0.0
15:22:48,0.0,0.0,0.0,0.0,0.0,0.0
15:22:48,0.0,0.0,0.0,0.0,0.0,0.0
15:22:48,0.0,0.0,0.0,0.0,0.0,0.0
15:22:48,0.0,0.0,0.0,0.0,0.0,0.0
15:22:48,0.0,0.0,0.0,0.0,0.0,0.0
15:22:49,0.0,0.0,0.0,0.0,0.0,0.0
15:22:49,0.0,0.0,0.0,0.0,0.0,0.0
15:22:49,0.0,0.0,0.0,0.0,0.0,0.0
15:22:49,0.0,0.0,0.0,0.0,0.0,0.0
15:22:49,0.0,0.0,0.0,0.0,0.0,0.0
15:22:49,0.0,0.0,0.0,0.0,0.0,0.0
15:22:49,0.0,0.0,0.0,0.0,0.0,0.0
15:22:49,0.0,0.0,0.0,0.0,0.0,0.0
15:22:49,0.0,0.0,0.0,0.0,0.0,0.0
15:22:50,0.0,0.0,0.0,0.0,0.0,0.0
15:22:50,0.0,0.0,0.0,0.0,0.0,0.0
15:22:50,0.0,0.0,0.0,0.0,0.0,0.0
15:22:50,0.0,0.0,0.0,0.0,0.0,0.0
15:22:50,0.0,0.0,0.0,0.0,0.0,0.0
15:22:50,0.0,0.0,0.0,0.0,0.0,0.0
15:22:50,0.0,0.0,0.0,0.0,0.0,0.0
15:22:50,0.0,0.0,0.0,0.0,0.0,0.0
15:22:50,0.0,0.0,0.0,0.0,0.0,0.0
15:22:51,0.0,0.0,0.0,0.0,0.0,0.0
15:22:51,0.0,0.0,0.0,0.0,0.0,0.0
15:22:51,0.0,0.0,0.0,0.0,0.0,0.0
15:22:51,0.0,0.0,0.0,0.0,0.0,0.0
15:22:51,0.0,0.0,0.0,0.0,0.0,0.0
15:22:51,0.0,0.0,0.0,0.0,0.0,0.0
15:22:51,0.0,0.0,0.0,0.0,0.0,0.0
15:22:51,0.0,0.0,0.0,0.0,0.0,0.0
15:22:51,0.0,0.0,0.0,0.0,0.0,0.0
15:22:52,0.0,0.0,0.0,0.0,0.0,0.0
15:22:52,0.0,0.0,0.0,0.0,0.0,0.0
15:22:52,0.0,0.0,0.0,0.0,0.0,0.0
15:22:52,0.0,0.0,0.0,0.0,0.0,0.0
15:22:52,0.0,0.0,0.0,0.0,0.0,0.0
15:22:52,0.0,0.0,0.0,0.0,0.0,0.0
15:22:52,0.0,0.0,0.0,0.0,0.0,0.0
15:22:52,0.0,0.0,0.0,0.0,0.0,0.0
15:22:53,0.0,0.0,0.0,0.0,0.0,0.0
15:22:53,0.0,0.0,0.0,0.0,0.0,0.0
15:22:53,0.0,0.0,0.0,0.0,0.0,0.0
15:22:53,0.0,0.0,0.0,0.0,0.0,0.0
15:22:53,0.0,0.0,0.0,0.0,0.0,0.0
15:22:53,0.0,0.0,0.0,0.0,0.0,0.0
15:22:53,0.0,0.0,0.0,0.0,0.0,0.0
15:22:53,0.0,0.0,0.0,0.0,0.0,0.0
15:22:54,0.0,0.0,0.0,0.0,0.0,0.0
15:22:54,0.0,0.0,0.0,0.0,0.0,0.0
15:22:54,0.0,0.0,0.0,0.0,0.0,0.0
15:22:54,0.0,0.0,0.0,0.0,0.0,0.0
15:22:54,0.0,0.0,0.0,0.0,0.0,0.0
15:22:54,0.0,0.0,0.0,0.0,0.0,0.0
15:22:54,0.0,0.0,0.0,0.0,0.0,0.0
15:22:54,0.0,0.0,0.0,0.0,0.0,0.0
15:22:54,0.0,0.0,0.0,0.0,0.0,0.0
15:22:55,0.0,0.0,0.0,0.0,0.0,0.0
15:22:55,0.0,0.0,0.0,0.0,0.0,0.0
15:22:55,0.0,0.0,0.0,0.0,0.0,0.0
15:22:55,0.0,0.0,0.0,0.0,0.0,0.0
15:22:55,0.0,0.0,0.0,0.0,0.0,0.0
15:22:55,0.0,0.0,0.0,0.0,0.0,0.0
15:22:55,0.0,0.0,0.0,0.0,0.0,0.0
15:22:55,0.0,0.0,0.0,0.0,0.0,0.0
15:22:55,0.0,0.0,0.0,0.0,0.0,0.0
15:22:56,0.0,0.0,0.0,0.0,0.0,0.0
15:22:56,0.0,0.0,0.0,0.0,0.0,0.0
15:22:56,0.0,0.0,0.0,0.0,0.0,0.0
15:22:56,0.0,0.0,0.0,0.0,0.0,0.0
15:22:56,0.0,0.0,0.0,0.0,0.0,0.0
15:22:56,0.0,0.0,0.0,0.0,0.0,0.0
15:22:56,0.0,0.0,0.0,0.0,0.0,0.0
15:22:56,0.0,0.0,0.0,0.0,0.0,0.0
15:22:56,0.0,0.0,0.0,0.0,0.0,0.0
15:22:57,0.0,0.0,0.0,0.0,0.0,0.0
15:22:57,0.0,0.0,0.0,0.0,0.0,0.0
15:22:57,0.0,0.0,0.0,0.0,0.0,0.0
15:22:57,0.0,0.0,0.0,0.0,0.0,0.0
15:22:57,0.0,0.0,0.0,0.0,0.0,0.0
15:22:57,0.0,0.0,0.0,0.0,0.0,0.0
15:22:57,0.0,0.0,0.0,0.0,0.0,0.0
15:22:57,0.0,0.0,0.0,0.0,0.0,0.0
15:22:57,0.0,0.0,0.0,0.0,0.0,0.0
15:22:58,0.0,0.0,0.0,0.0,0.0,0.0
15:22:58,0.0,0.0,0.0,0.0,0.0,0.0
15:22:58,0.0,0.0,0.0,0.0,0.0,0.0
15:22:58,0.0,0.0,0.0,0.0,0.0,0.0
15:22:58,0.0,0.0,0.0,0.0,0.0,0.0
15:22:58,0.0,0.0,0.0,0.0,0.0,0.0
15:22:58,0.0,0.0,0.0,0.0,0.0,0.0
15:22:58,0.0,0.0,0.0,0.0,0.0,0.0
15:22:58,0.0,0.0,0.0,0.0,0.0,0.0
15:22:59,0.0,0.0,0.0,0.0,0.0,0.0
15:22:59,0.0,0.0,0.0,0.0,0.0,0.0
15:22:59,0.0,0.0,0.0,0.0,0.0,0.0
15:22:59,0.0,0.0,0.0,0.0,0.0,0.0
15:22:59,0.0,0.0,0.0,0.0,0.0,0.0
15:22:59,0.0,0.0,0.0,0.0,0.0,0.0
15:22:59,0.0,0.0,0.0,0.0,0.0,0.0
15:22:59,0.0,0.0,0.0,0.0,0.0,0.0
15:22:59,0.0,0.0,0.0,0.0,0.0,0.0
15:23:00,0.0,0.0,0.0,0.0,0.0,0.0
15:23:00,0.0,0.0,0.0,0.0,0.0,0.0
15:23:00,0.0,0.0,0.0,0.0,0.0,0.0
15:23:00,0.0,0.0,0.0,0.0,0.0,0.0
15:23:00,0.0,0.0,0.0,0.0,0.0,0.0
15:23:00,0.0,0.0,0.0,0.0,0.0,0.0
15:23:00,0.0,0.0,0.0,0.0,0.0,0.0
15:23:00,0.0,0.0,0.0,0.0,0.0,0.0
15:23:01,0.0,0.0,0.0,0.0,0.0,0.0
15:23:01,0.0,0.0,0.0,0.0,0.0,0.0
15:23:01,0.0,0.0,0.0,0.0,0.0,0.0
15:23:01,0.0,0.0,0.0,0.0,0.0,0.0
15:23:01,0.0,0.0,0.0,0.0,0.0,0.0
15:23:01,0.0,0.0,0.0,0.0,0.0,0.0
15:23:01,0.0,0.0,0.0,0.0,0.0,0.0
15:23:01,0.0,0.0,0.0,0.0,0.0,0.0
15:23:01,0.0,0.0,0.0,0.0,0.0,0.0
15:23:01,0.0,0.0,0.0,0.0,0.0,0.0
15:23:02,0.0,0.0,0.0,0.0,0.0,0.0
15:23:02,0.0,0.0,0.0,0.0,0.0,0.0
15:23:02,0.0,0.0,0.0,0.0,0.0,0.0
15:23:02,0.0,0.0,0.0,0.0,0.0,0.0
15:23:02,0.0,0.0,0.0,0.0,0.0,0.0
15:23:02,0.0,0.0,0.0,0.0,0.0,0.0
15:23:02,0.0,0.0,0.0,0.0,0.0,0.0
15:23:02,0.0,0.0,0.0,0.0,0.0,0.0
15:23:02,0.0,0.0,0.0,0.0,0.0,0.0
15:23:03,0.0,0.0,0.0,0.0,0.0,0.0
15:23:03,0.0,0.0,0.0,0.0,0.0,0.0
15:23:03,0.0,0.0,0.0,0.0,0.0,0.0
15:23:03,0.0,0.0,0.0,0.0,0.0,0.0
15:23:03,0.0,0.0,0.0,0.0,0.0,0.0
15:23:03,0.0,0.0,0.0,0.0,0.0,0.0
15:23:03,0.0,0.0,0.0,0.0,0.0,0.0
15:23:03,0.0,0.0,0.0,0.0,0.0,0.0
15:23:03,0.0,0.0,0.0,0.0,0.0,0.0
15:23:04,0.0,0.0,0.0,0.0,0.0,0.0
15:23:04,0.0,0.0,0.0,0.0,0.0,0.0
15:23:04,0.0,0.0,0.0,0.0,0.0,0.0
15:23:04,0.0,0.0,0.0,0.0,0.0,0.0
15:23:04,0.0,0.0,0.0,0.0,0.0,0.0
15:23:04,0.0,0.0,0.0,0.0,0.0,0.0
15:23:04,0.0,0.0,0.0,0.0,0.0,0.0
15:23:04,0.0,0.0,0.0,0.0,0.0,0.0
15:23:05,0.0,0.0,0.0,0.0,0.0,0.0
15:23:05,0.0,0.0,0.0,0.0,0.0,0.0
15:23:05,0.0,0.0,0.0,0.0,0.0,0.0
15:23:05,0.0,0.0,0.0,0.0,0.0,0.0
15:23:05,0.0,0.0,0.0,0.0,0.0,0.0
15:23:05,0.0,0.0,0.0,0.0,0.0,0.0
15:23:05,0.0,0.0,0.0,0.0,0.0,0.0
15:23:05,0.0,0.0,0.0,0.0,0.0,0.0
15:23:06,0.0,0.0,0.0,0.0,0.0,0.0
15:23:06,0.0,0.0,0.0,0.0,0.0,0.0
15:23:06,0.0,0.0,0.0,0.0,0.0,0.0
15:23:06,0.0,0.0,0.0,0.0,0.0,0.0
15:23:06,0.0,0.0,0.0,0.0,0.0,0.0
15:23:06,0.0,0.0,0.0,0.0,0.0,0.0
15:23:06,0.0,0.0,0.0,0.0,0.0,0.0
15:23:06,0.0,0.0,0.0,0.0,0.0,0.0
15:23:06,0.0,0.0,0.0,0.0,0.0,0.0
15:23:07,0.0,0.0,0.0,0.0,0.0,0.0
15:23:07,0.0,0.0,0.0,0.0,0.0,0.0
15:23:07,0.0,0.0,0.0,0.0,0.0,0.0
15:23:07,0.0,0.0,0.0,0.0,0.0,0.0
15:23:07,0.0,0.0,0.0,0.0,0.0,0.0
15:23:07,0.0,0.0,0.0,0.0,0.0,0.0
15:23:07,0.0,0.0,0.0,0.0,0.0,0.0
15:23:07,0.0,0.0,0.0,0.0,0.0,0.0
15:23:07,0.0,0.0,0.0,0.0,0.0,0.0
15:23:08,0.0,0.0,0.0,0.0,0.0,0.0
15:23:08,0.0,0.0,0.0,0.0,0.0,0.0
15:23:08,0.0,0.0,0.0,0.0,0.0,0.0
15:23:08,0.0,0.0,0.0,0.0,0.0,0.0
15:23:08,0.0,0.0,0.0,0.0,0.0,0.0
15:23:08,0.0,0.0,0.0,0.0,0.0,0.0
15:23:08,0.0,0.0,0.0,0.0,0.0,0.0
15:23:08,0.0,0.0,0.0,0.0,0.0,0.0
15:23:08,0.0,0.0,0.0,0.0,0.0,0.0
15:23:09,0.0,0.0,0.0,0.0,0.0,0.0
15:23:09,0.0,0.0,0.0,0.0,0.0,0.0
15:23:09,0.0,0.0,0.0,0.0,0.0,0.0
15:23:09,0.0,0.0,0.0,0.0,0.0,0.0
15:23:09,0.0,0.0,0.0,0.0,0.0,0.0
15:23:09,0.0,0.0,0.0,0.0,0.0,0.0
15:23:09,0.0,0.0,0.0,0.0,0.0,0.0
15:23:09,0.0,0.0,0.0,0.0,0.0,0.0
15:23:10,0.0,0.0,0.0,0.0,0.0,0.0
15:23:10,0.0,0.0,0.0,0.0,0.0,0.0
15:23:10,0.0,0.0,0.0,0.0,0.0,0.0
15:23:10,0.0,0.0,0.0,0.0,0.0,0.0
15:23:10,0.0,0.0,0.0,0.0,0.0,0.0
15:23:10,0.0,0.0,0.0,0.0,0.0,0.0
15:23:10,0.0,0.0,0.0,0.0,0.0,0.0
15:23:10,0.0,0.0,0.0,0.0,0.0,0.0
15:23:10,0.0,0.0,0.0,0.0,0.0,0.0
15:23:11,0.0,0.0,0.0,0.0,0.0,0.0
15:23:11,0.0,0.0,0.0,0.0,0.0,0.0
15:23:11,0.0,0.0,0.0,0.0,0.0,0.0
15:23:11,0.0,0.0,0.0,0.0,0.0,0.0
15:23:11,0.0,0.0,0.0,0.0,0.0,0.0
15:23:11,0.0,0.0,0.0,0.0,0.0,0.0
15:23:11,0.0,0.0,0.0,0.0,0.0,0.0
15:23:11,0.0,0.0,0.0,0.0,0.0,0.0
15:23:11,0.0,0.0,0.0,0.0,0.0,0.0
15:23:12,0.0,0.0,0.0,0.0,0.0,0.0
15:23:12,0.0,0.0,0.0,0.0,0.0,0.0
15:23:12,0.0,0.0,0.0,0.0,0.0,0.0
15:23:12,0.0,0.0,0.0,0.0,0.0,0.0
15:23:12,0.0,0.0,0.0,0.0,0.0,0.0
15:23:12,0.0,0.0,0.0,0.0,0.0,0.0
15:23:12,0.0,0.0,0.0,0.0,0.0,0.0
15:23:12,0.0,0.0,0.0,0.0,0.0,0.0
15:23:12,0.0,0.0,0.0,0.0,0.0,0.0
15:23:13,0.0,0.0,0.0,0.0,0.0,0.0
15:23:13,0.0,0.0,0.0,0.0,0.0,0.0
15:23:13,0.0,0.0,0.0,0.0,0.0,0.0
15:23:13,0.0,0.0,0.0,0.0,0.0,0.0
15:23:13,0.0,0.0,0.0,0.0,0.0,0.0
15:23:13,0.0,0.0,0.0,0.0,0.0,0.0
15:23:13,0.0,0.0,0.0,0.0,0.0,0.0
15:23:13,0.0,0.0,0.0,0.0,0.0,0.0
15:23:14,0.0,0.0,0.0,0.0,0.0,0.0
15:23:14,0.0,0.0,0.0,0.0,0.0,0.0
15:23:14,0.0,0.0,0.0,0.0,0.0,0.0
15:23:14,0.0,0.0,0.0,0.0,0.0,0.0
15:23:14,0.0,0.0,0.0,0.0,0.0,0.0
15:23:14,0.0,0.0,0.0,0.0,0.0,0.0
15:23:14,0.0,0.0,0.0,0.0,0.0,0.0
15:23:14,0.0,0.0,0.0,0.0,0.0,0.0
15:23:14,0.0,0.0,0.0,0.0,0.0,0.0
15:23:15,0.0,0.0,0.0,0.0,0.0,0.0
15:23:15,0.0,0.0,0.0,0.0,0.0,0.0
15:23:15,0.0,0.0,0.0,0.0,0.0,0.0
15:23:15,0.0,0.0,0.0,0.0,0.0,0.0
15:23:15,0.0,0.0,0.0,0.0,0.0,0.0
15:23:15,0.0,0.0,0.0,0.0,0.0,0.0
15:23:15,0.0,0.0,0.0,0.0,0.0,0.0
15:23:15,0.0,0.0,0.0,0.0,0.0,0.0
15:23:16,0.0,0.0,0.0,0.0,0.0,0.0
15:23:16,0.0,0.0,0.0,0.0,0.0,0.0
15:23:16,0.0,0.0,0.0,0.0,0.0,0.0
15:23:16,0.0,0.0,0.0,0.0,0.0,0.0
15:23:16,0.0,0.0,0.0,0.0,0.0,0.0
15:23:16,0.0,0.0,0.0,0.0,0.0,0.0
15:23:16,0.0,0.0,0.0,0.0,0.0,0.0
15:23:16,0.0,0.0,0.0,0.0,0.0,0.0
15:23:17,0.0,0.0,0.0,0.0,0.0,0.0
15:23:17,0.0,0.0,0.0,0.0,0.0,0.0
15:23:17,0.0,0.0,0.0,0.0,0.0,0.0
15:23:17,0.0,0.0,0.0,0.0,0.0,0.0
15:23:17,0.0,0.0,0.0,0.0,0.0,0.0
15:23:17,0.0,0.0,0.0,0.0,0.0,0.0
15:23:17,0.0,0.0,0.0,0.0,0.0,0.0
15:23:18,0.0,0.0,0.0,0.0,0.0,0.0
15:23:18,0.0,0.0,0.0,0.0,0.0,0.0
15:23:18,0.0,0.0,0.0,0.0,0.0,0.0
15:23:18,0.0,0.0,0.0,0.0,0.0,0.0
15:23:18,0.0,0.0,0.0,0.0,0.0,0.0
15:23:18,0.0,0.0,0.0,0.0,0.0,0.0
15:23:18,0.0,0.0,0.0,0.0,0.0,0.0
15:23:18,0.0,0.0,0.0,0.0,0.0,0.0
15:23:18,0.0,0.0,0.0,0.0,0.0,0.0
15:23:19,0.0,0.0,0.0,0.0,0.0,0.0
15:23:19,0.0,0.0,0.0,0.0,0.0,0.0
15:23:19,0.0,0.0,0.0,0.0,0.0,0.0
15:23:19,0.0,0.0,0.0,0.0,0.0,0.0
15:23:19,0.0,0.0,0.0,0.0,0.0,0.0
15:23:19,0.0,0.0,0.0,0.0,0.0,0.0
15:23:19,0.0,0.0,0.0,0.0,0.0,0.0
15:23:19,0.0,0.0,0.0,0.0,0.0,0.0
15:23:20,0.0,0.0,0.0,0.0,0.0,0.0
15:23:20,0.0,0.0,0.0,0.0,0.0,0.0
15:23:20,0.0,0.0,0.0,0.0,0.0,0.0
15:23:20,0.0,0.0,0.0,0.0,0.0,0.0
15:23:20,0.0,0.0,0.0,0.0,0.0,0.0
15:23:20,0.0,0.0,0.0,0.0,0.0,0.0
15:23:20,0.0,0.0,0.0,0.0,0.0,0.0
15:23:20,0.0,0.0,0.0,0.0,0.0,0.0
15:23:20,0.0,0.0,0.0,0.0,0.0,0.0
15:23:21,0.0,0.0,0.0,0.0,0.0,0.0
15:23:21,0.0,0.0,0.0,0.0,0.0,0.0
15:23:21,0.0,0.0,0.0,0.0,0.0,0.0
15:23:21,0.0,0.0,0.0,0.0,0.0,0.0
15:23:21,0.0,0.0,0.0,0.0,0.0,0.0
15:23:21,0.0,0.0,0.0,0.0,0.0,0.0
15:23:21,0.0,0.0,0.0,0.0,0.0,0.0
15:23:21,0.0,0.0,0.0,0.0,0.0,0.0
15:23:21,0.0,0.0,0.0,0.0,0.0,0.0
15:23:22,0.0,0.0,0.0,0.0,0.0,0.0
15:23:22,0.0,0.0,0.0,0.0,0.0,0.0
15:23:22,0.0,0.0,0.0,0.0,0.0,0.0
15:23:22,0.0,0.0,0.0,0.0,0.0,0.0
15:23:22,0.0,0.0,0.0,0.0,0.0,0.0
15:23:22,0.0,0.0,0.0,0.0,0.0,0.0
15:23:22,0.0,0.0,0.0,0.0,0.0,0.0
15:23:22,0.0,0.0,0.0,0.0,0.0,0.0
15:23:22,0.0,0.0,0.0,0.0,0.0,0.0
15:23:23,0.0,0.0,0.0,0.0,0.0,0.0
15:23:23,0.0,0.0,0.0,0.0,0.0,0.0
15:23:23,0.0,0.0,0.0,0.0,0.0,0.0
15:23:23,0.0,0.0,0.0,0.0,0.0,0.0
15:23:23,0.0,0.0,0.0,0.0,0.0,0.0
15:23:23,0.0,0.0,0.0,0.0,0.0,0.0
15:23:23,0.0,0.0,0.0,0.0,0.0,0.0
15:23:23,0.0,0.0,0.0,0.0,0.0,0.0
15:23:23,0.0,0.0,0.0,0.0,0.0,0.0
15:23:24,0.0,0.0,0.0,0.0,0.0,0.0
15:23:24,0.0,0.0,0.0,0.0,0.0,0.0
15:23:24,0.0,0.0,0.0,0.0,0.0,0.0
15:23:24,0.0,0.0,0.0,0.0,0.0,0.0
15:23:24,0.0,0.0,0.0,0.0,0.0,0.0
15:23:24,0.0,0.0,0.0,0.0,0.0,0.0
15:23:24,0.0,0.0,0.0,0.0,0.0,0.0
15:23:24,0.0,0.0,0.0,0.0,0.0,0.0
15:23:24,0.0,0.0,0.0,0.0,0.0,0.0
15:23:25,0.0,0.0,0.0,0.0,0.0,0.0
15:23:25,0.0,0.0,0.0,0.0,0.0,0.0
15:23:25,0.0,0.0,0.0,0.0,0.0,0.0
15:23:25,0.0,0.0,0.0,0.0,0.0,0.0
15:23:25,0.0,0.0,0.0,0.0,0.0,0.0
15:23:25,0.0,0.0,0.0,0.0,0.0,0.0
15:23:25,0.0,0.0,0.0,0.0,0.0,0.0
15:23:25,0.0,0.0,0.0,0.0,0.0,0.0
15:23:25,0.0,0.0,0.0,0.0,0.0,0.0
15:23:26,0.0,0.0,0.0,0.0,0.0,0.0
15:23:26,0.0,0.0,0.0,0.0,0.0,0.0
15:23:26,0.0,0.0,0.0,0.0,0.0,0.0
15:23:26,0.0,0.0,0.0,0.0,0.0,0.0
15:23:26,0.0,0.0,0.0,0.0,0.0,0.0
15:23:26,0.0,0.0,0.0,0.0,0.0,0.0
15:23:26,0.0,0.0,0.0,0.0,0.0,0.0
15:23:26,0.0,0.0,0.0,0.0,0.0,0.0
15:23:26,0.0,0.0,0.0,0.0,0.0,0.0
15:23:27,0.0,0.0,0.0,0.0,0.0,0.0
15:23:27,0.0,0.0,0.0,0.0,0.0,0.0
15:23:27,0.0,0.0,0.0,0.0,0.0,0.0
15:23:27,0.0,0.0,0.0,0.0,0.0,0.0
15:23:27,0.0,0.0,0.0,0.0,0.0,0.0
15:23:27,0.0,0.0,0.0,0.0,0.0,0.0
15:23:27,0.0,0.0,0.0,0.0,0.0,0.0
15:23:27,0.0,0.0,0.0,0.0,0.0,0.0
15:23:28,0.0,0.0,0.0,0.0,0.0,0.0
15:23:28,0.0,0.0,0.0,0.0,0.0,0.0
15:23:28,0.0,0.0,0.0,0.0,0.0,0.0
15:23:28,0.0,0.0,0.0,0.0,0.0,0.0
15:23:28,0.0,0.0,0.0,0.0,0.0,0.0
15:23:28,0.0,0.0,0.0,0.0,0.0,0.0
15:23:28,0.0,0.0,0.0,0.0,0.0,0.0
15:23:28,0.0,0.0,0.0,0.0,0.0,0.0
15:23:28,0.0,0.0,0.0,0.0,0.0,0.0
15:23:29,0.0,0.0,0.0,0.0,0.0,0.0
15:23:29,0.0,0.0,0.0,0.0,0.0,0.0
15:23:29,0.0,0.0,0.0,0.0,0.0,0.0
15:23:29,0.0,0.0,0.0,0.0,0.0,0.0
15:23:29,0.0,0.0,0.0,0.0,0.0,0.0
15:23:29,0.0,0.0,0.0,0.0,0.0,0.0
15:23:29,0.0,0.0,0.0,0.0,0.0,0.0
15:23:29,0.0,0.0,0.0,0.0,0.0,0.0
15:23:30,0.0,0.0,0.0,0.0,0.0,0.0
15:23:30,0.0,0.0,0.0,0.0,0.0,0.0
15:23:30,0.0,0.0,0.0,0.0,0.0,0.0
15:23:30,0.0,0.0,0.0,0.0,0.0,0.0
15:23:30,0.0,0.0,0.0,0.0,0.0,0.0
15:23:30,0.0,0.0,0.0,0.0,0.0,0.0
15:23:30,0.0,0.0,0.0,0.0,0.0,0.0
15:23:30,0.0,0.0,0.0,0.0,0.0,0.0
15:23:31,0.0,0.0,0.0,0.0,0.0,0.0
15:23:31,0.0,0.0,0.0,0.0,0.0,0.0
15:23:31,0.0,0.0,0.0,0.0,0.0,0.0
15:23:31,0.0,0.0,0.0,0.0,0.0,0.0
15:23:31,0.0,0.0,0.0,0.0,0.0,0.0
15:23:31,0.0,0.0,0.0,0.0,0.0,0.0
15:23:31,0.0,0.0,0.0,0.0,0.0,0.0
15:23:31,0.0,0.0,0.0,0.0,0.0,0.0
15:23:31,0.0,0.0,0.0,0.0,0.0,0.0
15:23:32,0.0,0.0,0.0,0.0,0.0,0.0
15:23:32,0.0,0.0,0.0,0.0,0.0,0.0
15:23:32,0.0,0.0,0.0,0.0,0.0,0.0
15:23:32,0.0,0.0,0.0,0.0,0.0,0.0
15:23:32,0.0,0.0,0.0,0.0,0.0,0.0
15:23:32,0.0,0.0,0.0,0.0,0.0,0.0
20:26:26,0.0,0.0,0.0,0.0,0.0,0.0
20:26:27,0.0,0.0,0.0,0.0,0.0,0.0
20:26:28,0.0,0.0,0.0,0.0,0.0,0.0
20:26:28,0.0,0.0,0.0,0.0,0.0,0.0
20:26:28,0.0,0.0,0.0,0.0,0.0,0.0
20:26:28,0.0,0.0,0.0,0.0,0.0,0.0
20:26:28,0.0,0.0,0.0,0.0,0.0,0.0
20:26:28,0.0,0.0,0.0,0.0,0.0,0.0
20:26:29,0.0,0.0,0.0,0.0,0.0,0.0
20:26:29,0.0,0.0,0.0,0.0,0.0,0.0
20:26:29,0.0,0.0,0.0,0.0,0.0,0.0
20:26:29,0.0,0.0,0.0,0.0,0.0,0.0
20:26:29,0.0,0.0,0.0,0.0,0.0,0.0
20:26:29,0.0,0.0,0.0,0.0,0.0,0.0
20:26:29,0.0,0.0,0.0,0.0,0.0,0.0
20:26:30,0.0,0.0,0.0,0.0,0.0,0.0
20:26:30,0.0,0.0,0.0,0.0,0.0,0.0
20:26:30,0.0,0.0,0.0,0.0,0.0,0.0
20:26:30,0.0,0.0,0.0,0.0,0.0,0.0
20:26:30,0.0,0.0,0.0,0.0,0.0,0.0
20:26:30,0.0,0.0,0.0,0.0,0.0,0.0
20:26:30,0.0,0.0,0.0,0.0,0.0,0.0
20:26:30,0.0,0.0,0.0,0.0,0.0,0.0
20:26:31,0.0,0.0,0.0,0.0,0.0,0.0
20:26:31,0.0,0.0,0.0,0.0,0.0,0.0
20:26:31,0.0,0.0,0.0,0.0,0.0,0.0
20:26:31,0.0,0.0,0.0,0.0,0.0,0.0
20:26:31,0.0,0.0,0.0,0.0,0.0,0.0
20:26:31,0.0,0.0,0.0,0.0,0.0,0.0
20:26:31,0.0,0.0,0.0,0.0,0.0,0.0
20:26:31,0.0,0.0,0.0,0.0,0.0,0.0
20:26:32,0.0,0.0,0.0,0.0,0.0,0.0
20:26:32,0.0,0.0,0.0,0.0,0.0,0.0
20:26:32,0.0,0.0,0.0,0.0,0.0,0.0
20:26:32,0.0,0.0,0.0,0.0,0.0,0.0
20:26:32,0.0,0.0,0.0,0.0,0.0,0.0
20:26:32,0.0,0.0,0.0,0.0,0.0,0.0
20:26:33,0.0,0.0,0.0,0.0,0.0,0.0
20:26:33,0.0,0.0,0.0,0.0,0.0,0.0
20:26:33,0.0,0.0,0.0,0.0,0.0,0.0
20:26:33,0.0,0.0,0.0,0.0,0.0,0.0
20:26:33,0.0,0.0,0.0,0.0,0.0,0.0
20:26:33,0.0,0.0,0.0,0.0,0.0,0.0
20:26:33,0.0,0.0,0.0,0.0,0.0,0.0
20:26:34,0.0,0.0,0.0,0.0,0.0,0.0
20:26:34,0.0,0.0,0.0,0.0,0.0,0.0
20:26:34,0.0,0.0,0.0,0.0,0.0,0.0
20:26:34,0.0,0.0,0.0,0.0,0.0,0.0
20:26:34,0.0,0.0,0.0,0.0,0.0,0.0
20:26:34,0.0,0.0,0.0,0.0,0.0,0.0
20:26:34,0.0,0.0,0.0,0.0,0.0,0.0
20:26:35,0.0,0.0,0.0,0.0,0.0,0.0
20:26:35,0.0,0.0,0.0,0.0,0.0,0.0
20:26:35,0.0,0.0,0.0,0.0,0.0,0.0
20:26:35,0.0,0.0,0.0,0.0,0.0,0.0
20:26:35,0.0,0.0,0.0,0.0,0.0,0.0
20:26:35,0.0,0.0,0.0,0.0,0.0,0.0
20:26:35,0.0,0.0,0.0,0.0,0.0,0.0
20:26:35,0.0,0.0,0.0,0.0,0.0,0.0
20:26:36,0.0,0.0,0.0,0.0,0.0,0.0
20:26:36,0.0,0.0,0.0,0.0,0.0,0.0
20:26:36,0.0,0.0,0.0,0.0,0.0,0.0
20:26:36,0.0,0.0,0.0,0.0,0.0,0.0
20:26:36,0.0,0.0,0.0,0.0,0.0,0.0
20:26:36,0.0,0.0,0.0,0.0,0.0,0.0
20:26:36,0.0,0.0,0.0,0.0,0.0,0.0
20:26:36,0.0,0.0,0.0,0.0,0.0,0.0
20:26:37,0.0,0.0,0.0,0.0,0.0,0.0
20:26:37,0.0,0.0,0.0,0.0,0.0,0.0
20:26:37,0.0,0.0,0.0,0.0,0.0,0.0
20:26:37,0.0,0.0,0.0,0.0,0.0,0.0
20:26:37,0.0,0.0,0.0,0.0,0.0,0.0
20:26:37,0.0,0.0,0.0,0.0,0.0,0.0
20:26:37,0.0,0.0,0.0,0.0,0.0,0.0
20:26:37,0.0,0.0,0.0,0.0,0.0,0.0
20:26:38,0.0,0.0,0.0,0.0,0.0,0.0
20:26:38,0.0,0.0,0.0,0.0,0.0,0.0
20:26:38,0.0,0.0,0.0,0.0,0.0,0.0
20:26:38,0.0,0.0,0.0,0.0,0.0,0.0
20:26:38,0.0,0.0,0.0,0.0,0.0,0.0
20:26:38,0.0,0.0,0.0,0.0,0.0,0.0
20:26:38,0.0,0.0,0.0,0.0,0.0,0.0
20:26:39,0.0,0.0,0.0,0.0,0.0,0.0
20:26:39,0.0,0.0,0.0,0.0,0.0,0.0
20:26:39,0.0,0.0,0.0,0.0,0.0,0.0
20:26:39,0.0,0.0,0.0,0.0,0.0,0.0
20:26:39,0.0,0.0,0.0,0.0,0.0,0.0
20:26:39,0.0,0.0,0.0,0.0,0.0,0.0
20:26:39,0.0,0.0,0.0,0.0,0.0,0.0
20:26:39,0.0,0.0,0.0,0.0,0.0,0.0
20:26:40,0.0,0.0,0.0,0.0,0.0,0.0
20:26:40,0.0,0.0,0.0,0.0,0.0,0.0
20:26:40,0.0,0.0,0.0,0.0,0.0,0.0
20:26:40,0.0,0.0,0.0,0.0,0.0,0.0
20:26:40,0.0,0.0,0.0,0.0,0.0,0.0
20:26:40,0.0,0.0,0.0,0.0,0.0,0.0
20:26:40,0.0,0.0,0.0,0.0,0.0,0.0
20:26:40,0.0,0.0,0.0,0.0,0.0,0.0
20:26:41,0.0,0.0,0.0,0.0,0.0,0.0
20:26:41,0.0,0.0,0.0,0.0,0.0,0.0
20:26:41,0.0,0.0,0.0,0.0,0.0,0.0
20:26:41,0.0,0.0,0.0,0.0,0.0,0.0
20:26:41,0.0,0.0,0.0,0.0,0.0,0.0
20:26:41,0.0,0.0,0.0,0.0,0.0,0.0
20:26:41,0.0,0.0,0.0,0.0,0.0,0.0
20:26:41,0.0,0.0,0.0,0.0,0.0,0.0
20:26:42,0.0,0.0,0.0,0.0,0.0,0.0
20:26:42,0.0,0.0,0.0,0.0,0.0,0.0
20:26:42,0.0,0.0,0.0,0.0,0.0,0.0
20:26:42,0.0,0.0,0.0,0.0,0.0,0.0
20:26:42,0.0,0.0,0.0,0.0,0.0,0.0
20:26:42,0.0,0.0,0.0,0.0,0.0,0.0
20:26:42,0.0,0.0,0.0,0.0,0.0,0.0
20:26:42,0.0,0.0,0.0,0.0,0.0,0.0
20:26:43,0.0,0.0,0.0,0.0,0.0,0.0
20:26:43,0.0,0.0,0.0,0.0,0.0,0.0
20:26:43,0.0,0.0,0.0,0.0,0.0,0.0
20:26:43,0.0,0.0,0.0,0.0,0.0,0.0
20:26:43,0.0,0.0,0.0,0.0,0.0,0.0
20:26:43,0.0,0.0,0.0,0.0,0.0,0.0
20:26:43,0.0,0.0,0.0,0.0,0.0,0.0
20:26:43,0.0,0.0,0.0,0.0,0.0,0.0
20:26:44,0.0,0.0,0.0,0.0,0.0,0.0
20:26:44,0.0,0.0,0.0,0.0,0.0,0.0
20:26:44,0.0,0.0,0.0,0.0,0.0,0.0
20:26:44,0.0,0.0,0.0,0.0,0.0,0.0
20:26:44,0.0,0.0,0.0,0.0,0.0,0.0
20:26:44,0.0,0.0,0.0,0.0,0.0,0.0
20:26:44,0.0,0.0,0.0,0.0,0.0,0.0
20:26:44,0.0,0.0,0.0,0.0,0.0,0.0
20:26:44,0.0,0.0,0.0,0.0,0.0,0.0
20:26:45,0.0,0.0,0.0,0.0,0.0,0.0
20:26:45,0.0,0.0,0.0,0.0,0.0,0.0
20:26:45,0.0,0.0,0.0,0.0,0.0,0.0
20:26:45,0.0,0.0,0.0,0.0,0.0,0.0
20:26:45,0.0,0.0,0.0,0.0,0.0,0.0
20:26:45,0.0,0.0,0.0,0.0,0.0,0.0
20:26:45,0.0,0.0,0.0,0.0,0.0,0.0
20:26:45,0.0,0.0,0.0,0.0,0.0,0.0
20:26:46,0.0,0.0,0.0,0.0,0.0,0.0
20:26:46,0.0,0.0,0.0,0.0,0.0,0.0
20:26:46,0.0,0.0,0.0,0.0,0.0,0.0
20:26:46,0.0,0.0,0.0,0.0,0.0,0.0
20:26:46,0.0,0.0,0.0,0.0,0.0,0.0
20:26:46,0.0,0.0,0.0,0.0,0.0,0.0
20:26:46,0.0,0.0,0.0,0.0,0.0,0.0
20:26:46,0.0,0.0,0.0,0.0,0.0,0.0
20:26:47,0.0,0.0,0.0,0.0,0.0,0.0
20:26:47,0.0,0.0,0.0,0.0,0.0,0.0
20:26:47,0.0,0.0,0.0,0.0,0.0,0.0
20:26:47,0.0,0.0,0.0,0.0,0.0,0.0
20:26:47,0.0,0.0,0.0,0.0,0.0,0.0
20:26:47,0.0,0.0,0.0,0.0,0.0,0.0
20:26:47,0.0,0.0,0.0,0.0,0.0,0.0
20:26:47,0.0,0.0,0.0,0.0,0.0,0.0
20:26:48,0.0,0.0,0.0,0.0,0.0,0.0
20:26:48,0.0,0.0,0.0,0.0,0.0,0.0
20:26:48,0.0,0.0,0.0,0.0,0.0,0.0
20:26:48,0.0,0.0,0.0,0.0,0.0,0.0
20:26:48,0.0,0.0,0.0,0.0,0.0,0.0
20:26:48,0.0,0.0,0.0,0.0,0.0,0.0
20:26:48,0.0,0.0,0.0,0.0,0.0,0.0
20:26:48,0.0,0.0,0.0,0.0,0.0,0.0
20:26:48,0.0,0.0,0.0,0.0,0.0,0.0
20:26:49,0.0,0.0,0.0,0.0,0.0,0.0
20:26:49,0.0,0.0,0.0,0.0,0.0,0.0
20:26:49,0.0,0.0,0.0,0.0,0.0,0.0
20:26:49,0.0,0.0,0.0,0.0,0.0,0.0
20:26:49,0.0,0.0,0.0,0.0,0.0,0.0
20:26:49,0.0,0.0,0.0,0.0,0.0,0.0
20:26:49,0.0,0.0,0.0,0.0,0.0,0.0
20:26:49,0.0,0.0,0.0,0.0,0.0,0.0
20:26:50,0.0,0.0,0.0,0.0,0.0,0.0
20:26:50,0.0,0.0,0.0,0.0,0.0,0.0
20:26:50,0.0,0.0,0.0,0.0,0.0,0.0
20:26:50,0.0,0.0,0.0,0.0,0.0,0.0
20:26:50,0.0,0.0,0.0,0.0,0.0,0.0
20:26:50,0.0,0.0,0.0,0.0,0.0,0.0
20:26:50,0.0,0.0,0.0,0.0,0.0,0.0
20:26:50,0.0,0.0,0.0,0.0,0.0,0.0
20:26:51,0.0,0.0,0.0,0.0,0.0,0.0
20:26:51,0.0,0.0,0.0,0.0,0.0,0.0
20:26:51,0.0,0.0,0.0,0.0,0.0,0.0
20:26:51,0.0,0.0,0.0,0.0,0.0,0.0
20:26:51,0.0,0.0,0.0,0.0,0.0,0.0
20:26:51,0.0,0.0,0.0,0.0,0.0,0.0
20:26:51,0.0,0.0,0.0,0.0,0.0,0.0
20:26:51,0.0,0.0,0.0,0.0,0.0,0.0
20:26:52,0.0,0.0,0.0,0.0,0.0,0.0
20:26:52,0.0,0.0,0.0,0.0,0.0,0.0
20:26:52,0.0,0.0,0.0,0.0,0.0,0.0
20:26:52,0.0,0.0,0.0,0.0,0.0,0.0
20:26:52,0.0,0.0,0.0,0.0,0.0,0.0
20:26:52,0.0,0.0,0.0,0.0,0.0,0.0
20:26:52,0.0,0.0,0.0,0.0,0.0,0.0
20:26:52,0.0,0.0,0.0,0.0,0.0,0.0
20:26:52,0.0,0.0,0.0,0.0,0.0,0.0
20:26:53,0.0,0.0,0.0,0.0,0.0,0.0
20:26:53,0.0,0.0,0.0,0.0,0.0,0.0
20:26:53,0.0,0.0,0.0,0.0,0.0,0.0
20:26:53,0.0,0.0,0.0,0.0,0.0,0.0
20:26:53,0.0,0.0,0.0,0.0,0.0,0.0
20:26:53,0.0,0.0,0.0,0.0,0.0,0.0
20:26:53,0.0,0.0,0.0,0.0,0.0,0.0
20:26:53,0.0,0.0,0.0,0.0,0.0,0.0
20:26:54,0.0,0.0,0.0,0.0,0.0,0.0
20:26:54,0.0,0.0,0.0,0.0,0.0,0.0
20:26:54,0.0,0.0,0.0,0.0,0.0,0.0
20:26:54,0.0,0.0,0.0,0.0,0.0,0.0
20:26:54,0.0,0.0,0.0,0.0,0.0,0.0
20:26:54,0.0,0.0,0.0,0.0,0.0,0.0
20:26:54,0.0,0.0,0.0,0.0,0.0,0.0
20:26:54,0.0,0.0,0.0,0.0,0.0,0.0
20:26:54,0.0,0.0,0.0,0.0,0.0,0.0
20:26:55,0.0,0.0,0.0,0.0,0.0,0.0
20:26:55,0.0,0.0,0.0,0.0,0.0,0.0
20:26:55,0.0,0.0,0.0,0.0,0.0,0.0
20:26:55,0.0,0.0,0.0,0.0,0.0,0.0
20:26:55,0.0,0.0,0.0,0.0,0.0,0.0
20:26:55,0.0,0.0,0.0,0.0,0.0,0.0
20:26:55,0.0,0.0,0.0,0.0,0.0,0.0
20:26:55,0.0,0.0,0.0,0.0,0.0,0.0
20:26:56,0.0,0.0,0.0,0.0,0.0,0.0
20:26:56,0.0,0.0,0.0,0.0,0.0,0.0
20:26:56,0.0,0.0,0.0,0.0,0.0,0.0
20:26:56,0.0,0.0,0.0,0.0,0.0,0.0
20:26:56,0.0,0.0,0.0,0.0,0.0,0.0
20:26:56,0.0,0.0,0.0,0.0,0.0,0.0
20:26:56,0.0,0.0,0.0,0.0,0.0,0.0
20:26:56,0.0,0.0,0.0,0.0,0.0,0.0
20:26:57,0.0,0.0,0.0,0.0,0.0,0.0
20:26:57,0.0,0.0,0.0,0.0,0.0,0.0
20:26:57,0.0,0.0,0.0,0.0,0.0,0.0
20:26:57,0.0,0.0,0.0,0.0,0.0,0.0
20:26:57,0.0,0.0,0.0,0.0,0.0,0.0
20:26:57,0.0,0.0,0.0,0.0,0.0,0.0
20:26:57,0.0,0.0,0.0,0.0,0.0,0.0
20:26:57,0.0,0.0,0.0,0.0,0.0,0.0
20:26:58,0.0,0.0,0.0,0.0,0.0,0.0
20:26:58,0.0,0.0,0.0,0.0,0.0,0.0
20:26:58,0.0,0.0,0.0,0.0,0.0,0.0
20:26:58,0.0,0.0,0.0,0.0,0.0,0.0
20:26:58,0.0,0.0,0.0,0.0,0.0,0.0
20:26:58,0.0,0.0,0.0,0.0,0.0,0.0
20:26:58,0.0,0.0,0.0,0.0,0.0,0.0
20:26:58,0.0,0.0,0.0,0.0,0.0,0.0
20:26:59,0.0,0.0,0.0,0.0,0.0,0.0
20:26:59,0.0,0.0,0.0,0.0,0.0,0.0
20:26:59,0.0,0.0,0.0,0.0,0.0,0.0
20:26:59,0.0,0.0,0.0,0.0,0.0,0.0
20:26:59,0.0,0.0,0.0,0.0,0.0,0.0
20:26:59,0.0,0.0,0.0,0.0,0.0,0.0
20:26:59,0.0,0.0,0.0,0.0,0.0,0.0
20:27:00,0.0,0.0,0.0,0.0,0.0,0.0
20:27:00,0.0,0.0,0.0,0.0,0.0,0.0
20:27:00,0.0,0.0,0.0,0.0,0.0,0.0
20:27:00,0.0,0.0,0.0,0.0,0.0,0.0
20:27:00,0.0,0.0,0.0,0.0,0.0,0.0
20:27:00,0.0,0.0,0.0,0.0,0.0,0.0
20:27:00,0.0,0.0,0.0,0.0,0.0,0.0
20:27:00,0.0,0.0,0.0,0.0,0.0,0.0
20:27:01,0.0,0.0,0.0,0.0,0.0,0.0
20:27:01,0.0,0.0,0.0,0.0,0.0,0.0
20:27:01,0.0,0.0,0.0,0.0,0.0,0.0
20:27:01,0.0,0.0,0.0,0.0,0.0,0.0
20:27:01,0.0,0.0,0.0,0.0,0.0,0.0
20:27:01,0.0,0.0,0.0,0.0,0.0,0.0
20:27:01,0.0,0.0,0.0,0.0,0.0,0.0
20:27:01,0.0,0.0,0.0,0.0,0.0,0.0
20:27:01,0.0,0.0,0.0,0.0,0.0,0.0
20:27:02,0.0,0.0,0.0,0.0,0.0,0.0
20:27:02,0.0,0.0,0.0,0.0,0.0,0.0
20:27:02,0.0,0.0,0.0,0.0,0.0,0.0
20:27:02,0.0,0.0,0.0,0.0,0.0,0.0
20:27:02,0.0,0.0,0.0,0.0,0.0,0.0
20:27:02,0.0,0.0,0.0,0.0,0.0,0.0
20:27:02,0.0,0.0,0.0,0.0,0.0,0.0
20:27:02,0.0,0.0,0.0,0.0,0.0,0.0
20:27:03,0.0,0.0,0.0,0.0,0.0,0.0
20:27:03,0.0,0.0,0.0,0.0,0.0,0.0
20:27:03,0.0,0.0,0.0,0.0,0.0,0.0
20:27:03,0.0,0.0,0.0,0.0,0.0,0.0
20:27:03,0.0,0.0,0.0,0.0,0.0,0.0
20:27:03,0.0,0.0,0.0,0.0,0.0,0.0
20:27:03,0.0,0.0,0.0,0.0,0.0,0.0
20:27:03,0.0,0.0,0.0,0.0,0.0,0.0
20:27:03,0.0,0.0,0.0,0.0,0.0,0.0
20:27:04,0.0,0.0,0.0,0.0,0.0,0.0
20:27:04,0.0,0.0,0.0,0.0,0.0,0.0
20:27:04,0.0,0.0,0.0,0.0,0.0,0.0
20:27:04,0.0,0.0,0.0,0.0,0.0,0.0
20:27:04,0.0,0.0,0.0,0.0,0.0,0.0
20:27:04,0.0,0.0,0.0,0.0,0.0,0.0
20:27:04,0.0,0.0,0.0,0.0,0.0,0.0
20:27:04,0.0,0.0,0.0,0.0,0.0,0.0
20:27:04,0.0,0.0,0.0,0.0,0.0,0.0
20:27:05,0.0,0.0,0.0,0.0,0.0,0.0
20:27:05,0.0,0.0,0.0,0.0,0.0,0.0
20:27:05,0.0,0.0,0.0,0.0,0.0,0.0
20:27:05,0.0,0.0,0.0,0.0,0.0,0.0
20:27:05,0.0,0.0,0.0,0.0,0.0,0.0
20:27:05,0.0,0.0,0.0,0.0,0.0,0.0
20:27:05,0.0,0.0,0.0,0.0,0.0,0.0
20:27:05,0.0,0.0,0.0,0.0,0.0,0.0
20:27:05,0.0,0.0,0.0,0.0,0.0,0.0
20:27:06,0.0,0.0,0.0,0.0,0.0,0.0
20:27:06,0.0,0.0,0.0,0.0,0.0,0.0
20:27:06,0.0,0.0,0.0,0.0,0.0,0.0
20:27:06,0.0,0.0,0.0,0.0,0.0,0.0
20:27:06,0.0,0.0,0.0,0.0,0.0,0.0
20:27:06,0.0,0.0,0.0,0.0,0.0,0.0
20:27:06,0.0,0.0,0.0,0.0,0.0,0.0
20:27:06,0.0,0.0,0.0,0.0,0.0,0.0
20:27:06,0.0,0.0,0.0,0.0,0.0,0.0
20:27:07,0.0,0.0,0.0,0.0,0.0,0.0
20:27:07,0.0,0.0,0.0,0.0,0.0,0.0
20:27:07,0.0,0.0,0.0,0.0,0.0,0.0
20:27:07,0.0,0.0,0.0,0.0,0.0,0.0
20:27:07,0.0,0.0,0.0,0.0,0.0,0.0
20:27:07,0.0,0.0,0.0,0.0,0.0,0.0
20:27:07,0.0,0.0,0.0,0.0,0.0,0.0
20:27:07,0.0,0.0,0.0,0.0,0.0,0.0
20:27:07,0.0,0.0,0.0,0.0,0.0,0.0
20:27:08,0.0,0.0,0.0,0.0,0.0,0.0
20:27:08,0.0,0.0,0.0,0.0,0.0,0.0
20:27:08,0.0,0.0,0.0,0.0,0.0,0.0
20:27:08,0.0,0.0,0.0,0.0,0.0,0.0
20:27:08,0.0,0.0,0.0,0.0,0.0,0.0
20:27:08,0.0,0.0,0.0,0.0,0.0,0.0
20:27:08,0.0,0.0,0.0,0.0,0.0,0.0
20:27:08,0.0,0.0,0.0,0.0,0.0,0.0
20:27:09,0.0,0.0,0.0,0.0,0.0,0.0
20:27:09,0.0,0.0,0.0,0.0,0.0,0.0
20:27:09,0.0,0.0,0.0,0.0,0.0,0.0
20:27:09,0.0,0.0,0.0,0.0,0.0,0.0
20:27:09,0.0,0.0,0.0,0.0,0.0,0.0
20:27:09,0.0,0.0,0.0,0.0,0.0,0.0
20:27:09,0.0,0.0,0.0,0.0,0.0,0.0
20:27:09,0.0,0.0,0.0,0.0,0.0,0.0
20:27:10,0.0,0.0,0.0,0.0,0.0,0.0
20:27:10,0.0,0.0,0.0,0.0,0.0,0.0
20:27:10,0.0,0.0,0.0,0.0,0.0,0.0
20:27:10,0.0,0.0,0.0,0.0,0.0,0.0
20:27:10,0.0,0.0,0.0,0.0,0.0,0.0
20:27:10,0.0,0.0,0.0,0.0,0.0,0.0
20:27:10,0.0,0.0,0.0,0.0,0.0,0.0
20:27:11,0.0,0.0,0.0,0.0,0.0,0.0
20:27:11,0.0,0.0,0.0,0.0,0.0,0.0
20:27:11,0.0,0.0,0.0,0.0,0.0,0.0
20:27:11,0.0,0.0,0.0,0.0,0.0,0.0
20:27:11,0.0,0.0,0.0,0.0,0.0,0.0
20:27:11,0.0,0.0,0.0,0.0,0.0,0.0
20:27:11,0.0,0.0,0.0,0.0,0.0,0.0
20:27:11,0.0,0.0,0.0,0.0,0.0,0.0
20:27:12,0.0,0.0,0.0,0.0,0.0,0.0
20:27:12,0.0,0.0,0.0,0.0,0.0,0.0
20:27:12,0.0,0.0,0.0,0.0,0.0,0.0
20:27:12,0.0,0.0,0.0,0.0,0.0,0.0
20:27:12,0.0,0.0,0.0,0.0,0.0,0.0
20:27:12,0.0,0.0,0.0,0.0,0.0,0.0
20:27:12,0.0,0.0,0.0,0.0,0.0,0.0
20:27:12,0.0,0.0,0.0,0.0,0.0,0.0
20:27:13,0.0,0.0,0.0,0.0,0.0,0.0
20:27:13,0.0,0.0,0.0,0.0,0.0,0.0
20:27:13,0.0,0.0,0.0,0.0,0.0,0.0
20:27:13,0.0,0.0,0.0,0.0,0.0,0.0
20:27:13,0.0,0.0,0.0,0.0,0.0,0.0
20:27:13,0.0,0.0,0.0,0.0,0.0,0.0
20:27:13,0.0,0.0,0.0,0.0,0.0,0.0
20:27:13,0.0,0.0,0.0,0.0,0.0,0.0
20:27:14,0.0,0.0,0.0,0.0,0.0,0.0
20:27:14,0.0,0.0,0.0,0.0,0.0,0.0
20:27:14,0.0,0.0,0.0,0.0,0.0,0.0
20:27:14,0.0,0.0,0.0,0.0,0.0,0.0
20:27:14,0.0,0.0,0.0,0.0,0.0,0.0
20:27:14,0.0,0.0,0.0,0.0,0.0,0.0
20:27:14,0.0,0.0,0.0,0.0,0.0,0.0
20:27:14,0.0,0.0,0.0,0.0,0.0,0.0
20:27:14,0.0,0.0,0.0,0.0,0.0,0.0
20:27:15,0.0,0.0,0.0,0.0,0.0,0.0
20:27:15,0.0,0.0,0.0,0.0,0.0,0.0
20:27:15,0.0,0.0,0.0,0.0,0.0,0.0
20:27:15,0.0,0.0,0.0,0.0,0.0,0.0
20:27:15,0.0,0.0,0.0,0.0,0.0,0.0
20:27:15,0.0,0.0,0.0,0.0,0.0,0.0
20:27:15,0.0,0.0,0.0,0.0,0.0,0.0
20:27:15,0.0,0.0,0.0,0.0,0.0,0.0
20:27:15,0.0,0.0,0.0,0.0,0.0,0.0
20:27:16,0.0,0.0,0.0,0.0,0.0,0.0
20:27:16,0.0,0.0,0.0,0.0,0.0,0.0
20:27:16,0.0,0.0,0.0,0.0,0.0,0.0
20:27:16,0.0,0.0,0.0,0.0,0.0,0.0
20:27:16,0.0,0.0,0.0,0.0,0.0,0.0
20:27:16,0.0,0.0,0.0,0.0,0.0,0.0
20:27:16,0.0,0.0,0.0,0.0,0.0,0.0
20:27:16,0.0,0.0,0.0,0.0,0.0,0.0
20:27:16,0.0,0.0,0.0,0.0,0.0,0.0
20:27:17,0.0,0.0,0.0,0.0,0.0,0.0
20:27:17,0.0,0.0,0.0,0.0,0.0,0.0
20:27:17,0.0,0.0,0.0,0.0,0.0,0.0
20:27:17,0.0,0.0,0.0,0.0,0.0,0.0
20:27:17,0.0,0.0,0.0,0.0,0.0,0.0
20:27:17,0.0,0.0,0.0,0.0,0.0,0.0
20:27:17,0.0,0.0,0.0,0.0,0.0,0.0
20:27:17,0.0,0.0,0.0,0.0,0.0,0.0
20:27:17,0.0,0.0,0.0,0.0,0.0,0.0
20:27:18,0.0,0.0,0.0,0.0,0.0,0.0
20:27:18,0.0,0.0,0.0,0.0,0.0,0.0
20:27:18,0.0,0.0,0.0,0.0,0.0,0.0
20:27:18,0.0,0.0,0.0,0.0,0.0,0.0
20:27:18,0.0,0.0,0.0,0.0,0.0,0.0
20:27:18,0.0,0.0,0.0,0.0,0.0,0.0
20:27:18,0.0,0.0,0.0,0.0,0.0,0.0
20:27:18,0.0,0.0,0.0,0.0,0.0,0.0
20:27:18,0.0,0.0,0.0,0.0,0.0,0.0
20:27:19,0.0,0.0,0.0,0.0,0.0,0.0
20:27:19,0.0,0.0,0.0,0.0,0.0,0.0
20:27:19,0.0,0.0,0.0,0.0,0.0,0.0
20:27:19,0.0,0.0,0.0,0.0,0.0,0.0
20:27:19,0.0,0.0,0.0,0.0,0.0,0.0
20:27:19,0.0,0.0,0.0,0.0,0.0,0.0
20:27:19,0.0,0.0,0.0,0.0,0.0,0.0
20:27:19,0.0,0.0,0.0,0.0,0.0,0.0
20:27:19,0.0,0.0,0.0,0.0,0.0,0.0
20:27:20,0.0,0.0,0.0,0.0,0.0,0.0
20:27:20,0.0,0.0,0.0,0.0,0.0,0.0
20:27:20,0.0,0.0,0.0,0.0,0.0,0.0
20:27:20,0.0,0.0,0.0,0.0,0.0,0.0
20:27:20,0.0,0.0,0.0,0.0,0.0,0.0
20:27:20,0.0,0.0,0.0,0.0,0.0,0.0
20:27:20,0.0,0.0,0.0,0.0,0.0,0.0
20:27:20,0.0,0.0,0.0,0.0,0.0,0.0
20:27:20,0.0,0.0,0.0,0.0,0.0,0.0
20:27:21,0.0,0.0,0.0,0.0,0.0,0.0
20:27:21,0.0,0.0,0.0,0.0,0.0,0.0
20:27:21,0.0,0.0,0.0,0.0,0.0,0.0
20:27:21,0.0,0.0,0.0,0.0,0.0,0.0
20:27:21,0.0,0.0,0.0,0.0,0.0,0.0
20:27:21,0.0,0.0,0.0,0.0,0.0,0.0
20:27:21,0.0,0.0,0.0,0.0,0.0,0.0
20:27:21,0.0,0.0,0.0,0.0,0.0,0.0
20:27:21,0.0,0.0,0.0,0.0,0.0,0.0
20:27:22,0.0,0.0,0.0,0.0,0.0,0.0
20:27:22,0.0,0.0,0.0,0.0,0.0,0.0
20:27:22,0.0,0.0,0.0,0.0,0.0,0.0
20:27:22,0.0,0.0,0.0,0.0,0.0,0.0
20:27:22,0.0,0.0,0.0,0.0,0.0,0.0
20:27:22,0.0,0.0,0.0,0.0,0.0,0.0
20:27:22,0.0,0.0,0.0,0.0,0.0,0.0
20:27:22,0.0,0.0,0.0,0.0,0.0,0.0
20:27:22,0.0,0.0,0.0,0.0,0.0,0.0
20:27:23,0.0,0.0,0.0,0.0,0.0,0.0
20:27:23,0.0,0.0,0.0,0.0,0.0,0.0
20:27:23,0.0,0.0,0.0,0.0,0.0,0.0
20:27:23,0.0,0.0,0.0,0.0,0.0,0.0
20:27:23,0.0,0.0,0.0,0.0,0.0,0.0
20:27:23,0.0,0.0,0.0,0.0,0.0,0.0
20:27:23,0.0,0.0,0.0,0.0,0.0,0.0
20:27:23,0.0,0.0,0.0,0.0,0.0,0.0
20:27:24,0.0,0.0,0.0,0.0,0.0,0.0
20:27:24,0.0,0.0,0.0,0.0,0.0,0.0
20:27:24,0.0,0.0,0.0,0.0,0.0,0.0
20:27:24,0.0,0.0,0.0,0.0,0.0,0.0
20:27:24,0.0,0.0,0.0,0.0,0.0,0.0
20:27:24,0.0,0.0,0.0,0.0,0.0,0.0
20:27:24,0.0,0.0,0.0,0.0,0.0,0.0
20:27:24,0.0,0.0,0.0,0.0,0.0,0.0
20:27:25,0.0,0.0,0.0,0.0,0.0,0.0
20:27:25,0.0,0.0,0.0,0.0,0.0,0.0
20:27:25,0.0,0.0,0.0,0.0,0.0,0.0
20:27:25,0.0,0.0,0.0,0.0,0.0,0.0
20:27:25,0.0,0.0,0.0,0.0,0.0,0.0
20:27:25,0.0,0.0,0.0,0.0,0.0,0.0
20:27:25,0.0,0.0,0.0,0.0,0.0,0.0
20:27:25,0.0,0.0,0.0,0.0,0.0,0.0
20:27:25,0.0,0.0,0.0,0.0,0.0,0.0
20:27:26,0.0,0.0,0.0,0.0,0.0,0.0
20:27:26,0.0,0.0,0.0,0.0,0.0,0.0
20:27:26,0.0,0.0,0.0,0.0,0.0,0.0
20:27:26,0.0,0.0,0.0,0.0,0.0,0.0
20:27:26,0.0,0.0,0.0,0.0,0.0,0.0
20:27:26,0.0,0.0,0.0,0.0,0.0,0.0
20:27:26,0.0,0.0,0.0,0.0,0.0,0.0
20:27:26,0.0,0.0,0.0,0.0,0.0,0.0
20:27:26,0.0,0.0,0.0,0.0,0.0,0.0
20:27:27,0.0,0.0,0.0,0.0,0.0,0.0
20:27:27,0.0,0.0,0.0,0.0,0.0,0.0
20:27:27,0.0,0.0,0.0,0.0,0.0,0.0
20:27:27,0.0,0.0,0.0,0.0,0.0,0.0
20:27:27,0.0,0.0,0.0,0.0,0.0,0.0
20:27:27,0.0,0.0,0.0,0.0,0.0,0.0
20:27:27,0.0,0.0,0.0,0.0,0.0,0.0
20:27:27,0.0,0.0,0.0,0.0,0.0,0.0
20:27:27,0.0,0.0,0.0,0.0,0.0,0.0
20:27:28,0.0,0.0,0.0,0.0,0.0,0.0
20:27:28,0.0,0.0,0.0,0.0,0.0,0.0
20:27:28,0.0,0.0,0.0,0.0,0.0,0.0
20:27:28,0.0,0.0,0.0,0.0,0.0,0.0
20:27:28,0.0,0.0,0.0,0.0,0.0,0.0
20:27:28,0.0,0.0,0.0,0.0,0.0,0.0
20:27:28,0.0,0.0,0.0,0.0,0.0,0.0
20:27:28,0.0,0.0,0.0,0.0,0.0,0.0
20:27:28,0.0,0.0,0.0,0.0,0.0,0.0
20:27:29,0.0,0.0,0.0,0.0,0.0,0.0
20:27:29,0.0,0.0,0.0,0.0,0.0,0.0
20:27:29,0.0,0.0,0.0,0.0,0.0,0.0
20:27:29,0.0,0.0,0.0,0.0,0.0,0.0
20:27:29,0.0,0.0,0.0,0.0,0.0,0.0
20:27:29,0.0,0.0,0.0,0.0,0.0,0.0
20:27:29,0.0,0.0,0.0,0.0,0.0,0.0
20:27:29,0.0,0.0,0.0,0.0,0.0,0.0
20:27:30,0.0,0.0,0.0,0.0,0.0,0.0
20:27:30,0.0,0.0,0.0,0.0,0.0,0.0
20:27:30,0.0,0.0,0.0,0.0,0.0,0.0
20:27:30,0.0,0.0,0.0,0.0,0.0,0.0
20:27:30,0.0,0.0,0.0,0.0,0.0,0.0
20:27:30,0.0,0.0,0.0,0.0,0.0,0.0
20:27:30,0.0,0.0,0.0,0.0,0.0,0.0
20:27:30,0.0,0.0,0.0,0.0,0.0,0.0
20:27:31,0.0,0.0,0.0,0.0,0.0,0.0
20:27:31,0.0,0.0,0.0,0.0,0.0,0.0
20:27:31,0.0,0.0,0.0,0.0,0.0,0.0
20:27:31,0.0,0.0,0.0,0.0,0.0,0.0
20:27:31,0.0,0.0,0.0,0.0,0.0,0.0
20:27:31,0.0,0.0,0.0,0.0,0.0,0.0
20:27:31,0.0,0.0,0.0,0.0,0.0,0.0
20:27:31,0.0,0.0,0.0,0.0,0.0,0.0
20:27:32,0.0,0.0,0.0,0.0,0.0,0.0
20:27:32,0.0,0.0,0.0,0.0,0.0,0.0
20:27:32,0.0,0.0,0.0,0.0,0.0,0.0
20:27:32,0.0,0.0,0.0,0.0,0.0,0.0
20:27:32,0.0,0.0,0.0,0.0,0.0,0.0
20:27:32,0.0,0.0,0.0,0.0,0.0,0.0
20:27:32,0.0,0.0,0.0,0.0,0.0,0.0
20:27:32,0.0,0.0,0.0,0.0,0.0,0.0
20:27:32,0.0,0.0,0.0,0.0,0.0,0.0
20:27:33,0.0,0.0,0.0,0.0,0.0,0.0
20:27:33,0.0,0.0,0.0,0.0,0.0,0.0
20:27:33,0.0,0.0,0.0,0.0,0.0,0.0
20:27:33,0.0,0.0,0.0,0.0,0.0,0.0
20:27:33,0.0,0.0,0.0,0.0,0.0,0.0
20:27:33,0.0,0.0,0.0,0.0,0.0,0.0
20:27:33,0.0,0.0,0.0,0.0,0.0,0.0
20:27:33,0.0,0.0,0.0,0.0,0.0,0.0
20:27:33,0.0,0.0,0.0,0.0,0.0,0.0
20:27:34,0.0,0.0,0.0,0.0,0.0,0.0
20:27:34,0.0,0.0,0.0,0.0,0.0,0.0
20:27:34,0.0,0.0,0.0,0.0,0.0,0.0
20:27:34,0.0,0.0,0.0,0.0,0.0,0.0
20:27:34,0.0,0.0,0.0,0.0,0.0,0.0
20:27:34,0.0,0.0,0.0,0.0,0.0,0.0
20:27:34,0.0,0.0,0.0,0.0,0.0,0.0
20:27:34,0.0,0.0,0.0,0.0,0.0,0.0
20:27:34,0.0,0.0,0.0,0.0,0.0,0.0
20:27:35,0.0,0.0,0.0,0.0,0.0,0.0
20:27:35,0.0,0.0,0.0,0.0,0.0,0.0
20:27:35,0.0,0.0,0.0,0.0,0.0,0.0
20:27:35,0.0,0.0,0.0,0.0,0.0,0.0
20:27:35,0.0,0.0,0.0,0.0,0.0,0.0
20:27:35,0.0,0.0,0.0,0.0,0.0,0.0
20:27:35,0.0,0.0,0.0,0.0,0.0,0.0
20:27:35,0.0,0.0,0.0,0.0,0.0,0.0
20:27:36,0.0,0.0,0.0,0.0,0.0,0.0
20:27:36,0.0,0.0,0.0,0.0,0.0,0.0
20:27:36,0.0,0.0,0.0,0.0,0.0,0.0
20:27:36,0.0,0.0,0.0,0.0,0.0,0.0
20:27:36,0.0,0.0,0.0,0.0,0.0,0.0
20:27:36,0.0,0.0,0.0,0.0,0.0,0.0
20:27:36,0.0,0.0,0.0,0.0,0.0,0.0
20:27:36,0.0,0.0,0.0,0.0,0.0,0.0
20:27:37,0.0,0.0,0.0,0.0,0.0,0.0
20:27:37,0.0,0.0,0.0,0.0,0.0,0.0
20:27:37,0.0,0.0,0.0,0.0,0.0,0.0
20:27:37,0.0,0.0,0.0,0.0,0.0,0.0
20:27:37,0.0,0.0,0.0,0.0,0.0,0.0
20:27:37,0.0,0.0,0.0,0.0,0.0,0.0
20:27:37,0.0,0.0,0.0,0.0,0.0,0.0
20:27:37,0.0,0.0,0.0,0.0,0.0,0.0
20:27:37,0.0,0.0,0.0,0.0,0.0,0.0
20:27:38,0.0,0.0,0.0,0.0,0.0,0.0
20:27:38,0.0,0.0,0.0,0.0,0.0,0.0
20:27:38,0.0,0.0,0.0,0.0,0.0,0.0
20:27:38,0.0,0.0,0.0,0.0,0.0,0.0
20:27:38,0.0,0.0,0.0,0.0,0.0,0.0
20:27:38,0.0,0.0,0.0,0.0,0.0,0.0
20:27:38,0.0,0.0,0.0,0.0,0.0,0.0
20:27:38,0.0,0.0,0.0,0.0,0.0,0.0
20:27:38,0.0,0.0,0.0,0.0,0.0,0.0
20:27:39,0.0,0.0,0.0,0.0,0.0,0.0
20:27:39,0.0,0.0,0.0,0.0,0.0,0.0
20:27:39,0.0,0.0,0.0,0.0,0.0,0.0
20:27:39,0.0,0.0,0.0,0.0,0.0,0.0
20:27:39,0.0,0.0,0.0,0.0,0.0,0.0
20:27:39,0.0,0.0,0.0,0.0,0.0,0.0
20:27:39,0.0,0.0,0.0,0.0,0.0,0.0
20:27:39,0.0,0.0,0.0,0.0,0.0,0.0
20:27:39,0.0,0.0,0.0,0.0,0.0,0.0
20:27:40,0.0,0.0,0.0,0.0,0.0,0.0
20:27:40,0.0,0.0,0.0,0.0,0.0,0.0
20:27:40,0.0,0.0,0.0,0.0,0.0,0.0
20:27:40,0.0,0.0,0.0,0.0,0.0,0.0
20:27:40,0.0,0.0,0.0,0.0,0.0,0.0
20:27:40,0.0,0.0,0.0,0.0,0.0,0.0
20:27:40,0.0,0.0,0.0,0.0,0.0,0.0
20:27:40,0.0,0.0,0.0,0.0,0.0,0.0
20:27:40,0.0,0.0,0.0,0.0,0.0,0.0
20:27:41,0.0,0.0,0.0,0.0,0.0,0.0
20:27:41,0.0,0.0,0.0,0.0,0.0,0.0
20:27:41,0.0,0.0,0.0,0.0,0.0,0.0
20:27:41,0.0,0.0,0.0,0.0,0.0,0.0
20:27:41,0.0,0.0,0.0,0.0,0.0,0.0
20:27:41,0.0,0.0,0.0,0.0,0.0,0.0
20:27:41,0.0,0.0,0.0,0.0,0.0,0.0
20:27:41,0.0,0.0,0.0,0.0,0.0,0.0
20:27:41,0.0,0.0,0.0,0.0,0.0,0.0
20:27:42,0.0,0.0,0.0,0.0,0.0,0.0
20:27:42,0.0,0.0,0.0,0.0,0.0,0.0
20:27:42,0.0,0.0,0.0,0.0,0.0,0.0
20:27:42,0.0,0.0,0.0,0.0,0.0,0.0
20:27:42,0.0,0.0,0.0,0.0,0.0,0.0
20:27:42,0.0,0.0,0.0,0.0,0.0,0.0
20:27:42,0.0,0.0,0.0,0.0,0.0,0.0
20:27:42,0.0,0.0,0.0,0.0,0.0,0.0
20:27:42,0.0,0.0,0.0,0.0,0.0,0.0
20:27:43,0.0,0.0,0.0,0.0,0.0,0.0
20:27:43,0.0,0.0,0.0,0.0,0.0,0.0
20:27:43,0.0,0.0,0.0,0.0,0.0,0.0
20:27:43,0.0,0.0,0.0,0.0,0.0,0.0
20:27:43,0.0,0.0,0.0,0.0,0.0,0.0
20:27:43,0.0,0.0,0.0,0.0,0.0,0.0
20:27:43,0.0,0.0,0.0,0.0,0.0,0.0
20:27:43,0.0,0.0,0.0,0.0,0.0,0.0
20:27:44,0.0,0.0,0.0,0.0,0.0,0.0
20:27:44,0.0,0.0,0.0,0.0,0.0,0.0
20:27:44,0.0,0.0,0.0,0.0,0.0,0.0
20:27:44,0.0,0.0,0.0,0.0,0.0,0.0
20:27:44,0.0,0.0,0.0,0.0,0.0,0.0
20:27:44,0.0,0.0,0.0,0.0,0.0,0.0
20:27:44,0.0,0.0,0.0,0.0,0.0,0.0
20:27:44,0.0,0.0,0.0,0.0,0.0,0.0
20:27:44,0.0,0.0,0.0,0.0,0.0,0.0
20:27:44,0.0,0.0,0.0,0.0,0.0,0.0
20:27:45,0.0,0.0,0.0,0.0,0.0,0.0
20:27:45,0.0,0.0,0.0,0.0,0.0,0.0
20:27:45,0.0,0.0,0.0,0.0,0.0,0.0
20:27:45,0.0,0.0,0.0,0.0,0.0,0.0
20:27:45,0.0,0.0,0.0,0.0,0.0,0.0
20:27:45,0.0,0.0,0.0,0.0,0.0,0.0
20:27:45,0.0,0.0,0.0,0.0,0.0,0.0
20:27:45,0.0,0.0,0.0,0.0,0.0,0.0
20:27:45,0.0,0.0,0.0,0.0,0.0,0.0
20:27:46,0.0,0.0,0.0,0.0,0.0,0.0
20:27:46,0.0,0.0,0.0,0.0,0.0,0.0
20:27:46,0.0,0.0,0.0,0.0,0.0,0.0
20:27:46,0.0,0.0,0.0,0.0,0.0,0.0
20:27:46,0.0,0.0,0.0,0.0,0.0,0.0
20:27:46,0.0,0.0,0.0,0.0,0.0,0.0
20:27:46,0.0,0.0,0.0,0.0,0.0,0.0
20:27:46,0.0,0.0,0.0,0.0,0.0,0.0
20:27:47,0.0,0.0,0.0,0.0,0.0,0.0
20:27:47,0.0,0.0,0.0,0.0,0.0,0.0
20:27:47,0.0,0.0,0.0,0.0,0.0,0.0
20:27:47,0.0,0.0,0.0,0.0,0.0,0.0
20:27:47,0.0,0.0,0.0,0.0,0.0,0.0
20:27:47,0.0,0.0,0.0,0.0,0.0,0.0
20:27:47,0.0,0.0,0.0,0.0,0.0,0.0
20:27:47,0.0,0.0,0.0,0.0,0.0,0.0
20:27:47,0.0,0.0,0.0,0.0,0.0,0.0
20:27:48,0.0,0.0,0.0,0.0,0.0,0.0
20:27:48,0.0,0.0,0.0,0.0,0.0,0.0
20:27:48,0.0,0.0,0.0,0.0,0.0,0.0
20:27:48,0.0,0.0,0.0,0.0,0.0,0.0
20:27:48,0.0,0.0,0.0,0.0,0.0,0.0
20:27:48,0.0,0.0,0.0,0.0,0.0,0.0
20:27:48,0.0,0.0,0.0,0.0,0.0,0.0
20:27:48,0.0,0.0,0.0,0.0,0.0,0.0
20:27:49,0.0,0.0,0.0,0.0,0.0,0.0
20:27:49,0.0,0.0,0.0,0.0,0.0,0.0
20:27:49,0.0,0.0,0.0,0.0,0.0,0.0
20:27:49,0.0,0.0,0.0,0.0,0.0,0.0
20:27:49,0.0,0.0,0.0,0.0,0.0,0.0
20:27:49,0.0,0.0,0.0,0.0,0.0,0.0
20:27:49,0.0,0.0,0.0,0.0,0.0,0.0
20:27:49,0.0,0.0,0.0,0.0,0.0,0.0
20:27:49,0.0,0.0,0.0,0.0,0.0,0.0
20:27:50,0.0,0.0,0.0,0.0,0.0,0.0
20:27:50,0.0,0.0,0.0,0.0,0.0,0.0
20:27:50,0.0,0.0,0.0,0.0,0.0,0.0
20:27:50,0.0,0.0,0.0,0.0,0.0,0.0
20:27:50,0.0,0.0,0.0,0.0,0.0,0.0
20:27:50,0.0,0.0,0.0,0.0,0.0,0.0
20:27:50,0.0,0.0,0.0,0.0,0.0,0.0
20:27:50,0.0,0.0,0.0,0.0,0.0,0.0
20:27:50,0.0,0.0,0.0,0.0,0.0,0.0
20:27:51,0.0,0.0,0.0,0.0,0.0,0.0
20:27:51,0.0,0.0,0.0,0.0,0.0,0.0
20:27:51,0.0,0.0,0.0,0.0,0.0,0.0
20:27:51,0.0,0.0,0.0,0.0,0.0,0.0
20:27:51,0.0,0.0,0.0,0.0,0.0,0.0
20:27:51,0.0,0.0,0.0,0.0,0.0,0.0
20:27:51,0.0,0.0,0.0,0.0,0.0,0.0
20:27:51,0.0,0.0,0.0,0.0,0.0,0.0
20:27:51,0.0,0.0,0.0,0.0,0.0,0.0
20:27:52,0.0,0.0,0.0,0.0,0.0,0.0
20:27:52,0.0,0.0,0.0,0.0,0.0,0.0
20:27:52,0.0,0.0,0.0,0.0,0.0,0.0
20:27:52,0.0,0.0,0.0,0.0,0.0,0.0
20:27:52,0.0,0.0,0.0,0.0,0.0,0.0
20:27:52,0.0,0.0,0.0,0.0,0.0,0.0
20:27:52,0.0,0.0,0.0,0.0,0.0,0.0
20:27:52,0.0,0.0,0.0,0.0,0.0,0.0
20:27:52,0.0,0.0,0.0,0.0,0.0,0.0
20:27:53,0.0,0.0,0.0,0.0,0.0,0.0
20:27:53,0.0,0.0,0.0,0.0,0.0,0.0
20:27:53,0.0,0.0,0.0,0.0,0.0,0.0
20:27:53,0.0,0.0,0.0,0.0,0.0,0.0
20:27:53,0.0,0.0,0.0,0.0,0.0,0.0
20:27:53,0.0,0.0,0.0,0.0,0.0,0.0
20:27:53,0.0,0.0,0.0,0.0,0.0,0.0
20:27:53,0.0,0.0,0.0,0.0,0.0,0.0
20:27:53,0.0,0.0,0.0,0.0,0.0,0.0
20:27:54,0.0,0.0,0.0,0.0,0.0,0.0
20:27:54,0.0,0.0,0.0,0.0,0.0,0.0
20:27:54,0.0,0.0,0.0,0.0,0.0,0.0
20:27:54,0.0,0.0,0.0,0.0,0.0,0.0
20:27:54,0.0,0.0,0.0,0.0,0.0,0.0
20:27:54,0.0,0.0,0.0,0.0,0.0,0.0
20:27:54,0.0,0.0,0.0,0.0,0.0,0.0
20:27:54,0.0,0.0,0.0,0.0,0.0,0.0
20:27:54,0.0,0.0,0.0,0.0,0.0,0.0
20:27:55,0.0,0.0,0.0,0.0,0.0,0.0
20:27:55,0.0,0.0,0.0,0.0,0.0,0.0
20:27:55,0.0,0.0,0.0,0.0,0.0,0.0
20:27:55,0.0,0.0,0.0,0.0,0.0,0.0
20:27:55,0.0,0.0,0.0,0.0,0.0,0.0
20:27:55,0.0,0.0,0.0,0.0,0.0,0.0
20:27:55,0.0,0.0,0.0,0.0,0.0,0.0
20:27:55,0.0,0.0,0.0,0.0,0.0,0.0
20:27:55,0.0,0.0,0.0,0.0,0.0,0.0
20:27:56,0.0,0.0,0.0,0.0,0.0,0.0
20:27:56,0.0,0.0,0.0,0.0,0.0,0.0
20:27:56,0.0,0.0,0.0,0.0,0.0,0.0
20:27:56,0.0,0.0,0.0,0.0,0.0,0.0
20:27:56,0.0,0.0,0.0,0.0,0.0,0.0
20:27:56,0.0,0.0,0.0,0.0,0.0,0.0
20:27:56,0.0,0.0,0.0,0.0,0.0,0.0
20:27:56,0.0,0.0,0.0,0.0,0.0,0.0
20:27:56,0.0,0.0,0.0,0.0,0.0,0.0
20:27:57,0.0,0.0,0.0,0.0,0.0,0.0
20:27:57,0.0,0.0,0.0,0.0,0.0,0.0
20:27:57,0.0,0.0,0.0,0.0,0.0,0.0
20:27:57,0.0,0.0,0.0,0.0,0.0,0.0
20:27:57,0.0,0.0,0.0,0.0,0.0,0.0
20:27:57,0.0,0.0,0.0,0.0,0.0,0.0
20:27:57,0.0,0.0,0.0,0.0,0.0,0.0
20:27:57,0.0,0.0,0.0,0.0,0.0,0.0
20:27:57,0.0,0.0,0.0,0.0,0.0,0.0
20:27:58,0.0,0.0,0.0,0.0,0.0,0.0
20:27:58,0.0,0.0,0.0,0.0,0.0,0.0
20:27:58,0.0,0.0,0.0,0.0,0.0,0.0
20:27:58,0.0,0.0,0.0,0.0,0.0,0.0
20:27:58,0.0,0.0,0.0,0.0,0.0,0.0
20:27:58,0.0,0.0,0.0,0.0,0.0,0.0
20:27:58,0.0,0.0,0.0,0.0,0.0,0.0
20:27:58,0.0,0.0,0.0,0.0,0.0,0.0
20:27:58,0.0,0.0,0.0,0.0,0.0,0.0
20:27:59,0.0,0.0,0.0,0.0,0.0,0.0
20:27:59,0.0,0.0,0.0,0.0,0.0,0.0
20:27:59,0.0,0.0,0.0,0.0,0.0,0.0
20:27:59,0.0,0.0,0.0,0.0,0.0,0.0
20:27:59,0.0,0.0,0.0,0.0,0.0,0.0
20:27:59,0.0,0.0,0.0,0.0,0.0,0.0
20:27:59,0.0,0.0,0.0,0.0,0.0,0.0
20:27:59,0.0,0.0,0.0,0.0,0.0,0.0
20:28:00,0.0,0.0,0.0,0.0,0.0,0.0
20:28:00,0.0,0.0,0.0,0.0,0.0,0.0
20:28:00,0.0,0.0,0.0,0.0,0.0,0.0
20:28:00,0.0,0.0,0.0,0.0,0.0,0.0
20:28:00,0.0,0.0,0.0,0.0,0.0,0.0
20:28:00,0.0,0.0,0.0,0.0,0.0,0.0
20:28:00,0.0,0.0,0.0,0.0,0.0,0.0
20:28:00,0.0,0.0,0.0,0.0,0.0,0.0
20:28:01,0.0,0.0,0.0,0.0,0.0,0.0
20:28:01,0.0,0.0,0.0,0.0,0.0,0.0
20:28:01,0.0,0.0,0.0,0.0,0.0,0.0
20:28:01,0.0,0.0,0.0,0.0,0.0,0.0
20:28:01,0.0,0.0,0.0,0.0,0.0,0.0
20:28:01,0.0,0.0,0.0,0.0,0.0,0.0
20:28:01,0.0,0.0,0.0,0.0,0.0,0.0
20:28:01,0.0,0.0,0.0,0.0,0.0,0.0
20:28:02,0.0,0.0,0.0,0.0,0.0,0.0
20:28:02,0.0,0.0,0.0,0.0,0.0,0.0
20:28:02,0.0,0.0,0.0,0.0,0.0,0.0
20:28:02,0.0,0.0,0.0,0.0,0.0,0.0
20:28:02,0.0,0.0,0.0,0.0,0.0,0.0
20:28:02,0.0,0.0,0.0,0.0,0.0,0.0
20:28:02,0.0,0.0,0.0,0.0,0.0,0.0
20:28:02,0.0,0.0,0.0,0.0,0.0,0.0
20:28:02,0.0,0.0,0.0,0.0,0.0,0.0
20:28:03,0.0,0.0,0.0,0.0,0.0,0.0
20:28:03,0.0,0.0,0.0,0.0,0.0,0.0
20:28:03,0.0,0.0,0.0,0.0,0.0,0.0
20:28:03,0.0,0.0,0.0,0.0,0.0,0.0
20:28:03,0.0,0.0,0.0,0.0,0.0,0.0
20:28:03,0.0,0.0,0.0,0.0,0.0,0.0
20:28:03,0.0,0.0,0.0,0.0,0.0,0.0
20:28:03,0.0,0.0,0.0,0.0,0.0,0.0
20:28:04,0.0,0.0,0.0,0.0,0.0,0.0
20:28:04,0.0,0.0,0.0,0.0,0.0,0.0
20:28:04,0.0,0.0,0.0,0.0,0.0,0.0
20:28:04,0.0,0.0,0.0,0.0,0.0,0.0
20:28:04,0.0,0.0,0.0,0.0,0.0,0.0
20:28:04,0.0,0.0,0.0,0.0,0.0,0.0
20:28:04,0.0,0.0,0.0,0.0,0.0,0.0
20:28:04,0.0,0.0,0.0,0.0,0.0,0.0
20:28:05,0.0,0.0,0.0,0.0,0.0,0.0
20:28:05,0.0,0.0,0.0,0.0,0.0,0.0
20:28:05,0.0,0.0,0.0,0.0,0.0,0.0
20:28:05,0.0,0.0,0.0,0.0,0.0,0.0
20:28:05,0.0,0.0,0.0,0.0,0.0,0.0
20:28:05,0.0,0.0,0.0,0.0,0.0,0.0
20:28:05,0.0,0.0,0.0,0.0,0.0,0.0
20:28:05,0.0,0.0,0.0,0.0,0.0,0.0
20:28:06,0.0,0.0,0.0,0.0,0.0,0.0
20:28:06,0.0,0.0,0.0,0.0,0.0,0.0
20:28:06,0.0,0.0,0.0,0.0,0.0,0.0
20:28:06,0.0,0.0,0.0,0.0,0.0,0.0
20:28:06,0.0,0.0,0.0,0.0,0.0,0.0
20:28:06,0.0,0.0,0.0,0.0,0.0,0.0
20:28:06,0.0,0.0,0.0,0.0,0.0,0.0
20:28:06,0.0,0.0,0.0,0.0,0.0,0.0
20:28:06,0.0,0.0,0.0,0.0,0.0,0.0
20:28:07,0.0,0.0,0.0,0.0,0.0,0.0
20:28:07,0.0,0.0,0.0,0.0,0.0,0.0
20:28:07,0.0,0.0,0.0,0.0,0.0,0.0
20:28:07,0.0,0.0,0.0,0.0,0.0,0.0
20:28:07,0.0,0.0,0.0,0.0,0.0,0.0
20:28:07,0.0,0.0,0.0,0.0,0.0,0.0
20:28:07,0.0,0.0,0.0,0.0,0.0,0.0
20:28:07,0.0,0.0,0.0,0.0,0.0,0.0
20:28:08,0.0,0.0,0.0,0.0,0.0,0.0
20:28:08,0.0,0.0,0.0,0.0,0.0,0.0
20:28:08,0.0,0.0,0.0,0.0,0.0,0.0
20:28:08,0.0,0.0,0.0,0.0,0.0,0.0
20:28:08,0.0,0.0,0.0,0.0,0.0,0.0
20:28:08,0.0,0.0,0.0,0.0,0.0,0.0
20:28:08,0.0,0.0,0.0,0.0,0.0,0.0
20:28:08,0.0,0.0,0.0,0.0,0.0,0.0
20:28:08,0.0,0.0,0.0,0.0,0.0,0.0
20:28:09,0.0,0.0,0.0,0.0,0.0,0.0
20:28:09,0.0,0.0,0.0,0.0,0.0,0.0
20:28:09,0.0,0.0,0.0,0.0,0.0,0.0
20:28:09,0.0,0.0,0.0,0.0,0.0,0.0
20:28:09,0.0,0.0,0.0,0.0,0.0,0.0
20:28:09,0.0,0.0,0.0,0.0,0.0,0.0
20:28:09,0.0,0.0,0.0,0.0,0.0,0.0
20:28:09,0.0,0.0,0.0,0.0,0.0,0.0
20:28:09,0.0,0.0,0.0,0.0,0.0,0.0
20:28:10,0.0,0.0,0.0,0.0,0.0,0.0
20:28:10,0.0,0.0,0.0,0.0,0.0,0.0
20:28:10,0.0,0.0,0.0,0.0,0.0,0.0
20:28:10,0.0,0.0,0.0,0.0,0.0,0.0
20:28:10,0.0,0.0,0.0,0.0,0.0,0.0
20:28:10,0.0,0.0,0.0,0.0,0.0,0.0
20:28:10,0.0,0.0,0.0,0.0,0.0,0.0
20:28:10,0.0,0.0,0.0,0.0,0.0,0.0
20:28:10,0.0,0.0,0.0,0.0,0.0,0.0
20:28:11,0.0,0.0,0.0,0.0,0.0,0.0
20:28:11,0.0,0.0,0.0,0.0,0.0,0.0
20:28:11,0.0,0.0,0.0,0.0,0.0,0.0
20:28:11,0.0,0.0,0.0,0.0,0.0,0.0
20:28:11,0.0,0.0,0.0,0.0,0.0,0.0
20:28:11,0.0,0.0,0.0,0.0,0.0,0.0
20:28:11,0.0,0.0,0.0,0.0,0.0,0.0
20:28:11,0.0,0.0,0.0,0.0,0.0,0.0
20:28:11,0.0,0.0,0.0,0.0,0.0,0.0
20:28:12,0.0,0.0,0.0,0.0,0.0,0.0
20:28:12,0.0,0.0,0.0,0.0,0.0,0.0
20:28:12,0.0,0.0,0.0,0.0,0.0,0.0
20:28:12,0.0,0.0,0.0,0.0,0.0,0.0
20:28:12,0.0,0.0,0.0,0.0,0.0,0.0
20:28:12,0.0,0.0,0.0,0.0,0.0,0.0
20:28:12,0.0,0.0,0.0,0.0,0.0,0.0
20:28:12,0.0,0.0,0.0,0.0,0.0,0.0
20:28:13,0.0,0.0,0.0,0.0,0.0,0.0
20:28:13,0.0,0.0,0.0,0.0,0.0,0.0
20:28:13,0.0,0.0,0.0,0.0,0.0,0.0
20:28:13,0.0,0.0,0.0,0.0,0.0,0.0
20:28:13,0.0,0.0,0.0,0.0,0.0,0.0
20:28:13,0.0,0.0,0.0,0.0,0.0,0.0
20:28:13,0.0,0.0,0.0,0.0,0.0,0.0
20:28:13,0.0,0.0,0.0,0.0,0.0,0.0
20:28:13,0.0,0.0,0.0,0.0,0.0,0.0
20:28:14,0.0,0.0,0.0,0.0,0.0,0.0
20:28:14,0.0,0.0,0.0,0.0,0.0,0.0
20:28:14,0.0,0.0,0.0,0.0,0.0,0.0
20:28:14,0.0,0.0,0.0,0.0,0.0,0.0
20:28:14,0.0,0.0,0.0,0.0,0.0,0.0
20:28:14,0.0,0.0,0.0,0.0,0.0,0.0
20:28:14,0.0,0.0,0.0,0.0,0.0,0.0
20:28:14,0.0,0.0,0.0,0.0,0.0,0.0
20:28:14,0.0,0.0,0.0,0.0,0.0,0.0
20:28:15,0.0,0.0,0.0,0.0,0.0,0.0
20:28:15,0.0,0.0,0.0,0.0,0.0,0.0
20:28:15,0.0,0.0,0.0,0.0,0.0,0.0
20:28:15,0.0,0.0,0.0,0.0,0.0,0.0
20:28:15,0.0,0.0,0.0,0.0,0.0,0.0
20:28:15,0.0,0.0,0.0,0.0,0.0,0.0
20:28:15,0.0,0.0,0.0,0.0,0.0,0.0
20:28:15,0.0,0.0,0.0,0.0,0.0,0.0
20:28:15,0.0,0.0,0.0,0.0,0.0,0.0
20:28:16,0.0,0.0,0.0,0.0,0.0,0.0
20:28:16,0.0,0.0,0.0,0.0,0.0,0.0
20:28:16,0.0,0.0,0.0,0.0,0.0,0.0
20:28:16,0.0,0.0,0.0,0.0,0.0,0.0
20:28:16,0.0,0.0,0.0,0.0,0.0,0.0
20:28:16,0.0,0.0,0.0,0.0,0.0,0.0
20:28:16,0.0,0.0,0.0,0.0,0.0,0.0
20:28:16,0.0,0.0,0.0,0.0,0.0,0.0
20:28:16,0.0,0.0,0.0,0.0,0.0,0.0
20:28:17,0.0,0.0,0.0,0.0,0.0,0.0
20:28:17,0.0,0.0,0.0,0.0,0.0,0.0
20:28:17,0.0,0.0,0.0,0.0,0.0,0.0
20:28:17,0.0,0.0,0.0,0.0,0.0,0.0
20:28:17,0.0,0.0,0.0,0.0,0.0,0.0
20:28:17,0.0,0.0,0.0,0.0,0.0,0.0
20:28:17,0.0,0.0,0.0,0.0,0.0,0.0
20:28:17,0.0,0.0,0.0,0.0,0.0,0.0
20:28:17,0.0,0.0,0.0,0.0,0.0,0.0
20:28:18,0.0,0.0,0.0,0.0,0.0,0.0
20:28:18,0.0,0.0,0.0,0.0,0.0,0.0
20:28:18,0.0,0.0,0.0,0.0,0.0,0.0
20:28:18,0.0,0.0,0.0,0.0,0.0,0.0
20:28:18,0.0,0.0,0.0,0.0,0.0,0.0
20:28:18,0.0,0.0,0.0,0.0,0.0,0.0
20:28:18,0.0,0.0,0.0,0.0,0.0,0.0
20:28:18,0.0,0.0,0.0,0.0,0.0,0.0
20:28:18,0.0,0.0,0.0,0.0,0.0,0.0
20:28:19,0.0,0.0,0.0,0.0,0.0,0.0
20:28:19,0.0,0.0,0.0,0.0,0.0,0.0
20:28:19,0.0,0.0,0.0,0.0,0.0,0.0
20:28:19,0.0,0.0,0.0,0.0,0.0,0.0
20:28:19,0.0,0.0,0.0,0.0,0.0,0.0
20:28:19,0.0,0.0,0.0,0.0,0.0,0.0
20:28:19,0.0,0.0,0.0,0.0,0.0,0.0
20:28:19,0.0,0.0,0.0,0.0,0.0,0.0
20:28:19,0.0,0.0,0.0,0.0,0.0,0.0
20:28:20,0.0,0.0,0.0,0.0,0.0,0.0
20:28:20,0.0,0.0,0.0,0.0,0.0,0.0
20:28:20,0.0,0.0,0.0,0.0,0.0,0.0
20:28:20,0.0,0.0,0.0,0.0,0.0,0.0
20:28:20,0.0,0.0,0.0,0.0,0.0,0.0
20:28:20,0.0,0.0,0.0,0.0,0.0,0.0
20:28:20,0.0,0.0,0.0,0.0,0.0,0.0
20:28:20,0.0,0.0,0.0,0.0,0.0,0.0
20:28:20,0.0,0.0,0.0,0.0,0.0,0.0
20:28:21,0.0,0.0,0.0,0.0,0.0,0.0
20:28:21,0.0,0.0,0.0,0.0,0.0,0.0
20:28:21,0.0,0.0,0.0,0.0,0.0,0.0
20:28:21,0.0,0.0,0.0,0.0,0.0,0.0
20:28:21,0.0,0.0,0.0,0.0,0.0,0.0
20:28:21,0.0,0.0,0.0,0.0,0.0,0.0
20:28:21,0.0,0.0,0.0,0.0,0.0,0.0
20:28:21,0.0,0.0,0.0,0.0,0.0,0.0
20:28:21,0.0,0.0,0.0,0.0,0.0,0.0
20:28:22,0.0,0.0,0.0,0.0,0.0,0.0
20:28:22,0.0,0.0,0.0,0.0,0.0,0.0
20:28:22,0.0,0.0,0.0,0.0,0.0,0.0
20:28:22,0.0,0.0,0.0,0.0,0.0,0.0
20:28:22,0.0,0.0,0.0,0.0,0.0,0.0
20:28:22,0.0,0.0,0.0,0.0,0.0,0.0
20:28:22,0.0,0.0,0.0,0.0,0.0,0.0
20:28:22,0.0,0.0,0.0,0.0,0.0,0.0
20:28:22,0.0,0.0,0.0,0.0,0.0,0.0
20:28:23,0.0,0.0,0.0,0.0,0.0,0.0
20:28:23,0.0,0.0,0.0,0.0,0.0,0.0
20:28:23,0.0,0.0,0.0,0.0,0.0,0.0
20:28:23,0.0,0.0,0.0,0.0,0.0,0.0
20:28:23,0.0,0.0,0.0,0.0,0.0,0.0
20:28:23,0.0,0.0,0.0,0.0,0.0,0.0
20:28:23,0.0,0.0,0.0,0.0,0.0,0.0
20:28:23,0.0,0.0,0.0,0.0,0.0,0.0
20:28:24,0.0,0.0,0.0,0.0,0.0,0.0
20:28:24,0.0,0.0,0.0,0.0,0.0,0.0
20:28:24,0.0,0.0,0.0,0.0,0.0,0.0
20:28:24,0.0,0.0,0.0,0.0,0.0,0.0
20:28:24,0.0,0.0,0.0,0.0,0.0,0.0
20:28:24,0.0,0.0,0.0,0.0,0.0,0.0
20:28:24,0.0,0.0,0.0,0.0,0.0,0.0
20:28:24,0.0,0.0,0.0,0.0,0.0,0.0
20:28:24,0.0,0.0,0.0,0.0,0.0,0.0
20:28:25,0.0,0.0,0.0,0.0,0.0,0.0
20:28:25,0.0,0.0,0.0,0.0,0.0,0.0
20:28:25,0.0,0.0,0.0,0.0,0.0,0.0
20:28:25,0.0,0.0,0.0,0.0,0.0,0.0
20:28:25,0.0,0.0,0.0,0.0,0.0,0.0
20:28:25,0.0,0.0,0.0,0.0,0.0,0.0
20:28:25,0.0,0.0,0.0,0.0,0.0,0.0
20:28:25,0.0,0.0,0.0,0.0,0.0,0.0
20:28:26,0.0,0.0,0.0,0.0,0.0,0.0
20:28:26,0.0,0.0,0.0,0.0,0.0,0.0
20:28:26,0.0,0.0,0.0,0.0,0.0,0.0
20:28:26,0.0,0.0,0.0,0.0,0.0,0.0
20:28:26,0.0,0.0,0.0,0.0,0.0,0.0
20:28:26,0.0,0.0,0.0,0.0,0.0,0.0
20:28:26,0.0,0.0,0.0,0.0,0.0,0.0
20:28:26,0.0,0.0,0.0,0.0,0.0,0.0
20:28:26,0.0,0.0,0.0,0.0,0.0,0.0
20:28:27,0.0,0.0,0.0,0.0,0.0,0.0
20:28:27,0.0,0.0,0.0,0.0,0.0,0.0
20:28:27,0.0,0.0,0.0,0.0,0.0,0.0
20:28:27,0.0,0.0,0.0,0.0,0.0,0.0
20:28:27,0.0,0.0,0.0,0.0,0.0,0.0
20:28:27,0.0,0.0,0.0,0.0,0.0,0.0
20:28:27,0.0,0.0,0.0,0.0,0.0,0.0
20:28:27,0.0,0.0,0.0,0.0,0.0,0.0
20:28:27,0.0,0.0,0.0,0.0,0.0,0.0
20:28:28,0.0,0.0,0.0,0.0,0.0,0.0
20:28:28,0.0,0.0,0.0,0.0,0.0,0.0
20:28:28,0.0,0.0,0.0,0.0,0.0,0.0
20:28:28,0.0,0.0,0.0,0.0,0.0,0.0
20:28:28,0.0,0.0,0.0,0.0,0.0,0.0
20:28:28,0.0,0.0,0.0,0.0,0.0,0.0
20:28:28,0.0,0.0,0.0,0.0,0.0,0.0
20:28:28,0.0,0.0,0.0,0.0,0.0,0.0
20:28:28,0.0,0.0,0.0,0.0,0.0,0.0
20:28:29,0.0,0.0,0.0,0.0,0.0,0.0
20:28:29,0.0,0.0,0.0,0.0,0.0,0.0
20:28:29,0.0,0.0,0.0,0.0,0.0,0.0
20:28:29,0.0,0.0,0.0,0.0,0.0,0.0
20:28:29,0.0,0.0,0.0,0.0,0.0,0.0
20:28:29,0.0,0.0,0.0,0.0,0.0,0.0
20:28:29,0.0,0.0,0.0,0.0,0.0,0.0
20:28:29,0.0,0.0,0.0,0.0,0.0,0.0
20:28:29,0.0,0.0,0.0,0.0,0.0,0.0
20:28:30,0.0,0.0,0.0,0.0,0.0,0.0
20:28:30,0.0,0.0,0.0,0.0,0.0,0.0
20:28:30,0.0,0.0,0.0,0.0,0.0,0.0
20:28:30,0.0,0.0,0.0,0.0,0.0,0.0
20:28:30,0.0,0.0,0.0,0.0,0.0,0.0
20:28:30,0.0,0.0,0.0,0.0,0.0,0.0
20:28:30,0.0,0.0,0.0,0.0,0.0,0.0
20:28:30,0.0,0.0,0.0,0.0,0.0,0.0
20:28:30,0.0,0.0,0.0,0.0,0.0,0.0
20:28:31,0.0,0.0,0.0,0.0,0.0,0.0
20:28:31,0.0,0.0,0.0,0.0,0.0,0.0
20:28:31,0.0,0.0,0.0,0.0,0.0,0.0
20:28:31,0.0,0.0,0.0,0.0,0.0,0.0
20:28:31,0.0,0.0,0.0,0.0,0.0,0.0
20:28:31,0.0,0.0,0.0,0.0,0.0,0.0
20:28:31,0.0,0.0,0.0,0.0,0.0,0.0
20:28:31,0.0,0.0,0.0,0.0,0.0,0.0
20:28:31,0.0,0.0,0.0,0.0,0.0,0.0
20:28:32,0.0,0.0,0.0,0.0,0.0,0.0
20:28:32,0.0,0.0,0.0,0.0,0.0,0.0
20:28:32,0.0,0.0,0.0,0.0,0.0,0.0
20:28:32,0.0,0.0,0.0,0.0,0.0,0.0
20:28:32,0.0,0.0,0.0,0.0,0.0,0.0
20:28:32,0.0,0.0,0.0,0.0,0.0,0.0
20:28:32,0.0,0.0,0.0,0.0,0.0,0.0
20:28:32,0.0,0.0,0.0,0.0,0.0,0.0
20:28:32,0.0,0.0,0.0,0.0,0.0,0.0
20:28:33,0.0,0.0,0.0,0.0,0.0,0.0
20:28:33,0.0,0.0,0.0,0.0,0.0,0.0
20:28:33,0.0,0.0,0.0,0.0,0.0,0.0
20:28:33,0.0,0.0,0.0,0.0,0.0,0.0
20:28:33,0.0,0.0,0.0,0.0,0.0,0.0
20:28:33,0.0,0.0,0.0,0.0,0.0,0.0
20:28:33,0.0,0.0,0.0,0.0,0.0,0.0
20:28:33,0.0,0.0,0.0,0.0,0.0,0.0
20:28:33,0.0,0.0,0.0,0.0,0.0,0.0
20:28:34,0.0,0.0,0.0,0.0,0.0,0.0
20:28:34,0.0,0.0,0.0,0.0,0.0,0.0
20:28:34,0.0,0.0,0.0,0.0,0.0,0.0
20:28:34,0.0,0.0,0.0,0.0,0.0,0.0
20:28:34,0.0,0.0,0.0,0.0,0.0,0.0
20:28:34,0.0,0.0,0.0,0.0,0.0,0.0
20:28:34,0.0,0.0,0.0,0.0,0.0,0.0
20:28:34,0.0,0.0,0.0,0.0,0.0,0.0
20:28:34,0.0,0.0,0.0,0.0,0.0,0.0
20:28:35,0.0,0.0,0.0,0.0,0.0,0.0
20:28:35,0.0,0.0,0.0,0.0,0.0,0.0
20:28:35,0.0,0.0,0.0,0.0,0.0,0.0
20:28:35,0.0,0.0,0.0,0.0,0.0,0.0
20:28:35,0.0,0.0,0.0,0.0,0.0,0.0
20:28:35,0.0,0.0,0.0,0.0,0.0,0.0
20:28:35,0.0,0.0,0.0,0.0,0.0,0.0
20:28:35,0.0,0.0,0.0,0.0,0.0,0.0
20:28:36,0.0,0.0,0.0,0.0,0.0,0.0
20:28:36,0.0,0.0,0.0,0.0,0.0,0.0
20:28:36,0.0,0.0,0.0,0.0,0.0,0.0
20:28:36,0.0,0.0,0.0,0.0,0.0,0.0
20:28:36,0.0,0.0,0.0,0.0,0.0,0.0
20:28:36,0.0,0.0,0.0,0.0,0.0,0.0
20:28:36,0.0,0.0,0.0,0.0,0.0,0.0
20:28:36,0.0,0.0,0.0,0.0,0.0,0.0
20:28:37,0.0,0.0,0.0,0.0,0.0,0.0
20:28:37,0.0,0.0,0.0,0.0,0.0,0.0
20:28:37,0.0,0.0,0.0,0.0,0.0,0.0
20:28:37,0.0,0.0,0.0,0.0,0.0,0.0
20:28:37,0.0,0.0,0.0,0.0,0.0,0.0
20:28:37,0.0,0.0,0.0,0.0,0.0,0.0
20:28:37,0.0,0.0,0.0,0.0,0.0,0.0
20:28:37,0.0,0.0,0.0,0.0,0.0,0.0
20:28:38,0.0,0.0,0.0,0.0,0.0,0.0
20:28:38,0.0,0.0,0.0,0.0,0.0,0.0
20:28:38,0.0,0.0,0.0,0.0,0.0,0.0
20:28:38,0.0,0.0,0.0,0.0,0.0,0.0
20:28:38,0.0,0.0,0.0,0.0,0.0,0.0
20:28:38,0.0,0.0,0.0,0.0,0.0,0.0
20:28:38,0.0,0.0,0.0,0.0,0.0,0.0
20:28:38,0.0,0.0,0.0,0.0,0.0,0.0
20:28:38,0.0,0.0,0.0,0.0,0.0,0.0
20:28:39,0.0,0.0,0.0,0.0,0.0,0.0
20:28:39,0.0,0.0,0.0,0.0,0.0,0.0
20:28:39,0.0,0.0,0.0,0.0,0.0,0.0
20:28:39,0.0,0.0,0.0,0.0,0.0,0.0
20:28:39,0.0,0.0,0.0,0.0,0.0,0.0
20:28:39,0.0,0.0,0.0,0.0,0.0,0.0
20:28:39,0.0,0.0,0.0,0.0,0.0,0.0
20:28:39,0.0,0.0,0.0,0.0,0.0,0.0
20:28:39,0.0,0.0,0.0,0.0,0.0,0.0
20:28:40,0.0,0.0,0.0,0.0,0.0,0.0
20:28:40,0.0,0.0,0.0,0.0,0.0,0.0
20:28:40,0.0,0.0,0.0,0.0,0.0,0.0
20:28:40,0.0,0.0,0.0,0.0,0.0,0.0
20:28:40,0.0,0.0,0.0,0.0,0.0,0.0
20:28:40,0.0,0.0,0.0,0.0,0.0,0.0
20:28:40,0.0,0.0,0.0,0.0,0.0,0.0
20:28:40,0.0,0.0,0.0,0.0,0.0,0.0
20:28:40,0.0,0.0,0.0,0.0,0.0,0.0
20:28:41,0.0,0.0,0.0,0.0,0.0,0.0
20:28:41,0.0,0.0,0.0,0.0,0.0,0.0
20:28:41,0.0,0.0,0.0,0.0,0.0,0.0
20:28:41,0.0,0.0,0.0,0.0,0.0,0.0
20:28:41,0.0,0.0,0.0,0.0,0.0,0.0
20:28:41,0.0,0.0,0.0,0.0,0.0,0.0
20:28:41,0.0,0.0,0.0,0.0,0.0,0.0
20:28:41,0.0,0.0,0.0,0.0,0.0,0.0
20:28:41,0.0,0.0,0.0,0.0,0.0,0.0
20:28:42,0.0,0.0,0.0,0.0,0.0,0.0
20:28:42,0.0,0.0,0.0,0.0,0.0,0.0
20:28:42,0.0,0.0,0.0,0.0,0.0,0.0
20:28:42,0.0,0.0,0.0,0.0,0.0,0.0
20:28:42,0.0,0.0,0.0,0.0,0.0,0.0
20:28:42,0.0,0.0,0.0,0.0,0.0,0.0
20:28:42,0.0,0.0,0.0,0.0,0.0,0.0
20:28:42,0.0,0.0,0.0,0.0,0.0,0.0
20:28:42,0.0,0.0,0.0,0.0,0.0,0.0
20:28:43,0.0,0.0,0.0,0.0,0.0,0.0
20:28:43,0.0,0.0,0.0,0.0,0.0,0.0
20:28:43,0.0,0.0,0.0,0.0,0.0,0.0
20:28:43,0.0,0.0,0.0,0.0,0.0,0.0
20:28:43,0.0,0.0,0.0,0.0,0.0,0.0
20:28:43,0.0,0.0,0.0,0.0,0.0,0.0
20:28:43,0.0,0.0,0.0,0.0,0.0,0.0
20:28:43,0.0,0.0,0.0,0.0,0.0,0.0
20:28:43,0.0,0.0,0.0,0.0,0.0,0.0
20:28:44,0.0,0.0,0.0,0.0,0.0,0.0
20:28:44,0.0,0.0,0.0,0.0,0.0,0.0
20:28:44,0.0,0.0,0.0,0.0,0.0,0.0
20:28:44,0.0,0.0,0.0,0.0,0.0,0.0
20:28:44,0.0,0.0,0.0,0.0,0.0,0.0
20:28:44,0.0,0.0,0.0,0.0,0.0,0.0
20:28:44,0.0,0.0,0.0,0.0,0.0,0.0
20:28:44,0.0,0.0,0.0,0.0,0.0,0.0
20:28:44,0.0,0.0,0.0,0.0,0.0,0.0
20:28:45,0.0,0.0,0.0,0.0,0.0,0.0
20:28:45,0.0,0.0,0.0,0.0,0.0,0.0
20:28:45,0.0,0.0,0.0,0.0,0.0,0.0
20:28:45,0.0,0.0,0.0,0.0,0.0,0.0
20:28:45,0.0,0.0,0.0,0.0,0.0,0.0
20:28:45,0.0,0.0,0.0,0.0,0.0,0.0
20:28:45,0.0,0.0,0.0,0.0,0.0,0.0
20:28:45,0.0,0.0,0.0,0.0,0.0,0.0
20:28:45,0.0,0.0,0.0,0.0,0.0,0.0
20:28:46,0.0,0.0,0.0,0.0,0.0,0.0
20:28:46,0.0,0.0,0.0,0.0,0.0,0.0
20:28:46,0.0,0.0,0.0,0.0,0.0,0.0
20:28:46,0.0,0.0,0.0,0.0,0.0,0.0
20:28:46,0.0,0.0,0.0,0.0,0.0,0.0
20:28:46,0.0,0.0,0.0,0.0,0.0,0.0
20:28:46,0.0,0.0,0.0,0.0,0.0,0.0
20:28:46,0.0,0.0,0.0,0.0,0.0,0.0
20:28:46,0.0,0.0,0.0,0.0,0.0,0.0
20:28:47,0.0,0.0,0.0,0.0,0.0,0.0
20:28:47,0.0,0.0,0.0,0.0,0.0,0.0
20:28:47,0.0,0.0,0.0,0.0,0.0,0.0
20:28:47,0.0,0.0,0.0,0.0,0.0,0.0
20:28:47,0.0,0.0,0.0,0.0,0.0,0.0
20:28:47,0.0,0.0,0.0,0.0,0.0,0.0
20:28:47,0.0,0.0,0.0,0.0,0.0,0.0
20:28:47,0.0,0.0,0.0,0.0,0.0,0.0
20:28:47,0.0,0.0,0.0,0.0,0.0,0.0
20:28:48,0.0,0.0,0.0,0.0,0.0,0.0
20:28:48,0.0,0.0,0.0,0.0,0.0,0.0
20:28:48,0.0,0.0,0.0,0.0,0.0,0.0
20:28:48,0.0,0.0,0.0,0.0,0.0,0.0
20:28:48,0.0,0.0,0.0,0.0,0.0,0.0
20:28:48,0.0,0.0,0.0,0.0,0.0,0.0
20:28:48,0.0,0.0,0.0,0.0,0.0,0.0
20:28:48,0.0,0.0,0.0,0.0,0.0,0.0
20:28:49,0.0,0.0,0.0,0.0,0.0,0.0
20:28:49,0.0,0.0,0.0,0.0,0.0,0.0
20:28:49,0.0,0.0,0.0,0.0,0.0,0.0
20:28:49,0.0,0.0,0.0,0.0,0.0,0.0
20:28:49,0.0,0.0,0.0,0.0,0.0,0.0
20:28:49,0.0,0.0,0.0,0.0,0.0,0.0
20:28:49,0.0,0.0,0.0,0.0,0.0,0.0
20:28:49,0.0,0.0,0.0,0.0,0.0,0.0
20:28:50,0.0,0.0,0.0,0.0,0.0,0.0
20:28:50,0.0,0.0,0.0,0.0,0.0,0.0
20:28:50,0.0,0.0,0.0,0.0,0.0,0.0
20:28:50,0.0,0.0,0.0,0.0,0.0,0.0
20:28:50,0.0,0.0,0.0,0.0,0.0,0.0
20:28:50,0.0,0.0,0.0,0.0,0.0,0.0
20:28:50,0.0,0.0,0.0,0.0,0.0,0.0
20:28:50,0.0,0.0,0.0,0.0,0.0,0.0
20:28:50,0.0,0.0,0.0,0.0,0.0,0.0
20:28:51,0.0,0.0,0.0,0.0,0.0,0.0
20:28:51,0.0,0.0,0.0,0.0,0.0,0.0
20:28:51,0.0,0.0,0.0,0.0,0.0,0.0
20:28:51,0.0,0.0,0.0,0.0,0.0,0.0
20:28:51,0.0,0.0,0.0,0.0,0.0,0.0
20:28:51,0.0,0.0,0.0,0.0,0.0,0.0
20:28:51,0.0,0.0,0.0,0.0,0.0,0.0
20:28:51,0.0,0.0,0.0,0.0,0.0,0.0
20:28:51,0.0,0.0,0.0,0.0,0.0,0.0
20:28:52,0.0,0.0,0.0,0.0,0.0,0.0
20:28:52,0.0,0.0,0.0,0.0,0.0,0.0
20:28:52,0.0,0.0,0.0,0.0,0.0,0.0
20:28:52,0.0,0.0,0.0,0.0,0.0,0.0
20:28:52,0.0,0.0,0.0,0.0,0.0,0.0
20:28:52,0.0,0.0,0.0,0.0,0.0,0.0
20:28:52,0.0,0.0,0.0,0.0,0.0,0.0
20:28:52,0.0,0.0,0.0,0.0,0.0,0.0
20:28:52,0.0,0.0,0.0,0.0,0.0,0.0
20:28:53,0.0,0.0,0.0,0.0,0.0,0.0
20:28:53,0.0,0.0,0.0,0.0,0.0,0.0
20:28:53,0.0,0.0,0.0,0.0,0.0,0.0
20:28:53,0.0,0.0,0.0,0.0,0.0,0.0
20:28:53,0.0,0.0,0.0,0.0,0.0,0.0
20:28:53,0.0,0.0,0.0,0.0,0.0,0.0
20:28:53,0.0,0.0,0.0,0.0,0.0,0.0
20:28:53,0.0,0.0,0.0,0.0,0.0,0.0
20:28:53,0.0,0.0,0.0,0.0,0.0,0.0
20:28:54,0.0,0.0,0.0,0.0,0.0,0.0
20:28:54,0.0,0.0,0.0,0.0,0.0,0.0
20:28:54,0.0,0.0,0.0,0.0,0.0,0.0
20:28:54,0.0,0.0,0.0,0.0,0.0,0.0
20:28:54,0.0,0.0,0.0,0.0,0.0,0.0
20:28:54,0.0,0.0,0.0,0.0,0.0,0.0
20:28:54,0.0,0.0,0.0,0.0,0.0,0.0
20:28:54,0.0,0.0,0.0,0.0,0.0,0.0
20:28:54,0.0,0.0,0.0,0.0,0.0,0.0
20:28:55,0.0,0.0,0.0,0.0,0.0,0.0
20:28:55,0.0,0.0,0.0,0.0,0.0,0.0
20:28:55,0.0,0.0,0.0,0.0,0.0,0.0
20:28:55,0.0,0.0,0.0,0.0,0.0,0.0
20:28:55,0.0,0.0,0.0,0.0,0.0,0.0
20:28:55,0.0,0.0,0.0,0.0,0.0,0.0
20:28:55,0.0,0.0,0.0,0.0,0.0,0.0
20:28:55,0.0,0.0,0.0,0.0,0.0,0.0
20:28:55,0.0,0.0,0.0,0.0,0.0,0.0
20:28:56,0.0,0.0,0.0,0.0,0.0,0.0
20:28:56,0.0,0.0,0.0,0.0,0.0,0.0
20:28:56,0.0,0.0,0.0,0.0,0.0,0.0
20:28:56,0.0,0.0,0.0,0.0,0.0,0.0
20:28:56,0.0,0.0,0.0,0.0,0.0,0.0
20:28:56,0.0,0.0,0.0,0.0,0.0,0.0
20:28:56,0.0,0.0,0.0,0.0,0.0,0.0
20:28:56,0.0,0.0,0.0,0.0,0.0,0.0
20:28:56,0.0,0.0,0.0,0.0,0.0,0.0
20:28:57,0.0,0.0,0.0,0.0,0.0,0.0
20:28:57,0.0,0.0,0.0,0.0,0.0,0.0
20:28:57,0.0,0.0,0.0,0.0,0.0,0.0
20:28:57,0.0,0.0,0.0,0.0,0.0,0.0
20:28:57,0.0,0.0,0.0,0.0,0.0,0.0
20:28:57,0.0,0.0,0.0,0.0,0.0,0.0
20:28:57,0.0,0.0,0.0,0.0,0.0,0.0
20:28:57,0.0,0.0,0.0,0.0,0.0,0.0
20:28:57,0.0,0.0,0.0,0.0,0.0,0.0
20:28:58,0.0,0.0,0.0,0.0,0.0,0.0
20:28:58,0.0,0.0,0.0,0.0,0.0,0.0
20:28:58,0.0,0.0,0.0,0.0,0.0,0.0
20:28:58,0.0,0.0,0.0,0.0,0.0,0.0
20:28:58,0.0,0.0,0.0,0.0,0.0,0.0
20:28:58,0.0,0.0,0.0,0.0,0.0,0.0
20:28:58,0.0,0.0,0.0,0.0,0.0,0.0
20:28:58,0.0,0.0,0.0,0.0,0.0,0.0
20:28:58,0.0,0.0,0.0,0.0,0.0,0.0
20:28:59,0.0,0.0,0.0,0.0,0.0,0.0
20:28:59,0.0,0.0,0.0,0.0,0.0,0.0
20:28:59,0.0,0.0,0.0,0.0,0.0,0.0
20:28:59,0.0,0.0,0.0,0.0,0.0,0.0
20:28:59,0.0,0.0,0.0,0.0,0.0,0.0
20:28:59,0.0,0.0,0.0,0.0,0.0,0.0
20:28:59,0.0,0.0,0.0,0.0,0.0,0.0
20:28:59,0.0,0.0,0.0,0.0,0.0,0.0
20:28:59,0.0,0.0,0.0,0.0,0.0,0.0
20:29:00,0.0,0.0,0.0,0.0,0.0,0.0
20:29:00,0.0,0.0,0.0,0.0,0.0,0.0
20:29:00,0.0,0.0,0.0,0.0,0.0,0.0
20:29:00,0.0,0.0,0.0,0.0,0.0,0.0
20:29:00,0.0,0.0,0.0,0.0,0.0,0.0
20:29:00,0.0,0.0,0.0,0.0,0.0,0.0
20:29:00,0.0,0.0,0.0,0.0,0.0,0.0
20:29:00,0.0,0.0,0.0,0.0,0.0,0.0
20:29:01,0.0,0.0,0.0,0.0,0.0,0.0
20:29:01,0.0,0.0,0.0,0.0,0.0,0.0
20:29:01,0.0,0.0,0.0,0.0,0.0,0.0
20:29:01,0.0,0.0,0.0,0.0,0.0,0.0
20:29:01,0.0,0.0,0.0,0.0,0.0,0.0
20:29:01,0.0,0.0,0.0,0.0,0.0,0.0
20:29:01,0.0,0.0,0.0,0.0,0.0,0.0
20:29:01,0.0,0.0,0.0,0.0,0.0,0.0
20:29:02,0.0,0.0,0.0,0.0,0.0,0.0
20:29:02,0.0,0.0,0.0,0.0,0.0,0.0
20:29:02,0.0,0.0,0.0,0.0,0.0,0.0
20:29:02,0.0,0.0,0.0,0.0,0.0,0.0
20:29:02,0.0,0.0,0.0,0.0,0.0,0.0
20:29:02,0.0,0.0,0.0,0.0,0.0,0.0
20:29:02,0.0,0.0,0.0,0.0,0.0,0.0
20:29:02,0.0,0.0,0.0,0.0,0.0,0.0
20:29:02,0.0,0.0,0.0,0.0,0.0,0.0
20:29:03,0.0,0.0,0.0,0.0,0.0,0.0
20:29:03,0.0,0.0,0.0,0.0,0.0,0.0
20:29:03,0.0,0.0,0.0,0.0,0.0,0.0
20:29:03,0.0,0.0,0.0,0.0,0.0,0.0
20:29:03,0.0,0.0,0.0,0.0,0.0,0.0
20:29:03,0.0,0.0,0.0,0.0,0.0,0.0
20:29:03,0.0,0.0,0.0,0.0,0.0,0.0
20:29:03,0.0,0.0,0.0,0.0,0.0,0.0
20:29:04,0.0,0.0,0.0,0.0,0.0,0.0
20:29:04,0.0,0.0,0.0,0.0,0.0,0.0
20:29:04,0.0,0.0,0.0,0.0,0.0,0.0
20:29:04,0.0,0.0,0.0,0.0,0.0,0.0
20:29:04,0.0,0.0,0.0,0.0,0.0,0.0
20:29:04,0.0,0.0,0.0,0.0,0.0,0.0
20:29:04,0.0,0.0,0.0,0.0,0.0,0.0
20:29:04,0.0,0.0,0.0,0.0,0.0,0.0
20:29:04,0.0,0.0,0.0,0.0,0.0,0.0
20:29:05,0.0,0.0,0.0,0.0,0.0,0.0
20:29:05,0.0,0.0,0.0,0.0,0.0,0.0
20:29:05,0.0,0.0,0.0,0.0,0.0,0.0
20:29:05,0.0,0.0,0.0,0.0,0.0,0.0
20:29:05,0.0,0.0,0.0,0.0,0.0,0.0
20:29:05,0.0,0.0,0.0,0.0,0.0,0.0
20:29:05,0.0,0.0,0.0,0.0,0.0,0.0
20:29:05,0.0,0.0,0.0,0.0,0.0,0.0
20:29:06,0.0,0.0,0.0,0.0,0.0,0.0
20:29:06,0.0,0.0,0.0,0.0,0.0,0.0
20:29:06,0.0,0.0,0.0,0.0,0.0,0.0
20:29:06,0.0,0.0,0.0,0.0,0.0,0.0
20:29:06,0.0,0.0,0.0,0.0,0.0,0.0
20:29:06,0.0,0.0,0.0,0.0,0.0,0.0
20:29:06,0.0,0.0,0.0,0.0,0.0,0.0
20:29:06,0.0,0.0,0.0,0.0,0.0,0.0
20:29:07,0.0,0.0,0.0,0.0,0.0,0.0
20:29:07,0.0,0.0,0.0,0.0,0.0,0.0
20:29:07,0.0,0.0,0.0,0.0,0.0,0.0
20:29:07,0.0,0.0,0.0,0.0,0.0,0.0
20:29:07,0.0,0.0,0.0,0.0,0.0,0.0
20:29:07,0.0,0.0,0.0,0.0,0.0,0.0
20:29:07,0.0,0.0,0.0,0.0,0.0,0.0
20:29:07,0.0,0.0,0.0,0.0,0.0,0.0
20:29:07,0.0,0.0,0.0,0.0,0.0,0.0
20:29:08,0.0,0.0,0.0,0.0,0.0,0.0
20:29:08,0.0,0.0,0.0,0.0,0.0,0.0
20:29:08,0.0,0.0,0.0,0.0,0.0,0.0
20:29:08,0.0,0.0,0.0,0.0,0.0,0.0
20:29:08,0.0,0.0,0.0,0.0,0.0,0.0
20:29:08,0.0,0.0,0.0,0.0,0.0,0.0
20:29:08,0.0,0.0,0.0,0.0,0.0,0.0
20:29:08,0.0,0.0,0.0,0.0,0.0,0.0
20:29:08,0.0,0.0,0.0,0.0,0.0,0.0
20:29:09,0.0,0.0,0.0,0.0,0.0,0.0
20:29:09,0.0,0.0,0.0,0.0,0.0,0.0
20:29:09,0.0,0.0,0.0,0.0,0.0,0.0
20:29:09,0.0,0.0,0.0,0.0,0.0,0.0
20:29:09,0.0,0.0,0.0,0.0,0.0,0.0
20:29:09,0.0,0.0,0.0,0.0,0.0,0.0
20:29:09,0.0,0.0,0.0,0.0,0.0,0.0
20:29:09,0.0,0.0,0.0,0.0,0.0,0.0
20:29:09,0.0,0.0,0.0,0.0,0.0,0.0
20:29:10,0.0,0.0,0.0,0.0,0.0,0.0
20:29:10,0.0,0.0,0.0,0.0,0.0,0.0
20:29:10,0.0,0.0,0.0,0.0,0.0,0.0
20:29:10,0.0,0.0,0.0,0.0,0.0,0.0
20:29:10,0.0,0.0,0.0,0.0,0.0,0.0
20:29:10,0.0,0.0,0.0,0.0,0.0,0.0
20:29:10,0.0,0.0,0.0,0.0,0.0,0.0
20:29:10,0.0,0.0,0.0,0.0,0.0,0.0
20:29:10,0.0,0.0,0.0,0.0,0.0,0.0
20:29:11,0.0,0.0,0.0,0.0,0.0,0.0
20:29:11,0.0,0.0,0.0,0.0,0.0,0.0
20:29:11,0.0,0.0,0.0,0.0,0.0,0.0
20:29:11,0.0,0.0,0.0,0.0,0.0,0.0
20:29:11,0.0,0.0,0.0,0.0,0.0,0.0
20:29:11,0.0,0.0,0.0,0.0,0.0,0.0
20:29:11,0.0,0.0,0.0,0.0,0.0,0.0
20:29:11,0.0,0.0,0.0,0.0,0.0,0.0
20:29:12,0.0,0.0,0.0,0.0,0.0,0.0
20:29:12,0.0,0.0,0.0,0.0,0.0,0.0
20:29:12,0.0,0.0,0.0,0.0,0.0,0.0
20:29:12,0.0,0.0,0.0,0.0,0.0,0.0
20:29:12,0.0,0.0,0.0,0.0,0.0,0.0
20:29:12,0.0,0.0,0.0,0.0,0.0,0.0
20:29:12,0.0,0.0,0.0,0.0,0.0,0.0
20:29:12,0.0,0.0,0.0,0.0,0.0,0.0
20:29:13,0.0,0.0,0.0,0.0,0.0,0.0
20:29:13,0.0,0.0,0.0,0.0,0.0,0.0
20:29:13,0.0,0.0,0.0,0.0,0.0,0.0
20:29:13,0.0,0.0,0.0,0.0,0.0,0.0
20:29:13,0.0,0.0,0.0,0.0,0.0,0.0
20:29:13,0.0,0.0,0.0,0.0,0.0,0.0
20:29:13,0.0,0.0,0.0,0.0,0.0,0.0
20:29:13,0.0,0.0,0.0,0.0,0.0,0.0
20:29:13,0.0,0.0,0.0,0.0,0.0,0.0
20:29:14,0.0,0.0,0.0,0.0,0.0,0.0
20:29:14,0.0,0.0,0.0,0.0,0.0,0.0
20:29:14,0.0,0.0,0.0,0.0,0.0,0.0
20:29:14,0.0,0.0,0.0,0.0,0.0,0.0
20:29:14,0.0,0.0,0.0,0.0,0.0,0.0
20:29:14,0.0,0.0,0.0,0.0,0.0,0.0
20:29:14,0.0,0.0,0.0,0.0,0.0,0.0
20:29:14,0.0,0.0,0.0,0.0,0.0,0.0
20:29:14,0.0,0.0,0.0,0.0,0.0,0.0
20:29:15,0.0,0.0,0.0,0.0,0.0,0.0
20:29:15,0.0,0.0,0.0,0.0,0.0,0.0
20:29:15,0.0,0.0,0.0,0.0,0.0,0.0
20:29:15,0.0,0.0,0.0,0.0,0.0,0.0
20:29:15,0.0,0.0,0.0,0.0,0.0,0.0
20:29:15,0.0,0.0,0.0,0.0,0.0,0.0
20:29:15,0.0,0.0,0.0,0.0,0.0,0.0
20:29:15,0.0,0.0,0.0,0.0,0.0,0.0
20:29:16,0.0,0.0,0.0,0.0,0.0,0.0
20:29:16,0.0,0.0,0.0,0.0,0.0,0.0
20:29:16,0.0,0.0,0.0,0.0,0.0,0.0
20:29:16,0.0,0.0,0.0,0.0,0.0,0.0
20:29:16,0.0,0.0,0.0,0.0,0.0,0.0
20:29:16,0.0,0.0,0.0,0.0,0.0,0.0
20:29:16,0.0,0.0,0.0,0.0,0.0,0.0
20:29:16,0.0,0.0,0.0,0.0,0.0,0.0
20:29:16,0.0,0.0,0.0,0.0,0.0,0.0
20:29:17,0.0,0.0,0.0,0.0,0.0,0.0
20:29:17,0.0,0.0,0.0,0.0,0.0,0.0
20:29:17,0.0,0.0,0.0,0.0,0.0,0.0
20:29:17,0.0,0.0,0.0,0.0,0.0,0.0
20:29:17,0.0,0.0,0.0,0.0,0.0,0.0
20:29:17,0.0,0.0,0.0,0.0,0.0,0.0
20:29:17,0.0,0.0,0.0,0.0,0.0,0.0
20:29:17,0.0,0.0,0.0,0.0,0.0,0.0
20:29:17,0.0,0.0,0.0,0.0,0.0,0.0
20:29:18,0.0,0.0,0.0,0.0,0.0,0.0
20:29:18,0.0,0.0,0.0,0.0,0.0,0.0
20:29:18,0.0,0.0,0.0,0.0,0.0,0.0
20:29:18,0.0,0.0,0.0,0.0,0.0,0.0
20:29:18,0.0,0.0,0.0,0.0,0.0,0.0
20:29:18,0.0,0.0,0.0,0.0,0.0,0.0
20:29:18,0.0,0.0,0.0,0.0,0.0,0.0
20:29:18,0.0,0.0,0.0,0.0,0.0,0.0
20:29:18,0.0,0.0,0.0,0.0,0.0,0.0
20:29:19,0.0,0.0,0.0,0.0,0.0,0.0
20:29:19,0.0,0.0,0.0,0.0,0.0,0.0
20:29:19,0.0,0.0,0.0,0.0,0.0,0.0
20:29:19,0.0,0.0,0.0,0.0,0.0,0.0
20:29:19,0.0,0.0,0.0,0.0,0.0,0.0
20:29:19,0.0,0.0,0.0,0.0,0.0,0.0
20:29:19,0.0,0.0,0.0,0.0,0.0,0.0
20:29:19,0.0,0.0,0.0,0.0,0.0,0.0
20:29:19,0.0,0.0,0.0,0.0,0.0,0.0
20:29:20,0.0,0.0,0.0,0.0,0.0,0.0
20:29:20,0.0,0.0,0.0,0.0,0.0,0.0
20:29:20,0.0,0.0,0.0,0.0,0.0,0.0
20:29:20,0.0,0.0,0.0,0.0,0.0,0.0
20:29:20,0.0,0.0,0.0,0.0,0.0,0.0
20:29:20,0.0,0.0,0.0,0.0,0.0,0.0
20:29:20,0.0,0.0,0.0,0.0,0.0,0.0
20:29:20,0.0,0.0,0.0,0.0,0.0,0.0
20:29:20,0.0,0.0,0.0,0.0,0.0,0.0
20:29:21,0.0,0.0,0.0,0.0,0.0,0.0
20:29:21,0.0,0.0,0.0,0.0,0.0,0.0
20:29:21,0.0,0.0,0.0,0.0,0.0,0.0
20:29:21,0.0,0.0,0.0,0.0,0.0,0.0
20:29:21,0.0,0.0,0.0,0.0,0.0,0.0
20:29:21,0.0,0.0,0.0,0.0,0.0,0.0
20:29:21,0.0,0.0,0.0,0.0,0.0,0.0
20:29:21,0.0,0.0,0.0,0.0,0.0,0.0
20:29:21,0.0,0.0,0.0,0.0,0.0,0.0
20:29:22,0.0,0.0,0.0,0.0,0.0,0.0
20:29:22,0.0,0.0,0.0,0.0,0.0,0.0
20:29:22,0.0,0.0,0.0,0.0,0.0,0.0
20:29:22,0.0,0.0,0.0,0.0,0.0,0.0
20:29:22,0.0,0.0,0.0,0.0,0.0,0.0
20:29:22,0.0,0.0,0.0,0.0,0.0,0.0
20:29:22,0.0,0.0,0.0,0.0,0.0,0.0
20:29:22,0.0,0.0,0.0,0.0,0.0,0.0
20:29:22,0.0,0.0,0.0,0.0,0.0,0.0
20:29:23,0.0,0.0,0.0,0.0,0.0,0.0
20:29:23,0.0,0.0,0.0,0.0,0.0,0.0
20:29:23,0.0,0.0,0.0,0.0,0.0,0.0
20:29:23,0.0,0.0,0.0,0.0,0.0,0.0
20:29:23,0.0,0.0,0.0,0.0,0.0,0.0
20:29:23,0.0,0.0,0.0,0.0,0.0,0.0
20:29:23,0.0,0.0,0.0,0.0,0.0,0.0
20:29:23,0.0,0.0,0.0,0.0,0.0,0.0
20:29:23,0.0,0.0,0.0,0.0,0.0,0.0
20:29:24,0.0,0.0,0.0,0.0,0.0,0.0
20:29:24,0.0,0.0,0.0,0.0,0.0,0.0
20:29:24,0.0,0.0,0.0,0.0,0.0,0.0
20:29:24,0.0,0.0,0.0,0.0,0.0,0.0
20:29:24,0.0,0.0,0.0,0.0,0.0,0.0
20:29:24,0.0,0.0,0.0,0.0,0.0,0.0
20:29:24,0.0,0.0,0.0,0.0,0.0,0.0
20:29:24,0.0,0.0,0.0,0.0,0.0,0.0
20:29:24,0.0,0.0,0.0,0.0,0.0,0.0
20:29:25,0.0,0.0,0.0,0.0,0.0,0.0
20:29:25,0.0,0.0,0.0,0.0,0.0,0.0
20:29:25,0.0,0.0,0.0,0.0,0.0,0.0
20:29:25,0.0,0.0,0.0,0.0,0.0,0.0
20:29:25,0.0,0.0,0.0,0.0,0.0,0.0
20:29:25,0.0,0.0,0.0,0.0,0.0,0.0
20:29:25,0.0,0.0,0.0,0.0,0.0,0.0
20:29:25,0.0,0.0,0.0,0.0,0.0,0.0
20:29:26,0.0,0.0,0.0,0.0,0.0,0.0
20:29:26,0.0,0.0,0.0,0.0,0.0,0.0
20:29:26,0.0,0.0,0.0,0.0,0.0,0.0
20:29:26,0.0,0.0,0.0,0.0,0.0,0.0
20:29:26,0.0,0.0,0.0,0.0,0.0,0.0
20:29:26,0.0,0.0,0.0,0.0,0.0,0.0
20:29:26,0.0,0.0,0.0,0.0,0.0,0.0
20:29:26,0.0,0.0,0.0,0.0,0.0,0.0
20:29:27,0.0,0.0,0.0,0.0,0.0,0.0
20:29:27,0.0,0.0,0.0,0.0,0.0,0.0
20:29:27,0.0,0.0,0.0,0.0,0.0,0.0
20:29:27,0.0,0.0,0.0,0.0,0.0,0.0
20:29:27,0.0,0.0,0.0,0.0,0.0,0.0
20:29:27,0.0,0.0,0.0,0.0,0.0,0.0
20:29:27,0.0,0.0,0.0,0.0,0.0,0.0
20:29:27,0.0,0.0,0.0,0.0,0.0,0.0
20:29:27,0.0,0.0,0.0,0.0,0.0,0.0
20:29:28,0.0,0.0,0.0,0.0,0.0,0.0
20:29:28,0.0,0.0,0.0,0.0,0.0,0.0
20:29:28,0.0,0.0,0.0,0.0,0.0,0.0
20:29:28,0.0,0.0,0.0,0.0,0.0,0.0
20:29:28,0.0,0.0,0.0,0.0,0.0,0.0
20:29:28,0.0,0.0,0.0,0.0,0.0,0.0
20:29:28,0.0,0.0,0.0,0.0,0.0,0.0
20:29:28,0.0,0.0,0.0,0.0,0.0,0.0
20:29:28,0.0,0.0,0.0,0.0,0.0,0.0
20:29:29,0.0,0.0,0.0,0.0,0.0,0.0
20:29:29,0.0,0.0,0.0,0.0,0.0,0.0
20:29:29,0.0,0.0,0.0,0.0,0.0,0.0
20:29:29,0.0,0.0,0.0,0.0,0.0,0.0
20:29:29,0.0,0.0,0.0,0.0,0.0,0.0
20:29:29,0.0,0.0,0.0,0.0,0.0,0.0
20:29:29,0.0,0.0,0.0,0.0,0.0,0.0
20:29:29,0.0,0.0,0.0,0.0,0.0,0.0
20:29:29,0.0,0.0,0.0,0.0,0.0,0.0
20:29:30,0.0,0.0,0.0,0.0,0.0,0.0
20:29:30,0.0,0.0,0.0,0.0,0.0,0.0
20:29:30,0.0,0.0,0.0,0.0,0.0,0.0
20:29:30,0.0,0.0,0.0,0.0,0.0,0.0
20:29:30,0.0,0.0,0.0,0.0,0.0,0.0
20:29:30,0.0,0.0,0.0,0.0,0.0,0.0
20:29:30,0.0,0.0,0.0,0.0,0.0,0.0
20:29:30,0.0,0.0,0.0,0.0,0.0,0.0
20:29:30,0.0,0.0,0.0,0.0,0.0,0.0
20:29:31,0.0,0.0,0.0,0.0,0.0,0.0
20:29:31,0.0,0.0,0.0,0.0,0.0,0.0
20:29:31,0.0,0.0,0.0,0.0,0.0,0.0
20:29:31,0.0,0.0,0.0,0.0,0.0,0.0
20:29:31,0.0,0.0,0.0,0.0,0.0,0.0
20:29:31,0.0,0.0,0.0,0.0,0.0,0.0
20:29:31,0.0,0.0,0.0,0.0,0.0,0.0
20:29:31,0.0,0.0,0.0,0.0,0.0,0.0
20:29:31,0.0,0.0,0.0,0.0,0.0,0.0
20:29:32,0.0,0.0,0.0,0.0,0.0,0.0
20:29:32,0.0,0.0,0.0,0.0,0.0,0.0
20:29:32,0.0,0.0,0.0,0.0,0.0,0.0
20:29:32,0.0,0.0,0.0,0.0,0.0,0.0
20:29:32,0.0,0.0,0.0,0.0,0.0,0.0
20:29:32,0.0,0.0,0.0,0.0,0.0,0.0
20:29:32,0.0,0.0,0.0,0.0,0.0,0.0
20:29:32,0.0,0.0,0.0,0.0,0.0,0.0
20:29:32,0.0,0.0,0.0,0.0,0.0,0.0
20:29:33,0.0,0.0,0.0,0.0,0.0,0.0
20:29:33,0.0,0.0,0.0,0.0,0.0,0.0
20:29:33,0.0,0.0,0.0,0.0,0.0,0.0
20:29:33,0.0,0.0,0.0,0.0,0.0,0.0
20:29:33,0.0,0.0,0.0,0.0,0.0,0.0
20:29:33,0.0,0.0,0.0,0.0,0.0,0.0
20:29:33,0.0,0.0,0.0,0.0,0.0,0.0
20:29:33,0.0,0.0,0.0,0.0,0.0,0.0
20:29:33,0.0,0.0,0.0,0.0,0.0,0.0
20:29:34,0.0,0.0,0.0,0.0,0.0,0.0
20:29:34,0.0,0.0,0.0,0.0,0.0,0.0
20:29:34,0.0,0.0,0.0,0.0,0.0,0.0
20:29:34,0.0,0.0,0.0,0.0,0.0,0.0
20:29:34,0.0,0.0,0.0,0.0,0.0,0.0
20:29:34,0.0,0.0,0.0,0.0,0.0,0.0
20:29:34,0.0,0.0,0.0,0.0,0.0,0.0
20:29:34,0.0,0.0,0.0,0.0,0.0,0.0
20:29:34,0.0,0.0,0.0,0.0,0.0,0.0
20:29:35,0.0,0.0,0.0,0.0,0.0,0.0
20:29:35,0.0,0.0,0.0,0.0,0.0,0.0
20:29:35,0.0,0.0,0.0,0.0,0.0,0.0
20:29:35,0.0,0.0,0.0,0.0,0.0,0.0
20:29:35,0.0,0.0,0.0,0.0,0.0,0.0
20:29:35,0.0,0.0,0.0,0.0,0.0,0.0
20:29:35,0.0,0.0,0.0,0.0,0.0,0.0
20:29:35,0.0,0.0,0.0,0.0,0.0,0.0
20:29:35,0.0,0.0,0.0,0.0,0.0,0.0
20:29:36,0.0,0.0,0.0,0.0,0.0,0.0
20:29:36,0.0,0.0,0.0,0.0,0.0,0.0
20:29:36,0.0,0.0,0.0,0.0,0.0,0.0
20:29:36,0.0,0.0,0.0,0.0,0.0,0.0
20:29:36,0.0,0.0,0.0,0.0,0.0,0.0
20:29:36,0.0,0.0,0.0,0.0,0.0,0.0
20:29:36,0.0,0.0,0.0,0.0,0.0,0.0
20:29:36,0.0,0.0,0.0,0.0,0.0,0.0
20:29:37,0.0,0.20:36:57,0.0,0.0,0.0,0.0,0.0,0.0
20:36:57,0.0,0.0,0.0,0.0,0.0,0.0
20:36:58,0.0,0.0,0.0,0.0,0.0,0.0
20:36:58,0.0,0.0,0.0,0.0,0.0,0.0
20:36:58,0.0,0.0,0.0,0.0,0.0,0.0
20:36:58,0.0,0.0,0.0,0.0,0.0,0.0
20:36:58,0.0,0.0,0.0,0.0,0.0,0.0
20:36:58,0.0,0.0,0.0,0.0,0.0,0.0
20:36:58,0.0,0.0,0.0,0.0,0.0,0.0
20:36:59,0.0,0.0,0.0,0.0,0.0,0.0
20:36:59,0.0,0.0,0.0,0.0,0.0,0.0
20:36:59,0.0,0.0,0.0,0.0,0.0,0.0
20:36:59,0.0,0.0,0.0,0.0,0.0,0.0
20:36:59,0.0,0.0,0.0,0.0,0.0,0.0
20:36:59,0.0,0.0,0.0,0.0,0.0,0.0
20:36:59,0.0,0.0,0.0,0.0,0.0,0.0
20:36:59,0.0,0.0,0.0,0.0,0.0,0.0
20:37:00,0.0,0.0,0.0,0.0,0.0,0.0
20:37:00,0.0,0.0,0.0,0.0,0.0,0.0
20:37:00,0.0,0.0,0.0,0.0,0.0,0.0
20:37:00,0.0,0.0,0.0,0.0,0.0,0.0
20:37:00,0.0,0.0,0.0,0.0,0.0,0.0
20:37:00,0.0,0.0,0.0,0.0,0.0,0.0
20:37:00,0.0,0.0,0.0,0.0,0.0,0.0
20:37:00,0.0,0.0,0.0,0.0,0.0,0.0
20:37:01,0.0,0.0,0.0,0.0,0.0,0.0
20:37:01,0.0,0.0,0.0,0.0,0.0,0.0
20:37:01,0.0,0.0,0.0,0.0,0.0,0.0
20:37:01,0.0,0.0,0.0,0.0,0.0,0.0
20:37:01,0.0,0.0,0.0,0.0,0.0,0.0
20:37:01,0.0,0.0,0.0,0.0,0.0,0.0
20:37:01,0.0,0.0,0.0,0.0,0.0,0.0
20:37:02,0.0,0.0,0.0,0.0,0.0,0.0
20:37:02,0.0,0.0,0.0,0.0,0.0,0.0
20:37:02,0.0,0.0,0.0,0.0,0.0,0.0
20:37:02,0.0,0.0,0.0,0.0,0.0,0.0
20:37:02,0.0,0.0,0.0,0.0,0.0,0.0
20:37:02,0.0,0.0,0.0,0.0,0.0,0.0
20:37:03,0.0,0.0,0.0,0.0,0.0,0.0
20:37:03,0.0,0.0,0.0,0.0,0.0,0.0
20:37:03,0.0,0.0,0.0,0.0,0.0,0.0
20:37:03,0.0,0.0,0.0,0.0,0.0,0.0
20:37:03,0.0,0.0,0.0,0.0,0.0,0.0
20:37:03,0.0,0.0,0.0,0.0,0.0,0.0
20:37:03,0.0,0.0,0.0,0.0,0.0,0.0
20:37:04,0.0,0.0,0.0,0.0,0.0,0.0
20:37:04,0.0,0.0,0.0,0.0,0.0,0.0
20:37:04,0.0,0.0,0.0,0.0,0.0,0.0
20:37:04,0.0,0.0,0.0,0.0,0.0,0.0
20:37:04,0.0,0.0,0.0,0.0,0.0,0.0
20:37:04,0.0,0.0,0.0,0.0,0.0,0.0
20:37:04,0.0,0.0,0.0,0.0,0.0,0.0
20:37:05,0.0,0.0,0.0,0.0,0.0,0.0
20:37:05,0.0,0.0,0.0,0.0,0.0,0.0
20:37:05,0.0,0.0,0.0,0.0,0.0,0.0
20:37:05,0.0,0.0,0.0,0.0,0.0,0.0
20:37:05,0.0,0.0,0.0,0.0,0.0,0.0
20:37:05,0.0,0.0,0.0,0.0,0.0,0.0
20:37:05,0.0,0.0,0.0,0.0,0.0,0.0
20:37:05,0.0,0.0,0.0,0.0,0.0,0.0
20:37:06,0.0,0.0,0.0,0.0,0.0,0.0
20:37:06,0.0,0.0,0.0,0.0,0.0,0.0
20:37:06,0.0,0.0,0.0,0.0,0.0,0.0
20:37:06,0.0,0.0,0.0,0.0,0.0,0.0
20:37:06,0.0,0.0,0.0,0.0,0.0,0.0
20:37:06,0.0,0.0,0.0,0.0,0.0,0.0
20:37:06,0.0,0.0,0.0,0.0,0.0,0.0
20:37:06,0.0,0.0,0.0,0.0,0.0,0.0
20:37:07,0.0,0.0,0.0,0.0,0.0,0.0
20:37:07,0.0,0.0,0.0,0.0,0.0,0.0
20:37:07,0.0,0.0,0.0,0.0,0.0,0.0
20:37:07,0.0,0.0,0.0,0.0,0.0,0.0
20:37:07,0.0,0.0,0.0,0.0,0.0,0.0
20:37:07,0.0,0.0,0.0,0.0,0.0,0.0
20:37:07,0.0,0.0,0.0,0.0,0.0,0.0
20:37:07,0.0,0.0,0.0,0.0,0.0,0.0
20:37:08,0.0,0.0,0.0,0.0,0.0,0.0
20:37:08,0.0,0.0,0.0,0.0,0.0,0.0
20:37:08,0.0,0.0,0.0,0.0,0.0,0.0
20:37:08,0.0,0.0,0.0,0.0,0.0,0.0
20:37:08,0.0,0.0,0.0,0.0,0.0,0.0
20:37:08,0.0,0.0,0.0,0.0,0.0,0.0
20:37:08,0.0,0.0,0.0,0.0,0.0,0.0
20:37:08,0.0,0.0,0.0,0.0,0.0,0.0
20:37:09,0.0,0.0,0.0,0.0,0.0,0.0
20:37:09,0.0,0.0,0.0,0.0,0.0,0.0
20:37:09,0.0,0.0,0.0,0.0,0.0,0.0
20:37:09,0.0,0.0,0.0,0.0,0.0,0.0
20:37:09,0.0,0.0,0.0,0.0,0.0,0.0
20:37:09,0.0,0.0,0.0,0.0,0.0,0.0
20:37:09,0.0,0.0,0.0,0.0,0.0,0.0
20:37:10,0.0,0.0,0.0,0.0,0.0,0.0
20:37:10,0.0,0.0,0.0,0.0,0.0,0.0
20:37:10,0.0,0.0,0.0,0.0,0.0,0.0
20:37:10,0.0,0.0,0.0,0.0,0.0,0.0
20:37:10,0.0,0.0,0.0,0.0,0.0,0.0
20:37:10,0.0,0.0,0.0,0.0,0.0,0.0
20:37:10,0.0,0.0,0.0,0.0,0.0,0.0
20:37:10,0.0,0.0,0.0,0.0,0.0,0.0
20:37:11,0.0,0.0,0.0,0.0,0.0,0.0
20:37:11,0.0,0.0,0.0,0.0,0.0,0.0
20:37:11,0.0,0.0,0.0,0.0,0.0,0.0
20:37:11,0.0,0.0,0.0,0.0,0.0,0.0
20:37:11,0.0,0.0,0.0,0.0,0.0,0.0
20:37:11,0.0,0.0,0.0,0.0,0.0,0.0
20:37:11,0.0,0.0,0.0,0.0,0.0,0.0
20:37:11,0.0,0.0,0.0,0.0,0.0,0.0
20:37:12,0.0,0.0,0.0,0.0,0.0,0.0
20:37:12,0.0,0.0,0.0,0.0,0.0,0.0
20:37:12,0.0,0.0,0.0,0.0,0.0,0.0
20:37:12,0.0,0.0,0.0,0.0,0.0,0.0
20:37:12,0.0,0.0,0.0,0.0,0.0,0.0
20:37:12,0.0,0.0,0.0,0.0,0.0,0.0
20:37:12,0.0,0.0,0.0,0.0,0.0,0.0
20:37:13,0.0,0.0,0.0,0.0,0.0,0.0
20:37:13,0.0,0.0,0.0,0.0,0.0,0.0
20:37:13,0.0,0.0,0.0,0.0,0.0,0.0
20:37:13,0.0,0.0,0.0,0.0,0.0,0.0
20:37:13,0.0,0.0,0.0,0.0,0.0,0.0
20:37:13,0.0,0.0,0.0,0.0,0.0,0.0
20:37:13,0.0,0.0,0.0,0.0,0.0,0.0
20:37:13,0.0,0.0,0.0,0.0,0.0,0.0
20:37:14,0.0,0.0,0.0,0.0,0.0,0.0
20:37:14,0.0,0.0,0.0,0.0,0.0,0.0
20:37:14,0.0,0.0,0.0,0.0,0.0,0.0
20:37:14,0.0,0.0,0.0,0.0,0.0,0.0
20:37:14,0.0,0.0,0.0,0.0,0.0,0.0
20:37:14,0.0,0.0,0.0,0.0,0.0,0.0
20:37:14,0.0,0.0,0.0,0.0,0.0,0.0
20:37:15,0.0,0.0,0.0,0.0,0.0,0.0
20:37:15,0.0,0.0,0.0,0.0,0.0,0.0
20:37:15,0.0,0.0,0.0,0.0,0.0,0.0
20:37:15,0.0,0.0,0.0,0.0,0.0,0.0
20:37:15,0.0,0.0,0.0,0.0,0.0,0.0
20:37:15,0.0,0.0,0.0,0.0,0.0,0.0
20:37:16,0.0,0.0,0.0,0.0,0.0,0.0
20:37:16,0.0,0.0,0.0,0.0,0.0,0.0
20:37:16,0.0,0.0,0.0,0.0,0.0,0.0
20:37:16,0.0,0.0,0.0,0.0,0.0,0.0
20:37:16,0.0,0.0,0.0,0.0,0.0,0.0
20:37:16,0.0,0.0,0.0,0.0,0.0,0.0
20:37:18,0.0,0.0,0.0,0.0,0.0,0.0
20:37:18,0.0,0.0,0.0,0.0,0.0,0.0
20:37:18,0.0,0.0,0.0,0.0,0.0,0.0
20:37:19,0.0,0.0,0.0,0.0,0.0,0.0
20:37:19,0.0,0.0,0.0,0.0,0.0,0.0
20:37:19,0.0,0.0,0.0,0.0,0.0,0.0
20:37:19,0.0,0.0,0.0,0.0,0.0,0.0
20:37:19,0.0,0.0,0.0,0.0,0.0,0.0
20:37:19,0.0,0.0,0.0,0.0,0.0,0.0
20:37:19,0.0,0.0,0.0,0.0,0.0,0.0
20:37:19,0.0,0.0,0.0,0.0,0.0,0.0
20:37:20,0.0,0.0,0.0,0.0,0.0,0.0
20:37:20,0.0,0.0,0.0,0.0,0.0,0.0
20:37:20,0.0,0.0,0.0,0.0,0.0,0.0
20:37:20,0.0,0.0,0.0,0.0,0.0,0.0
20:37:20,0.0,0.0,0.0,0.0,0.0,0.0
20:37:20,0.0,0.0,0.0,0.0,0.0,0.0
20:37:20,0.0,0.0,0.0,0.0,0.0,0.0
20:37:21,0.0,0.0,0.0,0.0,0.0,0.0
20:37:21,0.0,0.0,0.0,0.0,0.0,0.0
20:37:21,0.0,0.0,0.0,0.0,0.0,0.0
20:37:21,0.0,0.0,0.0,0.0,0.0,0.0
20:37:21,0.0,0.0,0.0,0.0,0.0,0.0
20:37:21,0.0,0.0,0.0,0.0,0.0,0.0
20:37:21,0.0,0.0,0.0,0.0,0.0,0.0
20:37:21,0.0,0.0,0.0,0.0,0.0,0.0
20:37:22,0.0,0.0,0.0,0.0,0.0,0.0
20:37:22,0.0,0.0,0.0,0.0,0.0,0.0
20:37:22,0.0,0.0,0.0,0.0,0.0,0.0
20:37:22,0.0,0.0,0.0,0.0,0.0,0.0
20:37:22,0.0,0.0,0.0,0.0,0.0,0.0
20:37:22,0.0,0.0,0.0,0.0,0.0,0.0
20:37:22,0.0,0.0,0.0,0.0,0.0,0.0
20:37:22,0.0,0.0,0.0,0.0,0.0,0.0
20:37:23,0.0,0.0,0.0,0.0,0.0,0.0
20:37:23,0.0,0.0,0.0,0.0,0.0,0.0
20:37:23,0.0,0.0,0.0,0.0,0.0,0.0
20:37:23,0.0,0.0,0.0,0.0,0.0,0.0
20:37:23,0.0,0.0,0.0,0.0,0.0,0.0
20:37:23,0.0,0.0,0.0,0.0,0.0,0.0
20:37:23,0.0,0.0,0.0,0.0,0.0,0.0
20:37:23,0.0,0.0,0.0,0.0,0.0,0.0
20:37:23,0.0,0.0,0.0,0.0,0.0,0.0
20:37:24,0.0,0.0,0.0,0.0,0.0,0.0
20:37:24,0.0,0.0,0.0,0.0,0.0,0.0
20:37:24,0.0,0.0,0.0,0.0,0.0,0.0
20:37:24,0.0,0.0,0.0,0.0,0.0,0.0
20:37:24,0.0,0.0,0.0,0.0,0.0,0.0
20:37:24,0.0,0.0,0.0,0.0,0.0,0.0
20:37:24,0.0,0.0,0.0,0.0,0.0,0.0
20:37:24,0.0,0.0,0.0,0.0,0.0,0.0
20:37:24,0.0,0.0,0.0,0.0,0.0,0.0
20:37:25,0.0,0.0,0.0,0.0,0.0,0.0
20:37:25,0.0,0.0,0.0,0.0,0.0,0.0
20:37:25,0.0,0.0,0.0,0.0,0.0,0.0
20:37:25,0.0,0.0,0.0,0.0,0.0,0.0
20:37:25,0.0,0.0,0.0,0.0,0.0,0.0
20:37:25,0.0,0.0,0.0,0.0,0.0,0.0
20:37:25,0.0,0.0,0.0,0.0,0.0,0.0
20:37:25,0.0,0.0,0.0,0.0,0.0,0.0
20:37:25,0.0,0.0,0.0,0.0,0.0,0.0
20:37:26,0.0,0.0,0.0,0.0,0.0,0.0
20:37:26,0.0,0.0,0.0,0.0,0.0,0.0
20:37:26,0.0,0.0,0.0,0.0,0.0,0.0
20:37:26,0.0,0.0,0.0,0.0,0.0,0.0
20:37:26,0.0,0.0,0.0,0.0,0.0,0.0
20:37:26,0.0,0.0,0.0,0.0,0.0,0.0
20:37:26,0.0,0.0,0.0,0.0,0.0,0.0
20:37:26,0.0,0.0,0.0,0.0,0.0,0.0
20:37:26,0.0,0.0,0.0,0.0,0.0,0.0
20:37:27,0.0,0.0,0.0,0.0,0.0,0.0
20:37:27,0.0,0.0,0.0,0.0,0.0,0.0
20:37:27,0.0,0.0,0.0,0.0,0.0,0.0
20:37:27,0.0,0.0,0.0,0.0,0.0,0.0
20:37:27,0.0,0.0,0.0,0.0,0.0,0.0
20:37:27,0.0,0.0,0.0,0.0,0.0,0.0
20:37:27,0.0,0.0,0.0,0.0,0.0,0.0
20:37:27,0.0,0.0,0.0,0.0,0.0,0.0
20:37:28,0.0,0.0,0.0,0.0,0.0,0.0
20:37:28,0.0,0.0,0.0,0.0,0.0,0.0
20:37:28,0.0,0.0,0.0,0.0,0.0,0.0
20:37:28,0.0,0.0,0.0,0.0,0.0,0.0
20:37:28,0.0,0.0,0.0,0.0,0.0,0.0
20:37:28,0.0,0.0,0.0,0.0,0.0,0.0
20:37:28,0.0,0.0,0.0,0.0,0.0,0.0
20:37:28,0.0,0.0,0.0,0.0,0.0,0.0
20:37:29,0.0,0.0,0.0,0.0,0.0,0.0
20:37:29,0.0,0.0,0.0,0.0,0.0,0.0
20:37:29,0.0,0.0,0.0,0.0,0.0,0.0
20:37:29,0.0,0.0,0.0,0.0,0.0,0.0
20:37:29,0.0,0.0,0.0,0.0,0.0,0.0
20:37:29,0.0,0.0,0.0,0.0,0.0,0.0
20:37:29,0.0,0.0,0.0,0.0,0.0,0.0
20:37:29,0.0,0.0,0.0,0.0,0.0,0.0
20:37:30,0.0,0.0,0.0,0.0,0.0,0.0
20:37:30,0.0,0.0,0.0,0.0,0.0,0.0
20:37:30,0.0,0.0,0.0,0.0,0.0,0.0
20:37:30,0.0,0.0,0.0,0.0,0.0,0.0
20:37:30,0.0,0.0,0.0,0.0,0.0,0.0
20:37:30,0.0,0.0,0.0,0.0,0.0,0.0
20:37:30,0.0,0.0,0.0,0.0,0.0,0.0
20:37:30,0.0,0.0,0.0,0.0,0.0,0.0
20:37:31,0.0,0.0,0.0,0.0,0.0,0.0
20:37:31,0.0,0.0,0.0,0.0,0.0,0.0
20:37:31,0.0,0.0,0.0,0.0,0.0,0.0
20:37:31,0.0,0.0,0.0,0.0,0.0,0.0
20:37:31,0.0,0.0,0.0,0.0,0.0,0.0
20:37:31,0.0,0.0,0.0,0.0,0.0,0.0
20:37:32,0.0,0.0,0.0,0.0,0.0,0.0
20:37:32,0.0,0.0,0.0,0.0,0.0,0.0
20:37:32,0.0,0.0,0.0,0.0,0.0,0.0
20:37:32,0.0,0.0,0.0,0.0,0.0,0.0
20:37:32,0.0,0.0,0.0,0.0,0.0,0.0
20:37:32,0.0,0.0,0.0,0.0,0.0,0.0
20:37:32,0.0,0.0,0.0,0.0,0.0,0.0
20:37:33,0.0,0.0,0.0,0.0,0.0,0.0
20:37:33,0.0,0.0,0.0,0.0,0.0,0.0
20:37:33,0.0,0.0,0.0,0.0,0.0,0.0
20:37:33,0.0,0.0,0.0,0.0,0.0,0.0
20:37:33,0.0,0.0,0.0,0.0,0.0,0.0
20:37:33,0.0,0.0,0.0,0.0,0.0,0.0
20:37:33,0.0,0.0,0.0,0.0,0.0,0.0
20:37:34,0.0,0.0,0.0,0.0,0.0,0.0
20:37:34,0.0,0.0,0.0,0.0,0.0,0.0
20:37:34,0.0,0.0,0.0,0.0,0.0,0.0
20:37:34,0.0,0.0,0.0,0.0,0.0,0.0
20:37:34,0.0,0.0,0.0,0.0,0.0,0.0
20:37:34,0.0,0.0,0.0,0.0,0.0,0.0
20:37:34,0.0,0.0,0.0,0.0,0.0,0.0
20:37:34,0.0,0.0,0.0,0.0,0.0,0.0
20:37:35,0.0,0.0,0.0,0.0,0.0,0.0
20:37:35,0.0,0.0,0.0,0.0,0.0,0.0
20:37:35,0.0,0.0,0.0,0.0,0.0,0.0
20:37:35,0.0,0.0,0.0,0.0,0.0,0.0
20:37:35,0.0,0.0,0.0,0.0,0.0,0.0
20:37:35,0.0,0.0,0.0,0.0,0.0,0.0
20:37:35,0.0,0.0,0.0,0.0,0.0,0.0
20:37:36,0.0,0.0,0.0,0.0,0.0,0.0
20:37:36,0.0,0.0,0.0,0.0,0.0,0.0
20:37:36,0.0,0.0,0.0,0.0,0.0,0.0
20:37:36,0.0,0.0,0.0,0.0,0.0,0.0
20:37:36,0.0,0.0,0.0,0.0,0.0,0.0
20:37:36,0.0,0.0,0.0,0.0,0.0,0.0
20:37:36,0.0,0.0,0.0,0.0,0.0,0.0
20:37:36,0.0,0.0,0.0,0.0,0.0,0.0
20:37:36,0.0,0.0,0.0,0.0,0.0,0.0
20:37:37,0.0,0.0,0.0,0.0,0.0,0.0
20:37:37,0.0,0.0,0.0,0.0,0.0,0.0
20:37:37,0.0,0.0,0.0,0.0,0.0,0.0
20:37:37,0.0,0.0,0.0,0.0,0.0,0.0
20:37:37,0.0,0.0,0.0,0.0,0.0,0.0
20:37:37,0.0,0.0,0.0,0.0,0.0,0.0
20:37:37,0.0,0.0,0.0,0.0,0.0,0.0
20:37:37,0.0,0.0,0.0,0.0,0.0,0.0
20:37:38,0.0,0.0,0.0,0.0,0.0,0.0
20:37:38,0.0,0.0,0.0,0.0,0.0,0.0
20:37:38,0.0,0.0,0.0,0.0,0.0,0.0
20:37:38,0.0,0.0,0.0,0.0,0.0,0.0
20:37:38,0.0,0.0,0.0,0.0,0.0,0.0
20:37:38,0.0,0.0,0.0,0.0,0.0,0.0
20:37:38,0.0,0.0,0.0,0.0,0.0,0.0
20:37:38,0.0,0.0,0.0,0.0,0.0,0.0
20:37:39,0.0,0.0,0.0,0.0,0.0,0.0
20:37:39,0.0,0.0,0.0,0.0,0.0,0.0
20:37:39,0.0,0.0,0.0,0.0,0.0,0.0
20:37:39,0.0,0.0,0.0,0.0,0.0,0.0
20:37:39,0.0,0.0,0.0,0.0,0.0,0.0
20:37:39,0.0,0.0,0.0,0.0,0.0,0.0
20:37:39,0.0,0.0,0.0,0.0,0.0,0.0
20:37:40,0.0,0.0,0.0,0.0,0.0,0.0
20:37:40,0.0,0.0,0.0,0.0,0.0,0.0
20:37:40,0.0,0.0,0.0,0.0,0.0,0.0
20:37:40,0.0,0.0,0.0,0.0,0.0,0.0
20:37:40,0.0,0.0,0.0,0.0,0.0,0.0
20:37:40,0.0,0.0,0.0,0.0,0.0,0.0
20:37:41,0.0,0.0,0.0,0.0,0.0,0.0
20:37:41,0.0,0.0,0.0,0.0,0.0,0.0
20:37:41,0.0,0.0,0.0,0.0,0.0,0.0
20:37:41,0.0,0.0,0.0,0.0,0.0,0.0
20:37:41,0.0,0.0,0.0,0.0,0.0,0.0
20:37:41,0.0,0.0,0.0,0.0,0.0,0.0
20:37:42,0.0,0.0,0.0,0.0,0.0,0.0
20:37:42,0.0,0.0,0.0,0.0,0.0,0.0
20:37:42,0.0,0.0,0.0,0.0,0.0,0.0
20:37:42,0.0,0.0,0.0,0.0,0.0,0.0
20:37:42,0.0,0.0,0.0,0.0,0.0,0.0
20:37:42,0.0,0.0,0.0,0.0,0.0,0.0
20:37:43,0.0,0.0,0.0,0.0,0.0,0.0
20:37:43,0.0,0.0,0.0,0.0,0.0,0.0
20:37:43,0.0,0.0,0.0,0.0,0.0,0.0
20:37:43,0.0,0.0,0.0,0.0,0.0,0.0
20:37:43,0.0,0.0,0.0,0.0,0.0,0.0
20:37:43,0.0,0.0,0.0,0.0,0.0,0.0
20:37:43,0.0,0.0,0.0,0.0,0.0,0.0
20:37:44,0.0,0.0,0.0,0.0,0.0,0.0
20:37:44,0.0,0.0,0.0,0.0,0.0,0.0
20:37:44,0.0,0.0,0.0,0.0,0.0,0.0
20:37:44,0.0,0.0,0.0,0.0,0.0,0.0
20:37:44,0.0,0.0,0.0,0.0,0.0,0.0
20:37:44,0.0,0.0,0.0,0.0,0.0,0.0
20:37:44,0.0,0.0,0.0,0.0,0.0,0.0
20:37:45,0.0,0.0,0.0,0.0,0.0,0.0
20:37:45,0.0,0.0,0.0,0.0,0.0,0.0
20:37:45,0.0,0.0,0.0,0.0,0.0,0.0
20:37:45,0.0,0.0,0.0,0.0,0.0,0.0
20:37:45,0.0,0.0,0.0,0.0,0.0,0.0
20:37:45,0.0,0.0,0.0,0.0,0.0,0.0
20:37:45,0.0,0.0,0.0,0.0,0.0,0.0
20:37:46,0.0,0.0,0.0,0.0,0.0,0.0
20:37:46,0.0,0.0,0.0,0.0,0.0,0.0
20:37:46,0.0,0.0,0.0,0.0,0.0,0.0
20:37:46,0.0,0.0,0.0,0.0,0.0,0.0
20:37:46,0.0,0.0,0.0,0.0,0.0,0.0
20:37:46,0.0,0.0,0.0,0.0,0.0,0.0
20:37:46,0.0,0.0,0.0,0.0,0.0,0.0
20:37:47,0.0,0.0,0.0,0.0,0.0,0.0
20:37:47,0.0,0.0,0.0,0.0,0.0,0.0
20:37:47,0.0,0.0,0.0,0.0,0.0,0.0
20:37:47,0.0,0.0,0.0,0.0,0.0,0.0
20:37:47,0.0,0.0,0.0,0.0,0.0,0.0
20:37:47,0.0,0.0,0.0,0.0,0.0,0.0
20:37:47,0.0,0.0,0.0,0.0,0.0,0.0
20:37:48,0.0,0.0,0.0,0.0,0.0,0.0
20:37:48,0.0,0.0,0.0,0.0,0.0,0.0
20:37:48,0.0,0.0,0.0,0.0,0.0,0.0
20:37:48,0.0,0.0,0.0,0.0,0.0,0.0
20:37:48,0.0,0.0,0.0,0.0,0.0,0.0
20:37:48,0.0,0.0,0.0,0.0,0.0,0.0
20:37:48,0.0,0.0,0.0,0.0,0.0,0.0
20:37:49,0.0,0.0,0.0,0.0,0.0,0.0
20:37:49,0.0,0.0,0.0,0.0,0.0,0.0
20:37:49,0.0,0.0,0.0,0.0,0.0,0.0
20:37:49,0.0,0.0,0.0,0.0,0.0,0.0
20:37:49,0.0,0.0,0.0,0.0,0.0,0.0
20:37:49,0.0,0.0,0.0,0.0,0.0,0.0
20:37:49,0.0,0.0,0.0,0.0,0.0,0.0
20:37:49,0.0,0.0,0.0,0.0,0.0,0.0
20:37:49,0.0,0.0,0.0,0.0,0.0,0.0
20:37:50,0.0,0.0,0.0,0.0,0.0,0.0
20:37:50,0.0,0.0,0.0,0.0,0.0,0.0
20:37:50,0.0,0.0,0.0,0.0,0.0,0.0
20:37:50,0.0,0.0,0.0,0.0,0.0,0.0
20:37:50,0.0,0.0,0.0,0.0,0.0,0.0
20:37:50,0.0,0.0,0.0,0.0,0.0,0.0
20:37:50,0.0,0.0,0.0,0.0,0.0,0.0
20:37:50,0.0,0.0,0.0,0.0,0.0,0.0
20:37:50,0.0,0.0,0.0,0.0,0.0,0.0
20:37:51,0.0,0.0,0.0,0.0,0.0,0.0
20:37:51,0.0,0.0,0.0,0.0,0.0,0.0
20:37:51,0.0,0.0,0.0,0.0,0.0,0.0
20:37:51,0.0,0.0,0.0,0.0,0.0,0.0
20:37:51,0.0,0.0,0.0,0.0,0.0,0.0
20:37:51,0.0,0.0,0.0,0.0,0.0,0.0
20:37:51,0.0,0.0,0.0,0.0,0.0,0.0
20:37:51,0.0,0.0,0.0,0.0,0.0,0.0
20:37:51,0.0,0.0,0.0,0.0,0.0,0.0
20:37:52,0.0,0.0,0.0,0.0,0.0,0.0
20:37:52,0.0,0.0,0.0,0.0,0.0,0.0
20:37:52,0.0,0.0,0.0,0.0,0.0,0.0
20:37:52,0.0,0.0,0.0,0.0,0.0,0.0
20:37:52,0.0,0.0,0.0,0.0,0.0,0.0
20:37:52,0.0,0.0,0.0,0.0,0.0,0.0
20:37:52,0.0,0.0,0.0,0.0,0.0,0.0
20:37:52,0.0,0.0,0.0,0.0,0.0,0.0
20:37:52,0.0,0.0,0.0,0.0,0.0,0.0
20:37:53,0.0,0.0,0.0,0.0,0.0,0.0
20:37:53,0.0,0.0,0.0,0.0,0.0,0.0
20:37:53,0.0,0.0,0.0,0.0,0.0,0.0
20:37:53,0.0,0.0,0.0,0.0,0.0,0.0
20:37:53,0.0,0.0,0.0,0.0,0.0,0.0
20:37:53,0.0,0.0,0.0,0.0,0.0,0.0
20:37:53,0.0,0.0,0.0,0.0,0.0,0.0
20:37:53,0.0,0.0,0.0,0.0,0.0,0.0
20:37:56,0.0,0.0,0.0,0.0,0.0,0.0
20:37:56,0.0,0.0,0.0,0.0,0.0,0.0
20:37:56,0.0,0.0,0.0,0.0,0.0,0.0
20:37:56,0.0,0.0,0.0,0.0,0.0,0.0
20:37:56,0.0,0.0,0.0,0.0,0.0,0.0
20:37:56,0.0,0.0,0.0,0.0,0.0,0.0
20:37:56,0.0,0.0,0.0,0.0,0.0,0.0
20:37:56,0.0,0.0,0.0,0.0,0.0,0.0
20:37:57,0.0,0.0,0.0,0.0,0.0,0.0
20:37:57,0.0,0.0,0.0,0.0,0.0,0.0
20:37:57,0.0,0.0,0.0,0.0,0.0,0.0
20:37:57,0.0,0.0,0.0,0.0,0.0,0.0
20:37:57,0.0,0.0,0.0,0.0,0.0,0.0
20:37:57,0.0,0.0,0.0,0.0,0.0,0.0
20:37:57,0.0,0.0,0.0,0.0,0.0,0.0
20:37:57,0.0,0.0,0.0,0.0,0.0,0.0
20:37:58,0.0,0.0,0.0,0.0,0.0,0.0
20:37:58,0.0,0.0,0.0,0.0,0.0,0.0
20:37:58,0.0,0.0,0.0,0.0,0.0,0.0
20:37:58,0.0,0.0,0.0,0.0,0.0,0.0
20:37:58,0.0,0.0,0.0,0.0,0.0,0.0
20:37:58,0.0,0.0,0.0,0.0,0.0,0.0
20:37:58,0.0,0.0,0.0,0.0,0.0,0.0
20:37:58,0.0,0.0,0.0,0.0,0.0,0.0
20:37:58,0.0,0.0,0.0,0.0,0.0,0.0
20:37:59,0.0,0.0,0.0,0.0,0.0,0.0
20:37:59,0.0,0.0,0.0,0.0,0.0,0.0
20:37:59,0.0,0.0,0.0,0.0,0.0,0.0
20:37:59,0.0,0.0,0.0,0.0,0.0,0.0
20:37:59,0.0,0.0,0.0,0.0,0.0,0.0
20:37:59,0.0,0.0,0.0,0.0,0.0,0.0
20:37:59,0.0,0.0,0.0,0.0,0.0,0.0
20:37:59,0.0,0.0,0.0,0.0,0.0,0.0
20:38:00,0.0,0.0,0.0,0.0,0.0,0.0
20:38:00,0.0,0.0,0.0,0.0,0.0,0.0
20:38:00,0.0,0.0,0.0,0.0,0.0,0.0
20:38:00,0.0,0.0,0.0,0.0,0.0,0.0
20:38:00,0.0,0.0,0.0,0.0,0.0,0.0
20:38:00,0.0,0.0,0.0,0.0,0.0,0.0
20:38:00,0.0,0.0,0.0,0.0,0.0,0.0
20:38:00,0.0,0.0,0.0,0.0,0.0,0.0
20:38:00,0.0,0.0,0.0,0.0,0.0,0.0
20:38:01,0.0,0.0,0.0,0.0,0.0,0.0
20:38:01,0.0,0.0,0.0,0.0,0.0,0.0
20:38:01,0.0,0.0,0.0,0.0,0.0,0.0
20:38:01,0.0,0.0,0.0,0.0,0.0,0.0
20:38:01,0.0,0.0,0.0,0.0,0.0,0.0
20:38:01,0.0,0.0,0.0,0.0,0.0,0.0
20:38:01,0.0,0.0,0.0,0.0,0.0,0.0
20:38:01,0.0,0.0,0.0,0.0,0.0,0.0
20:38:01,0.0,0.0,0.0,0.0,0.0,0.0
20:38:02,0.0,0.0,0.0,0.0,0.0,0.0
20:38:02,0.0,0.0,0.0,0.0,0.0,0.0
20:38:02,0.0,0.0,0.0,0.0,0.0,0.0
20:38:02,0.0,0.0,0.0,0.0,0.0,0.0
20:38:02,0.0,0.0,0.0,0.0,0.0,0.0
20:38:02,0.0,0.0,0.0,0.0,0.0,0.0
20:38:02,0.0,0.0,0.0,0.0,0.0,0.0
20:38:02,0.0,0.0,0.0,0.0,0.0,0.0
20:38:02,0.0,0.0,0.0,0.0,0.0,0.0
20:38:03,0.0,0.0,0.0,0.0,0.0,0.0
20:38:03,0.0,0.0,0.0,0.0,0.0,0.0
20:38:03,0.0,0.0,0.0,0.0,0.0,0.0
20:38:03,0.0,0.0,0.0,0.0,0.0,0.0
20:38:03,0.0,0.0,0.0,0.0,0.0,0.0
20:38:03,0.0,0.0,0.0,0.0,0.0,0.0
20:38:03,0.0,0.0,0.0,0.0,0.0,0.0
20:38:03,0.0,0.0,0.0,0.0,0.0,0.0
20:38:03,0.0,0.0,0.0,0.0,0.0,0.0
20:38:04,0.0,0.0,0.0,0.0,0.0,0.0
20:38:04,0.0,0.0,0.0,0.0,0.0,0.0
20:38:04,0.0,0.0,0.0,0.0,0.0,0.0
20:38:04,0.0,0.0,0.0,0.0,0.0,0.0
20:38:04,0.0,0.0,0.0,0.0,0.0,0.0
20:38:04,0.0,0.0,0.0,0.0,0.0,0.0
20:38:04,0.0,0.0,0.0,0.0,0.0,0.0
20:38:04,0.0,0.0,0.0,0.0,0.0,0.0
20:38:04,0.0,0.0,0.0,0.0,0.0,0.0
20:38:05,0.0,0.0,0.0,0.0,0.0,0.0
20:38:05,0.0,0.0,0.0,0.0,0.0,0.0
20:38:05,0.0,0.0,0.0,0.0,0.0,0.0
20:38:05,0.0,0.0,0.0,0.0,0.0,0.0
20:38:05,0.0,0.0,0.0,0.0,0.0,0.0
20:38:05,0.0,0.0,0.0,0.0,0.0,0.0
20:38:05,0.0,0.0,0.0,0.0,0.0,0.0
20:38:05,0.0,0.0,0.0,0.0,0.0,0.0
20:38:06,0.0,0.0,0.0,0.0,0.0,0.0
20:38:06,0.0,0.0,0.0,0.0,0.0,0.0
20:38:06,0.0,0.0,0.0,0.0,0.0,0.0
20:38:06,0.0,0.0,0.0,0.0,0.0,0.0
20:38:06,0.0,0.0,0.0,0.0,0.0,0.0
20:38:06,0.0,0.0,0.0,0.0,0.0,0.0
20:38:06,0.0,0.0,0.0,0.0,0.0,0.0
20:38:07,0.0,0.0,0.0,0.0,0.0,0.0
20:38:07,0.0,0.0,0.0,0.0,0.0,0.0
20:38:07,0.0,0.0,0.0,0.0,0.0,0.0
20:38:07,0.0,0.0,0.0,0.0,0.0,0.0
20:38:07,0.0,0.0,0.0,0.0,0.0,0.0
20:38:07,0.0,0.0,0.0,0.0,0.0,0.0
20:38:07,0.0,0.0,0.0,0.0,0.0,0.0
20:38:07,0.0,0.0,0.0,0.0,0.0,0.0
20:38:07,0.0,0.0,0.0,0.0,0.0,0.0
20:38:08,0.0,0.0,0.0,0.0,0.0,0.0
20:38:08,0.0,0.0,0.0,0.0,0.0,0.0
20:38:08,0.0,0.0,0.0,0.0,0.0,0.0
20:38:08,0.0,0.0,0.0,0.0,0.0,0.0
20:38:08,0.0,0.0,0.0,0.0,0.0,0.0
20:38:08,0.0,0.0,0.0,0.0,0.0,0.0
20:38:08,0.0,0.0,0.0,0.0,0.0,0.0
20:38:08,0.0,0.0,0.0,0.0,0.0,0.0
20:38:08,0.0,0.0,0.0,0.0,0.0,0.0
20:38:09,0.0,0.0,0.0,0.0,0.0,0.0
20:38:09,0.0,0.0,0.0,0.0,0.0,0.0
20:38:09,0.0,0.0,0.0,0.0,0.0,0.0
20:38:09,0.0,0.0,0.0,0.0,0.0,0.0
20:38:09,0.0,0.0,0.0,0.0,0.0,0.0
20:38:09,0.0,0.0,0.0,0.0,0.0,0.0
20:38:09,0.0,0.0,0.0,0.0,0.0,0.0
20:38:09,0.0,0.0,0.0,0.0,0.0,0.0
20:38:10,0.0,0.0,0.0,0.0,0.0,0.0
20:38:10,0.0,0.0,0.0,0.0,0.0,0.0
20:38:10,0.0,0.0,0.0,0.0,0.0,0.0
20:38:10,0.0,0.0,0.0,0.0,0.0,0.0
20:38:10,0.0,0.0,0.0,0.0,0.0,0.0
20:38:10,0.0,0.0,0.0,0.0,0.0,0.0
20:38:10,0.0,0.0,0.0,0.0,0.0,0.0
20:38:10,0.0,0.0,0.0,0.0,0.0,0.0
20:38:10,0.0,0.0,0.0,0.0,0.0,0.0
20:38:11,0.0,0.0,0.0,0.0,0.0,0.0
20:38:11,0.0,0.0,0.0,0.0,0.0,0.0
20:38:11,0.0,0.0,0.0,0.0,0.0,0.0
20:38:11,0.0,0.0,0.0,0.0,0.0,0.0
20:38:11,0.0,0.0,0.0,0.0,0.0,0.0
20:38:11,0.0,0.0,0.0,0.0,0.0,0.0
20:38:11,0.0,0.0,0.0,0.0,0.0,0.0
20:38:11,0.0,0.0,0.0,0.0,0.0,0.0
20:38:11,0.0,0.0,0.0,0.0,0.0,0.0
20:38:12,0.0,0.0,0.0,0.0,0.0,0.0
20:38:12,0.0,0.0,0.0,0.0,0.0,0.0
20:38:12,0.0,0.0,0.0,0.0,0.0,0.0
20:38:12,0.0,0.0,0.0,0.0,0.0,0.0
20:38:12,0.0,0.0,0.0,0.0,0.0,0.0
20:38:12,0.0,0.0,0.0,0.0,0.0,0.0
20:38:12,0.0,0.0,0.0,0.0,0.0,0.0
20:38:12,0.0,0.0,0.0,0.0,0.0,0.0
20:38:12,0.0,0.0,0.0,0.0,0.0,0.0
20:38:13,0.0,0.0,0.0,0.0,0.0,0.0
20:38:13,0.0,0.0,0.0,0.0,0.0,0.0
20:38:13,0.0,0.0,0.0,0.0,0.0,0.0
20:38:13,0.0,0.0,0.0,0.0,0.0,0.0
20:38:13,0.0,0.0,0.0,0.0,0.0,0.0
20:38:13,0.0,0.0,0.0,0.0,0.0,0.0
20:38:13,0.0,0.0,0.0,0.0,0.0,0.0
20:38:13,0.0,0.0,0.0,0.0,0.0,0.0
20:38:13,0.0,0.0,0.0,0.0,0.0,0.0
20:38:14,0.0,0.0,0.0,0.0,0.0,0.0
20:38:14,0.0,0.0,0.0,0.0,0.0,0.0
20:38:14,0.0,0.0,0.0,0.0,0.0,0.0
20:38:14,0.0,0.0,0.0,0.0,0.0,0.0
20:38:14,0.0,0.0,0.0,0.0,0.0,0.0
20:38:14,0.0,0.0,0.0,0.0,0.0,0.0
20:38:14,0.0,0.0,0.0,0.0,0.0,0.0
20:38:14,0.0,0.0,0.0,0.0,0.0,0.0
20:38:15,0.0,0.0,0.0,0.0,0.0,0.0
20:38:15,0.0,0.0,0.0,0.0,0.0,0.0
20:38:15,0.0,0.0,0.0,0.0,0.0,0.0
20:38:15,0.0,0.0,0.0,0.0,0.0,0.0
20:38:15,0.0,0.0,0.0,0.0,0.0,0.0
20:38:15,0.0,0.0,0.0,0.0,0.0,0.0
20:38:15,0.0,0.0,0.0,0.0,0.0,0.0
20:38:15,0.0,0.0,0.0,0.0,0.0,0.0
20:38:16,0.0,0.0,0.0,0.0,0.0,0.0
20:38:16,0.0,0.0,0.0,0.0,0.0,0.0
20:38:16,0.0,0.0,0.0,0.0,0.0,0.0
20:38:16,0.0,0.0,0.0,0.0,0.0,0.0
20:38:16,0.0,0.0,0.0,0.0,0.0,0.0
20:38:16,0.0,0.0,0.0,0.0,0.0,0.0
20:38:16,0.0,0.0,0.0,0.0,0.0,0.0
20:38:16,0.0,0.0,0.0,0.0,0.0,0.0
20:38:17,0.0,0.0,0.0,0.0,0.0,0.0
20:38:17,0.0,0.0,0.0,0.0,0.0,0.0
20:38:17,0.0,0.0,0.0,0.0,0.0,0.0
20:38:17,0.0,0.0,0.0,0.0,0.0,0.0
20:38:17,0.0,0.0,0.0,0.0,0.0,0.0
20:38:17,0.0,0.0,0.0,0.0,0.0,0.0
20:38:17,0.0,0.0,0.0,0.0,0.0,0.0
20:38:18,0.0,0.0,0.0,0.0,0.0,0.0
20:38:18,0.0,0.0,0.0,0.0,0.0,0.0
20:38:18,0.0,0.0,0.0,0.0,0.0,0.0
20:38:18,0.0,0.0,0.0,0.0,0.0,0.0
20:38:18,0.0,0.0,0.0,0.0,0.0,0.0
20:38:18,0.0,0.0,0.0,0.0,0.0,0.0
20:38:18,0.0,0.0,0.0,0.0,0.0,0.0
20:38:19,0.0,0.0,0.0,0.0,0.0,0.0
20:38:19,0.0,0.0,0.0,0.0,0.0,0.0
20:38:19,0.0,0.0,0.0,0.0,0.0,0.0
20:38:19,0.0,0.0,0.0,0.0,0.0,0.0
20:38:19,0.0,0.0,0.0,0.0,0.0,0.0
20:38:19,0.0,0.0,0.0,0.0,0.0,0.0
20:38:20,0.0,0.0,0.0,0.0,0.0,0.0
20:38:20,0.0,0.0,0.0,0.0,0.0,0.0
20:38:20,0.0,0.0,0.0,0.0,0.0,0.0
20:38:20,0.0,0.0,0.0,0.0,0.0,0.0
20:38:20,0.0,0.0,0.0,0.0,0.0,0.0
20:38:20,0.0,0.0,0.0,0.0,0.0,0.0
20:38:20,0.0,0.0,0.0,0.0,0.0,0.0
20:38:20,0.0,0.0,0.0,0.0,0.0,0.0
20:38:21,0.0,0.0,0.0,0.0,0.0,0.0
20:38:21,0.0,0.0,0.0,0.0,0.0,0.0
20:38:21,0.0,0.0,0.0,0.0,0.0,0.0
20:38:21,0.0,0.0,0.0,0.0,0.0,0.0
20:38:21,0.0,0.0,0.0,0.0,0.0,0.0
20:38:21,0.0,0.0,0.0,0.0,0.0,0.0
20:38:21,0.0,0.0,0.0,0.0,0.0,0.0
20:38:21,0.0,0.0,0.0,0.0,0.0,0.0
20:38:21,0.0,0.0,0.0,0.0,0.0,0.0
20:38:22,0.0,0.0,0.0,0.0,0.0,0.0
20:38:22,0.0,0.0,0.0,0.0,0.0,0.0
20:38:22,0.0,0.0,0.0,0.0,0.0,0.0
20:38:22,0.0,0.0,0.0,0.0,0.0,0.0
20:38:22,0.0,0.0,0.0,0.0,0.0,0.0
20:38:22,0.0,0.0,0.0,0.0,0.0,0.0
20:38:22,0.0,0.0,0.0,0.0,0.0,0.0
20:38:22,0.0,0.0,0.0,0.0,0.0,0.0
20:38:22,0.0,0.0,0.0,0.0,0.0,0.0
20:38:23,0.0,0.0,0.0,0.0,0.0,0.0
20:38:23,0.0,0.0,0.0,0.0,0.0,0.0
20:38:23,0.0,0.0,0.0,0.0,0.0,0.0
20:38:23,0.0,0.0,0.0,0.0,0.0,0.0
20:38:23,0.0,0.0,0.0,0.0,0.0,0.0
20:38:23,0.0,0.0,0.0,0.0,0.0,0.0
20:38:23,0.0,0.0,0.0,0.0,0.0,0.0
20:38:23,0.0,0.0,0.0,0.0,0.0,0.0
20:38:23,0.0,0.0,0.0,0.0,0.0,0.0
20:38:24,0.0,0.0,0.0,0.0,0.0,0.0
20:38:24,0.0,0.0,0.0,0.0,0.0,0.0
20:38:24,0.0,0.0,0.0,0.0,0.0,0.0
20:38:24,0.0,0.0,0.0,0.0,0.0,0.0
20:38:24,0.0,0.0,0.0,0.0,0.0,0.0
20:38:24,0.0,0.0,0.0,0.0,0.0,0.0
20:38:24,0.0,0.0,0.0,0.0,0.0,0.0
20:38:24,0.0,0.0,0.0,0.0,0.0,0.0
20:38:24,0.0,0.0,0.0,0.0,0.0,0.0
20:38:25,0.0,0.0,0.0,0.0,0.0,0.0
20:38:25,0.0,0.0,0.0,0.0,0.0,0.0
20:38:25,0.0,0.0,0.0,0.0,0.0,0.0
20:38:25,0.0,0.0,0.0,0.0,0.0,0.0
20:38:25,0.0,0.0,0.0,0.0,0.0,0.0
20:38:25,0.0,0.0,0.0,0.0,0.0,0.0
20:38:25,0.0,0.0,0.0,0.0,0.0,0.0
20:38:25,0.0,0.0,0.0,0.0,0.0,0.0
20:38:25,0.0,0.0,0.0,0.0,0.0,0.0
20:38:26,0.0,0.0,0.0,0.0,0.0,0.0
20:38:26,0.0,0.0,0.0,0.0,0.0,0.0
20:38:26,0.0,0.0,0.0,0.0,0.0,0.0
20:38:26,0.0,0.0,0.0,0.0,0.0,0.0
20:38:26,0.0,0.0,0.0,0.0,0.0,0.0
20:38:26,0.0,0.0,0.0,0.0,0.0,0.0
20:38:26,0.0,0.0,0.0,0.0,0.0,0.0
20:38:26,0.0,0.0,0.0,0.0,0.0,0.0
20:38:27,0.0,0.0,0.0,0.0,0.0,0.0
20:38:27,0.0,0.0,0.0,0.0,0.0,0.0
20:38:27,0.0,0.0,0.0,0.0,0.0,0.0
20:38:27,0.0,0.0,0.0,0.0,0.0,0.0
20:38:27,0.0,0.0,0.0,0.0,0.0,0.0
20:38:27,0.0,0.0,0.0,0.0,0.0,0.0
20:38:27,0.0,0.0,0.0,0.0,0.0,0.0
20:38:27,0.0,0.0,0.0,0.0,0.0,0.0
20:38:27,0.0,0.0,0.0,0.0,0.0,0.0
20:38:28,0.0,0.0,0.0,0.0,0.0,0.0
20:38:28,0.0,0.0,0.0,0.0,0.0,0.0
20:38:28,0.0,0.0,0.0,0.0,0.0,0.0
20:38:28,0.0,0.0,0.0,0.0,0.0,0.0
20:38:28,0.0,0.0,0.0,0.0,0.0,0.0
20:38:28,0.0,0.0,0.0,0.0,0.0,0.0
20:38:28,0.0,0.0,0.0,0.0,0.0,0.0
20:38:28,0.0,0.0,0.0,0.0,0.0,0.0
20:38:28,0.0,0.0,0.0,0.0,0.0,0.0
20:38:29,0.0,0.0,0.0,0.0,0.0,0.0
20:38:29,0.0,0.0,0.0,0.0,0.0,0.0
20:38:29,0.0,0.0,0.0,0.0,0.0,0.0
20:38:29,0.0,0.0,0.0,0.0,0.0,0.0
20:38:29,0.0,0.0,0.0,0.0,0.0,0.0
20:38:29,0.0,0.0,0.0,0.0,0.0,0.0
20:38:29,0.0,0.0,0.0,0.0,0.0,0.0
20:38:29,0.0,0.0,0.0,0.0,0.0,0.0
20:38:29,0.0,0.0,0.0,0.0,0.0,0.0
20:38:30,0.0,0.0,0.0,0.0,0.0,0.0
20:38:30,0.0,0.0,0.0,0.0,0.0,0.0
20:38:30,0.0,0.0,0.0,0.0,0.0,0.0
20:38:30,0.0,0.0,0.0,0.0,0.0,0.0
20:38:30,0.0,0.0,0.0,0.0,0.0,0.0
20:38:30,0.0,0.0,0.0,0.0,0.0,0.0
20:38:30,0.0,0.0,0.0,0.0,0.0,0.0
20:38:30,0.0,0.0,0.0,0.0,0.0,0.0
20:38:31,0.0,0.0,0.0,0.0,0.0,0.0
20:38:31,0.0,0.0,0.0,0.0,0.0,0.0
20:38:31,0.0,0.0,0.0,0.0,0.0,0.0
20:38:31,0.0,0.0,0.0,0.0,0.0,0.0
20:38:31,0.0,0.0,0.0,0.0,0.0,0.0
20:38:31,0.0,0.0,0.0,0.0,0.0,0.0
20:38:31,0.0,0.0,0.0,0.0,0.0,0.0
20:38:31,0.0,0.0,0.0,0.0,0.0,0.0
20:38:32,0.0,0.0,0.0,0.0,0.0,0.0
20:38:32,0.0,0.0,0.0,0.0,0.0,0.0
20:38:32,0.0,0.0,0.0,0.0,0.0,0.0
20:38:32,0.0,0.0,0.0,0.0,0.0,0.0
20:38:32,0.0,0.0,0.0,0.0,0.0,0.0
20:38:32,0.0,0.0,0.0,0.0,0.0,0.0
20:38:32,0.0,0.0,0.0,0.0,0.0,0.0
20:38:32,0.0,0.0,0.0,0.0,0.0,0.0
20:38:33,0.0,0.0,0.0,0.0,0.0,0.0
20:38:33,0.0,0.0,0.0,0.0,0.0,0.0
20:38:33,0.0,0.0,0.0,0.0,0.0,0.0
20:38:33,0.0,0.0,0.0,0.0,0.0,0.0
20:38:33,0.0,0.0,0.0,0.0,0.0,0.0
20:38:33,0.0,0.0,0.0,0.0,0.0,0.0
20:38:33,0.0,0.0,0.0,0.0,0.0,0.0
20:38:33,0.0,0.0,0.0,0.0,0.0,0.0
20:38:33,0.0,0.0,0.0,0.0,0.0,0.0
20:38:34,0.0,0.0,0.0,0.0,0.0,0.0
20:38:34,0.0,0.0,0.0,0.0,0.0,0.0
20:38:34,0.0,0.0,0.0,0.0,0.0,0.0
20:38:34,0.0,0.0,0.0,0.0,0.0,0.0
20:38:34,0.0,0.0,0.0,0.0,0.0,0.0
20:38:34,0.0,0.0,0.0,0.0,0.0,0.0
20:38:34,0.0,0.0,0.0,0.0,0.0,0.0
20:38:34,0.0,0.0,0.0,0.0,0.0,0.0
20:38:34,0.0,0.0,0.0,0.0,0.0,0.0
20:38:35,0.0,0.0,0.0,0.0,0.0,0.0
20:38:35,0.0,0.0,0.0,0.0,0.0,0.0
20:38:35,0.0,0.0,0.0,0.0,0.0,0.0
20:38:35,0.0,0.0,0.0,0.0,0.0,0.0
20:38:35,0.0,0.0,0.0,0.0,0.0,0.0
20:38:35,0.0,0.0,0.0,0.0,0.0,0.0
20:38:35,0.0,0.0,0.0,0.0,0.0,0.0
20:38:35,0.0,0.0,0.0,0.0,0.0,0.0
20:38:35,0.0,0.0,0.0,0.0,0.0,0.0
20:38:36,0.0,0.0,0.0,0.0,0.0,0.0
20:38:36,0.0,0.0,0.0,0.0,0.0,0.0
20:38:36,0.0,0.0,0.0,0.0,0.0,0.0
20:38:36,0.0,0.0,0.0,0.0,0.0,0.0
20:38:36,0.0,0.0,0.0,0.0,0.0,0.0
20:38:36,0.0,0.0,0.0,0.0,0.0,0.0
20:38:36,0.0,0.0,0.0,0.0,0.0,0.0
20:38:36,0.0,0.0,0.0,0.0,0.0,0.0
20:38:36,0.0,0.0,0.0,0.0,0.0,0.0
20:38:37,0.0,0.0,0.0,0.0,0.0,0.0
20:38:37,0.0,0.0,0.0,0.0,0.0,0.0
20:38:37,0.0,0.0,0.0,0.0,0.0,0.0
20:38:37,0.0,0.0,0.0,0.0,0.0,0.0
20:38:37,0.0,0.0,0.0,0.0,0.0,0.0
20:38:37,0.0,0.0,0.0,0.0,0.0,0.0
20:38:37,0.0,0.0,0.0,0.0,0.0,0.0
20:38:37,0.0,0.0,0.0,0.0,0.0,0.0
20:38:38,0.0,0.0,0.0,0.0,0.0,0.0
20:38:38,0.0,0.0,0.0,0.0,0.0,0.0
20:38:38,0.0,0.0,0.0,0.0,0.0,0.0
20:38:38,0.0,0.0,0.0,0.0,0.0,0.0
20:38:38,0.0,0.0,0.0,0.0,0.0,0.0
20:38:38,0.0,0.0,0.0,0.0,0.0,0.0
20:38:38,0.0,0.0,0.0,0.0,0.0,0.0
20:38:38,0.0,0.0,0.0,0.0,0.0,0.0
20:38:38,0.0,0.0,0.0,0.0,0.0,0.0
20:38:39,0.0,0.0,0.0,0.0,0.0,0.0
20:38:39,0.0,0.0,0.0,0.0,0.0,0.0
20:38:39,0.0,0.0,0.0,0.0,0.0,0.0
20:38:39,0.0,0.0,0.0,0.0,0.0,0.0
20:38:39,0.0,0.0,0.0,0.0,0.0,0.0
20:38:39,0.0,0.0,0.0,0.0,0.0,0.0
20:38:39,0.0,0.0,0.0,0.0,0.0,0.0
20:38:39,0.0,0.0,0.0,0.0,0.0,0.0
20:38:39,0.0,0.0,0.0,0.0,0.0,0.0
20:38:40,0.0,0.0,0.0,0.0,0.0,0.0
20:38:40,0.0,0.0,0.0,0.0,0.0,0.0
20:38:40,0.0,0.0,0.0,0.0,0.0,0.0
20:38:40,0.0,0.0,0.0,0.0,0.0,0.0
20:38:40,0.0,0.0,0.0,0.0,0.0,0.0
20:38:40,0.0,0.0,0.0,0.0,0.0,0.0
20:38:40,0.0,0.0,0.0,0.0,0.0,0.0
20:38:40,0.0,0.0,0.0,0.0,0.0,0.0
20:38:40,0.0,0.0,0.0,0.0,0.0,0.0
20:38:41,0.0,0.0,0.0,0.0,0.0,0.0
20:38:41,0.0,0.0,0.0,0.0,0.0,0.0
20:38:41,0.0,0.0,0.0,0.0,0.0,0.0
20:38:41,0.0,0.0,0.0,0.0,0.0,0.0
20:38:41,0.0,0.0,0.0,0.0,0.0,0.0
20:38:41,0.0,0.0,0.0,0.0,0.0,0.0
20:38:41,0.0,0.0,0.0,0.0,0.0,0.0
20:38:41,0.0,0.0,0.0,0.0,0.0,0.0
20:38:41,0.0,0.0,0.0,0.0,0.0,0.0
20:38:42,0.0,0.0,0.0,0.0,0.0,0.0
20:38:42,0.0,0.0,0.0,0.0,0.0,0.0
20:38:42,0.0,0.0,0.0,0.0,0.0,0.0
20:38:42,0.0,0.0,0.0,0.0,0.0,0.0
20:38:42,0.0,0.0,0.0,0.0,0.0,0.0
20:38:42,0.0,0.0,0.0,0.0,0.0,0.0
20:38:42,0.0,0.0,0.0,0.0,0.0,0.0
20:38:42,0.0,0.0,0.0,0.0,0.0,0.0
20:38:42,0.0,0.0,0.0,0.0,0.0,0.0
20:38:43,0.0,0.0,0.0,0.0,0.0,0.0
20:38:43,0.0,0.0,0.0,0.0,0.0,0.0
20:38:43,0.0,0.0,0.0,0.0,0.0,0.0
20:38:43,0.0,0.0,0.0,0.0,0.0,0.0
20:38:43,0.0,0.0,0.0,0.0,0.0,0.0
20:38:43,0.0,0.0,0.0,0.0,0.0,0.0
20:38:43,0.0,0.0,0.0,0.0,0.0,0.0
20:38:43,0.0,0.0,0.0,0.0,0.0,0.0
20:38:44,0.0,0.0,0.0,0.0,0.0,0.0
20:38:44,0.0,0.0,0.0,0.0,0.0,0.0
20:38:44,0.0,0.0,0.0,0.0,0.0,0.0
20:38:44,0.0,0.0,0.0,0.0,0.0,0.0
20:38:44,0.0,0.0,0.0,0.0,0.0,0.0
20:38:44,0.0,0.0,0.0,0.0,0.0,0.0
20:38:44,0.0,0.0,0.0,0.0,0.0,0.0
20:38:44,0.0,0.0,0.0,0.0,0.0,0.0
20:38:45,0.0,0.0,0.0,0.0,0.0,0.0
20:38:45,0.0,0.0,0.0,0.0,0.0,0.0
20:38:45,0.0,0.0,0.0,0.0,0.0,0.0
20:38:45,0.0,0.0,0.0,0.0,0.0,0.0
20:38:45,0.0,0.0,0.0,0.0,0.0,0.0
20:38:45,0.0,0.0,0.0,0.0,0.0,0.0
20:38:45,0.0,0.0,0.0,0.0,0.0,0.0
20:38:45,0.0,0.0,0.0,0.0,0.0,0.0
20:38:45,0.0,0.0,0.0,0.0,0.0,0.0
20:38:46,0.0,0.0,0.0,0.0,0.0,0.0
20:38:46,0.0,0.0,0.0,0.0,0.0,0.0
20:38:46,0.0,0.0,0.0,0.0,0.0,0.0
20:38:46,0.0,0.0,0.0,0.0,0.0,0.0
20:38:46,0.0,0.0,0.0,0.0,0.0,0.0
20:38:46,0.0,0.0,0.0,0.0,0.0,0.0
20:38:46,0.0,0.0,0.0,0.0,0.0,0.0
20:38:46,0.0,0.0,0.0,0.0,0.0,0.0
20:38:46,0.0,0.0,0.0,0.0,0.0,0.0
20:38:47,0.0,0.0,0.0,0.0,0.0,0.0
20:38:47,0.0,0.0,0.0,0.0,0.0,0.0
20:38:47,0.0,0.0,0.0,0.0,0.0,0.0
20:38:47,0.0,0.0,0.0,0.0,0.0,0.0
20:38:47,0.0,0.0,0.0,0.0,0.0,0.0
20:38:47,0.0,0.0,0.0,0.0,0.0,0.0
20:38:47,0.0,0.0,0.0,0.0,0.0,0.0
20:38:47,0.0,0.0,0.0,0.0,0.0,0.0
20:38:47,0.0,0.0,0.0,0.0,0.0,0.0
20:38:48,0.0,0.0,0.0,0.0,0.0,0.0
20:38:48,0.0,0.0,0.0,0.0,0.0,0.0
20:38:48,0.0,0.0,0.0,0.0,0.0,0.0
20:38:48,0.0,0.0,0.0,0.0,0.0,0.0
20:38:48,0.0,0.0,0.0,0.0,0.0,0.0
20:38:48,0.0,0.0,0.0,0.0,0.0,0.0
20:38:48,0.0,0.0,0.0,0.0,0.0,0.0
20:38:48,0.0,0.0,0.0,0.0,0.0,0.0
20:38:48,0.0,0.0,0.0,0.0,0.0,0.0
20:38:49,0.0,0.0,0.0,0.0,0.0,0.0
20:38:49,0.0,0.0,0.0,0.0,0.0,0.0
20:38:49,0.0,0.0,0.0,0.0,0.0,0.0
20:38:49,0.0,0.0,0.0,0.0,0.0,0.0
20:38:49,0.0,0.0,0.0,0.0,0.0,0.0
20:38:49,0.0,0.0,0.0,0.0,0.0,0.0
20:38:49,0.0,0.0,0.0,0.0,0.0,0.0
20:38:49,0.0,0.0,0.0,0.0,0.0,0.0
20:38:49,0.0,0.0,0.0,0.0,0.0,0.0
20:38:50,0.0,0.0,0.0,0.0,0.0,0.0
20:38:50,0.0,0.0,0.0,0.0,0.0,0.0
20:38:50,0.0,0.0,0.0,0.0,0.0,0.0
20:38:50,0.0,0.0,0.0,0.0,0.0,0.0
20:38:50,0.0,0.0,0.0,0.0,0.0,0.0
20:38:50,0.0,0.0,0.0,0.0,0.0,0.0
20:38:50,0.0,0.0,0.0,0.0,0.0,0.0
20:38:50,0.0,0.0,0.0,0.0,0.0,0.0
20:38:51,0.0,0.0,0.0,0.0,0.0,0.0
20:38:51,0.0,0.0,0.0,0.0,0.0,0.0
20:38:51,0.0,0.0,0.0,0.0,0.0,0.0
20:38:51,0.0,0.0,0.0,0.0,0.0,0.0
20:38:51,0.0,0.0,0.0,0.0,0.0,0.0
20:38:51,0.0,0.0,0.0,0.0,0.0,0.0
20:38:51,0.0,0.0,0.0,0.0,0.0,0.0
20:38:51,0.0,0.0,0.0,0.0,0.0,0.0
20:38:52,0.0,0.0,0.0,0.0,0.0,0.0
20:38:52,0.0,0.0,0.0,0.0,0.0,0.0
20:38:52,0.0,0.0,0.0,0.0,0.0,0.0
20:38:52,0.0,0.0,0.0,0.0,0.0,0.0
20:38:52,0.0,0.0,0.0,0.0,0.0,0.0
20:38:52,0.0,0.0,0.0,0.0,0.0,0.0
20:38:52,0.0,0.0,0.0,0.0,0.0,0.0
20:38:52,0.0,0.0,0.0,0.0,0.0,0.0
20:38:53,0.0,0.0,0.0,0.0,0.0,0.0
20:38:53,0.0,0.0,0.0,0.0,0.0,0.0
20:38:53,0.0,0.0,0.0,0.0,0.0,0.0
20:38:53,0.0,0.0,0.0,0.0,0.0,0.0
20:38:53,0.0,0.0,0.0,0.0,0.0,0.0
20:38:53,0.0,0.0,0.0,0.0,0.0,0.0
20:38:53,0.0,0.0,0.0,0.0,0.0,0.0
20:38:53,0.0,0.0,0.0,0.0,0.0,0.0
20:38:54,0.0,0.0,0.0,0.0,0.0,0.0
20:38:54,0.0,0.0,0.0,0.0,0.0,0.0
20:38:54,0.0,0.0,0.0,0.0,0.0,0.0
20:38:54,0.0,0.0,0.0,0.0,0.0,0.0
20:38:54,0.0,0.0,0.0,0.0,0.0,0.0
20:38:54,0.0,0.0,0.0,0.0,0.0,0.0
20:38:54,0.0,0.0,0.0,0.0,0.0,0.0
20:38:54,0.0,0.0,0.0,0.0,0.0,0.0
20:38:55,0.0,0.0,0.0,0.0,0.0,0.0
20:38:55,0.0,0.0,0.0,0.0,0.0,0.0
20:38:55,0.0,0.0,0.0,0.0,0.0,0.0
20:38:55,0.0,0.0,0.0,0.0,0.0,0.0
20:38:55,0.0,0.0,0.0,0.0,0.0,0.0
20:38:55,0.0,0.0,0.0,0.0,0.0,0.0
20:38:55,0.0,0.0,0.0,0.0,0.0,0.0
20:38:55,0.0,0.0,0.0,0.0,0.0,0.0
20:38:56,0.0,0.0,0.0,0.0,0.0,0.0
20:38:56,0.0,0.0,0.0,0.0,0.0,0.0
20:38:56,0.0,0.0,0.0,0.0,0.0,0.0
20:38:56,0.0,0.0,0.0,0.0,0.0,0.0
20:38:56,0.0,0.0,0.0,0.0,0.0,0.0
20:38:56,0.0,0.0,0.0,0.0,0.0,0.0
20:38:56,0.0,0.0,0.0,0.0,0.0,0.0
20:38:56,0.0,0.0,0.0,0.0,0.0,0.0
20:38:56,0.0,0.0,0.0,0.0,0.0,0.0
20:38:57,0.0,0.0,0.0,0.0,0.0,0.0
20:38:57,0.0,0.0,0.0,0.0,0.0,0.0
20:38:57,0.0,0.0,0.0,0.0,0.0,0.0
20:38:57,0.0,0.0,0.0,0.0,0.0,0.0
20:38:57,0.0,0.0,0.0,0.0,0.0,0.0
20:38:57,0.0,0.0,0.0,0.0,0.0,0.0
20:38:57,0.0,0.0,0.0,0.0,0.0,0.0
20:38:57,0.0,0.0,0.0,0.0,0.0,0.0
20:38:58,0.0,0.0,0.0,0.0,0.0,0.0
20:38:58,0.0,0.0,0.0,0.0,0.0,0.0
20:38:58,0.0,0.0,0.0,0.0,0.0,0.0
20:38:58,0.0,0.0,0.0,0.0,0.0,0.0
20:38:58,0.0,0.0,0.0,0.0,0.0,0.0
20:38:58,0.0,0.0,0.0,0.0,0.0,0.0
20:38:58,0.0,0.0,0.0,0.0,0.0,0.0
20:38:58,0.0,0.0,0.0,0.0,0.0,0.0
20:38:58,0.0,0.0,0.0,0.0,0.0,0.0
20:38:59,0.0,0.0,0.0,0.0,0.0,0.0
20:38:59,0.0,0.0,0.0,0.0,0.0,0.0
20:38:59,0.0,0.0,0.0,0.0,0.0,0.0
20:38:59,0.0,0.0,0.0,0.0,0.0,0.0
20:38:59,0.0,0.0,0.0,0.0,0.0,0.0
20:38:59,0.0,0.0,0.0,0.0,0.0,0.0
20:38:59,0.0,0.0,0.0,0.0,0.0,0.0
20:38:59,0.0,0.0,0.0,0.0,0.0,0.0
20:38:59,0.0,0.0,0.0,0.0,0.0,0.0
20:39:00,0.0,0.0,0.0,0.0,0.0,0.0
20:39:00,0.0,0.0,0.0,0.0,0.0,0.0
20:39:00,0.0,0.0,0.0,0.0,0.0,0.0
20:39:00,0.0,0.0,0.0,0.0,0.0,0.0
20:39:00,0.0,0.0,0.0,0.0,0.0,0.0
20:39:00,0.0,0.0,0.0,0.0,0.0,0.0
20:39:00,0.0,0.0,0.0,0.0,0.0,0.0
20:39:00,0.0,0.0,0.0,0.0,0.0,0.0
20:39:00,0.0,0.0,0.0,0.0,0.0,0.0
20:39:01,0.0,0.0,0.0,0.0,0.0,0.0
20:39:01,0.0,0.0,0.0,0.0,0.0,0.0
20:39:01,0.0,0.0,0.0,0.0,0.0,0.0
20:39:01,0.0,0.0,0.0,0.0,0.0,0.0
20:39:01,0.0,0.0,0.0,0.0,0.0,0.0
20:39:01,0.0,0.0,0.0,0.0,0.0,0.0
20:39:01,0.0,0.0,0.0,0.0,0.0,0.0
20:39:01,0.0,0.0,0.0,0.0,0.0,0.0
20:39:01,0.0,0.0,0.0,0.0,0.0,0.0
20:39:02,0.0,0.0,0.0,0.0,0.0,0.0
20:39:02,0.0,0.0,0.0,0.0,0.0,0.0
20:39:02,0.0,0.0,0.0,0.0,0.0,0.0
20:39:02,0.0,0.0,0.0,0.0,0.0,0.0
20:39:02,0.0,0.0,0.0,0.0,0.0,0.0
20:39:02,0.0,0.0,0.0,0.0,0.0,0.0
20:39:02,0.0,0.0,0.0,0.0,0.0,0.0
20:39:02,0.0,0.0,0.0,0.0,0.0,0.0
20:39:03,0.0,0.0,0.0,0.0,0.0,0.0
20:39:03,0.0,0.0,0.0,0.0,0.0,0.0
20:39:03,0.0,0.0,0.0,0.0,0.0,0.0
20:39:03,0.0,0.0,0.0,0.0,0.0,0.0
20:39:03,0.0,0.0,0.0,0.0,0.0,0.0
20:39:03,0.0,0.0,0.0,0.0,0.0,0.0
20:39:03,0.0,0.0,0.0,0.0,0.0,0.0
20:39:03,0.0,0.0,0.0,0.0,0.0,0.0
20:39:03,0.0,0.0,0.0,0.0,0.0,0.0
20:39:04,0.0,0.0,0.0,0.0,0.0,0.0
20:39:04,0.0,0.0,0.0,0.0,0.0,0.0
20:39:04,0.0,0.0,0.0,0.0,0.0,0.0
20:39:04,0.0,0.0,0.0,0.0,0.0,0.0
20:39:04,0.0,0.0,0.0,0.0,0.0,0.0
20:39:04,0.0,0.0,0.0,0.0,0.0,0.0
20:39:04,0.0,0.0,0.0,0.0,0.0,0.0
20:39:04,0.0,0.0,0.0,0.0,0.0,0.0
20:39:04,0.0,0.0,0.0,0.0,0.0,0.0
20:39:05,0.0,0.0,0.0,0.0,0.0,0.0
20:39:05,0.0,0.0,0.0,0.0,0.0,0.0
20:39:05,0.0,0.0,0.0,0.0,0.0,0.0
20:39:05,0.0,0.0,0.0,0.0,0.0,0.0
20:39:05,0.0,0.0,0.0,0.0,0.0,0.0
20:39:05,0.0,0.0,0.0,0.0,0.0,0.0
20:39:05,0.0,0.0,0.0,0.0,0.0,0.0
20:39:05,0.0,0.0,0.0,0.0,0.0,0.0
20:39:05,0.0,0.0,0.0,0.0,0.0,0.0
20:39:06,0.0,0.0,0.0,0.0,0.0,0.0
20:39:06,0.0,0.0,0.0,0.0,0.0,0.0
20:39:06,0.0,0.0,0.0,0.0,0.0,0.0
20:39:06,0.0,0.0,0.0,0.0,0.0,0.0
20:39:06,0.0,0.0,0.0,0.0,0.0,0.0
20:39:06,0.0,0.0,0.0,0.0,0.0,0.0
20:39:06,0.0,0.0,0.0,0.0,0.0,0.0
20:39:06,0.0,0.0,0.0,0.0,0.0,0.0
20:39:06,0.0,0.0,0.0,0.0,0.0,0.0
20:39:07,0.0,0.0,0.0,0.0,0.0,0.0
20:39:07,0.0,0.0,0.0,0.0,0.0,0.0
20:39:07,0.0,0.0,0.0,0.0,0.0,0.0
20:39:07,0.0,0.0,0.0,0.0,0.0,0.0
20:39:07,0.0,0.0,0.0,0.0,0.0,0.0
20:39:07,0.0,0.0,0.0,0.0,0.0,0.0
20:39:07,0.0,0.0,0.0,0.0,0.0,0.0
20:39:07,0.0,0.0,0.0,0.0,0.0,0.0
20:39:08,0.0,0.0,0.0,0.0,0.0,0.0
20:39:08,0.0,0.0,0.0,0.0,0.0,0.0
20:39:08,0.0,0.0,0.0,0.0,0.0,0.0
20:39:08,0.0,0.0,0.0,0.0,0.0,0.0
20:39:08,0.0,0.0,0.0,0.0,0.0,0.0
20:39:08,0.0,0.0,0.0,0.0,0.0,0.0
20:39:08,0.0,0.0,0.0,0.0,0.0,0.0
20:39:08,0.0,0.0,0.0,0.0,0.0,0.0
20:39:09,0.0,0.0,0.0,0.0,0.0,0.0
20:39:09,0.0,0.0,0.0,0.0,0.0,0.0
20:39:09,0.0,0.0,0.0,0.0,0.0,0.0
20:39:09,0.0,0.0,0.0,0.0,0.0,0.0
20:39:09,0.0,0.0,0.0,0.0,0.0,0.0
20:39:09,0.0,0.0,0.0,0.0,0.0,0.0
20:39:09,0.0,0.0,0.0,0.0,0.0,0.0
20:39:09,0.0,0.0,0.0,0.0,0.0,0.0
20:39:09,0.0,0.0,0.0,0.0,0.0,0.0
20:39:10,0.0,0.0,0.0,0.0,0.0,0.0
20:39:10,0.0,0.0,0.0,0.0,0.0,0.0
20:39:10,0.0,0.0,0.0,0.0,0.0,0.0
20:39:10,0.0,0.0,0.0,0.0,0.0,0.0
20:39:10,0.0,0.0,0.0,0.0,0.0,0.0
20:39:10,0.0,0.0,0.0,0.0,0.0,0.0
20:39:10,0.0,0.0,0.0,0.0,0.0,0.0
20:39:10,0.0,0.0,0.0,0.0,0.0,0.0
20:39:10,0.0,0.0,0.0,0.0,0.0,0.0
20:39:11,0.0,0.0,0.0,0.0,0.0,0.0
20:39:11,0.0,0.0,0.0,0.0,0.0,0.0
20:39:11,0.0,0.0,0.0,0.0,0.0,0.0
20:39:11,0.0,0.0,0.0,0.0,0.0,0.0
20:39:11,0.0,0.0,0.0,0.0,0.0,0.0
20:39:11,0.0,0.0,0.0,0.0,0.0,0.0
20:39:11,0.0,0.0,0.0,0.0,0.0,0.0
20:39:11,0.0,0.0,0.0,0.0,0.0,0.0
20:39:12,0.0,0.0,0.0,0.0,0.0,0.0
20:39:12,0.0,0.0,0.0,0.0,0.0,0.0
20:39:12,0.0,0.0,0.0,0.0,0.0,0.0
20:39:12,0.0,0.0,0.0,0.0,0.0,0.0
20:39:12,0.0,0.0,0.0,0.0,0.0,0.0
20:39:12,0.0,0.0,0.0,0.0,0.0,0.0
20:39:12,0.0,0.0,0.0,0.0,0.0,0.0
20:39:12,0.0,0.0,0.0,0.0,0.0,0.0
20:39:12,0.0,0.0,0.0,0.0,0.0,0.0
20:39:13,0.0,0.0,0.0,0.0,0.0,0.0
20:39:13,0.0,0.0,0.0,0.0,0.0,0.0
20:39:13,0.0,0.0,0.0,0.0,0.0,0.0
20:39:13,0.0,0.0,0.0,0.0,0.0,0.0
20:39:13,0.0,0.0,0.0,0.0,0.0,0.0
20:39:13,0.0,0.0,0.0,0.0,0.0,0.0
20:39:13,0.0,0.0,0.0,0.0,0.0,0.0
20:39:13,0.0,0.0,0.0,0.0,0.0,0.0
20:39:13,0.0,0.0,0.0,0.0,0.0,0.0
20:39:14,0.0,0.0,0.0,0.0,0.0,0.0
20:39:14,0.0,0.0,0.0,0.0,0.0,0.0
20:39:14,0.0,0.0,0.0,0.0,0.0,0.0
20:39:14,0.0,0.0,0.0,0.0,0.0,0.0
20:39:14,0.0,0.0,0.0,0.0,0.0,0.0
20:39:14,0.0,0.0,0.0,0.0,0.0,0.0
20:39:14,0.0,0.0,0.0,0.0,0.0,0.0
20:39:14,0.0,0.0,0.0,0.0,0.0,0.0
20:39:15,0.0,0.0,0.0,0.0,0.0,0.0
20:39:15,0.0,0.0,0.0,0.0,0.0,0.0
20:39:15,0.0,0.0,0.0,0.0,0.0,0.0
20:39:15,0.0,0.0,0.0,0.0,0.0,0.0
20:39:15,0.0,0.0,0.0,0.0,0.0,0.0
20:39:15,0.0,0.0,0.0,0.0,0.0,0.0
20:39:15,0.0,0.0,0.0,0.0,0.0,0.0
20:39:15,0.0,0.0,0.0,0.0,0.0,0.0
20:39:15,0.0,0.0,0.0,0.0,0.0,0.0
20:39:16,0.0,0.0,0.0,0.0,0.0,0.0
20:39:16,0.0,0.0,0.0,0.0,0.0,0.0
20:39:16,0.0,0.0,0.0,0.0,0.0,0.0
20:39:16,0.0,0.0,0.0,0.0,0.0,0.0
20:39:16,0.0,0.0,0.0,0.0,0.0,0.0
20:39:16,0.0,0.0,0.0,0.0,0.0,0.0
20:39:16,0.0,0.0,0.0,0.0,0.0,0.0
20:39:16,0.0,0.0,0.0,0.0,0.0,0.0
20:39:16,0.0,0.0,0.0,0.0,0.0,0.0
20:39:17,0.0,0.0,0.0,0.0,0.0,0.0
20:39:17,0.0,0.0,0.0,0.0,0.0,0.0
20:39:17,0.0,0.0,0.0,0.0,0.0,0.0
20:39:17,0.0,0.0,0.0,0.0,0.0,0.0
20:39:17,0.0,0.0,0.0,0.0,0.0,0.0
20:39:17,0.0,0.0,0.0,0.0,0.0,0.0
20:39:17,0.0,0.0,0.0,0.0,0.0,0.0
20:39:17,0.0,0.0,0.0,0.0,0.0,0.0
20:39:17,0.0,0.0,0.0,0.0,0.0,0.0
20:39:18,0.0,0.0,0.0,0.0,0.0,0.0
20:39:18,0.0,0.0,0.0,0.0,0.0,0.0
20:39:18,0.0,0.0,0.0,0.0,0.0,0.0
20:39:18,0.0,0.0,0.0,0.0,0.0,0.0
20:39:18,0.0,0.0,0.0,0.0,0.0,0.0
20:39:18,0.0,0.0,0.0,0.0,0.0,0.0
20:39:18,0.0,0.0,0.0,0.0,0.0,0.0
20:39:18,0.0,0.0,0.0,0.0,0.0,0.0
20:39:18,0.0,0.0,0.0,0.0,0.0,0.0
20:39:19,0.0,0.0,0.0,0.0,0.0,0.0
20:39:19,0.0,0.0,0.0,0.0,0.0,0.0
20:39:19,0.0,0.0,0.0,0.0,0.0,0.0
20:39:19,0.0,0.0,0.0,0.0,0.0,0.0
20:39:19,0.0,0.0,0.0,0.0,0.0,0.0
20:39:19,0.0,0.0,0.0,0.0,0.0,0.0
20:39:19,0.0,0.0,0.0,0.0,0.0,0.0
20:39:19,0.0,0.0,0.0,0.0,0.0,0.0
20:39:20,0.0,0.0,0.0,0.0,0.0,0.0
20:39:20,0.0,0.0,0.0,0.0,0.0,0.0
20:39:20,0.0,0.0,0.0,0.0,0.0,0.0
20:39:20,0.0,0.0,0.0,0.0,0.0,0.0
20:39:20,0.0,0.0,0.0,0.0,0.0,0.0
20:39:20,0.0,0.0,0.0,0.0,0.0,0.0
20:39:20,0.0,0.0,0.0,0.0,0.0,0.0
20:39:20,0.0,0.0,0.0,0.0,0.0,0.0
20:39:21,0.0,0.0,0.0,0.0,0.0,0.0
20:39:21,0.0,0.0,0.0,0.0,0.0,0.0
20:39:21,0.0,0.0,0.0,0.0,0.0,0.0
20:39:21,0.0,0.0,0.0,0.0,0.0,0.0
20:39:21,0.0,0.0,0.0,0.0,0.0,0.0
20:39:21,0.0,0.0,0.0,0.0,0.0,0.0
20:39:21,0.0,0.0,0.0,0.0,0.0,0.0
20:39:21,0.0,0.0,0.0,0.0,0.0,0.0
20:39:21,0.0,0.0,0.0,0.0,0.0,0.0
20:39:22,0.0,0.0,0.0,0.0,0.0,0.0
20:39:22,0.0,0.0,0.0,0.0,0.0,0.0
20:39:22,0.0,0.0,0.0,0.0,0.0,0.0
20:39:22,0.0,0.0,0.0,0.0,0.0,0.0
20:39:22,0.0,0.0,0.0,0.0,0.0,0.0
20:39:22,0.0,0.0,0.0,0.0,0.0,0.0
20:39:22,0.0,0.0,0.0,0.0,0.0,0.0
20:39:22,0.0,0.0,0.0,0.0,0.0,0.0
20:39:22,0.0,0.0,0.0,0.0,0.0,0.0
20:39:23,0.0,0.0,0.0,0.0,0.0,0.0
20:39:23,0.0,0.0,0.0,0.0,0.0,0.0
20:39:23,0.0,0.0,0.0,0.0,0.0,0.0
20:39:23,0.0,0.0,0.0,0.0,0.0,0.0
20:39:23,0.0,0.0,0.0,0.0,0.0,0.0
20:39:23,0.0,0.0,0.0,0.0,0.0,0.0
20:39:23,0.0,0.0,0.0,0.0,0.0,0.0
20:39:23,0.0,0.0,0.0,0.0,0.0,0.0
20:39:23,0.0,0.0,0.0,0.0,0.0,0.0
20:39:24,0.0,0.0,0.0,0.0,0.0,0.0
20:39:24,0.0,0.0,0.0,0.0,0.0,0.0
20:39:24,0.0,0.0,0.0,0.0,0.0,0.0
20:39:24,0.0,0.0,0.0,0.0,0.0,0.0
20:39:24,0.0,0.0,0.0,0.0,0.0,0.0
20:39:24,0.0,0.0,0.0,0.0,0.0,0.0
20:39:24,0.0,0.0,0.0,0.0,0.0,0.0
20:39:24,0.0,0.0,0.0,0.0,0.0,0.0
20:39:24,0.0,0.0,0.0,0.0,0.0,0.0
20:39:25,0.0,0.0,0.0,0.0,0.0,0.0
20:39:25,0.0,0.0,0.0,0.0,0.0,0.0
20:39:25,0.0,0.0,0.0,0.0,0.0,0.0
20:39:25,0.0,0.0,0.0,0.0,0.0,0.0
20:39:25,0.0,0.0,0.0,0.0,0.0,0.0
20:39:25,0.0,0.0,0.0,0.0,0.0,0.0
20:39:25,0.0,0.0,0.0,0.0,0.0,0.0
20:39:25,0.0,0.0,0.0,0.0,0.0,0.0
20:39:25,0.0,0.0,0.0,0.0,0.0,0.0
20:39:26,0.0,0.0,0.0,0.0,0.0,0.0
20:39:26,0.0,0.0,0.0,0.0,0.0,0.0
20:39:26,0.0,0.0,0.0,0.0,0.0,0.0
20:39:26,0.0,0.0,0.0,0.0,0.0,0.0
20:39:26,0.0,0.0,0.0,0.0,0.0,0.0
20:39:26,0.0,0.0,0.0,0.0,0.0,0.0
20:39:26,0.0,0.0,0.0,0.0,0.0,0.0
20:39:26,0.0,0.0,0.0,0.0,0.0,0.0
20:39:26,0.0,0.0,0.0,0.0,0.0,0.0
20:39:27,0.0,0.0,0.0,0.0,0.0,0.0
20:39:27,0.0,0.0,0.0,0.0,0.0,0.0
20:39:27,0.0,0.0,0.0,0.0,0.0,0.0
20:39:27,0.0,0.0,0.0,0.0,0.0,0.0
20:39:27,0.0,0.0,0.0,0.0,0.0,0.0
20:39:27,0.0,0.0,0.0,0.0,0.0,0.0
20:39:27,0.0,0.0,0.0,0.0,0.0,0.0
20:39:27,0.0,0.0,0.0,0.0,0.0,0.0
20:39:27,0.0,0.0,0.0,0.0,0.0,0.0
20:39:28,0.0,0.0,0.0,0.0,0.0,0.0
20:39:28,0.0,0.0,0.0,0.0,0.0,0.0
20:39:28,0.0,0.0,0.0,0.0,0.0,0.0
20:39:28,0.0,0.0,0.0,0.0,0.0,0.0
20:39:28,0.0,0.0,0.0,0.0,0.0,0.0
20:39:28,0.0,0.0,0.0,0.0,0.0,0.0
20:39:28,0.0,0.0,0.0,0.0,0.0,0.0
20:39:28,0.0,0.0,0.0,0.0,0.0,0.0
20:39:28,0.0,0.0,0.0,0.0,0.0,0.0
20:39:29,0.0,0.0,0.0,0.0,0.0,0.0
20:39:29,0.0,0.0,0.0,0.0,0.0,0.0
20:39:29,0.0,0.0,0.0,0.0,0.0,0.0
20:39:29,0.0,0.0,0.0,0.0,0.0,0.0
20:39:29,0.0,0.0,0.0,0.0,0.0,0.0
20:39:29,0.0,0.0,0.0,0.0,0.0,0.0
20:39:29,0.0,0.0,0.0,0.0,0.0,0.0
20:39:29,0.0,0.0,0.0,0.0,0.0,0.0
20:39:29,0.0,0.0,0.0,0.0,0.0,0.0
20:39:30,0.0,0.0,0.0,0.0,0.0,0.0
20:39:30,0.0,0.0,0.0,0.0,0.0,0.0
20:39:30,0.0,0.0,0.0,0.0,0.0,0.0
20:39:30,0.0,0.0,0.0,0.0,0.0,0.0
20:39:30,0.0,0.0,0.0,0.0,0.0,0.0
20:39:30,0.0,0.0,0.0,0.0,0.0,0.0
20:39:30,0.0,0.0,0.0,0.0,0.0,0.0
20:39:30,0.0,0.0,0.0,0.0,0.0,0.0
20:39:30,0.0,0.0,0.0,0.0,0.0,0.0
20:39:31,0.0,0.0,0.0,0.0,0.0,0.0
20:39:31,0.0,0.0,0.0,0.0,0.0,0.0
20:39:31,0.0,0.0,0.0,0.0,0.0,0.0
20:39:31,0.0,0.0,0.0,0.0,0.0,0.0
20:39:31,0.0,0.0,0.0,0.0,0.0,0.0
20:39:31,0.0,0.0,0.0,0.0,0.0,0.0
20:39:31,0.0,0.0,0.0,0.0,0.0,0.0
20:39:31,0.0,0.0,0.0,0.0,0.0,0.0
20:39:32,0.0,0.0,0.0,0.0,0.0,0.0
20:39:32,0.0,0.0,0.0,0.0,0.0,0.0
20:39:32,0.0,0.0,0.0,0.0,0.0,0.0
20:39:32,0.0,0.0,0.0,0.0,0.0,0.0
20:39:32,0.0,0.0,0.0,0.0,0.0,0.0
20:39:32,0.0,0.0,0.0,0.0,0.0,0.0
20:39:32,0.0,0.0,0.0,0.0,0.0,0.0
20:39:32,0.0,0.0,0.0,0.0,0.0,0.0
20:39:33,0.0,0.0,0.0,0.0,0.0,0.0
20:39:33,0.0,0.0,0.0,0.0,0.0,0.0
20:39:33,0.0,0.0,0.0,0.0,0.0,0.0
20:39:33,0.0,0.0,0.0,0.0,0.0,0.0
20:39:33,0.0,0.0,0.0,0.0,0.0,0.0
20:39:33,0.0,0.0,0.0,0.0,0.0,0.0
20:39:33,0.0,0.0,0.0,0.0,0.0,0.0
20:39:33,0.0,0.0,0.0,0.0,0.0,0.0
20:39:34,0.0,0.0,0.0,0.0,0.0,0.0
20:39:34,0.0,0.0,0.0,0.0,0.0,0.0
20:39:34,0.0,0.0,0.0,0.0,0.0,0.0
20:39:34,0.0,0.0,0.0,0.0,0.0,0.0
20:39:34,0.0,0.0,0.0,0.0,0.0,0.0
20:39:34,0.0,0.0,0.0,0.0,0.0,0.0
20:39:34,0.0,0.0,0.0,0.0,0.0,0.0
20:39:34,0.0,0.0,0.0,0.0,0.0,0.0
20:39:34,0.0,0.0,0.0,0.0,0.0,0.0
20:39:35,0.0,0.0,0.0,0.0,0.0,0.0
20:39:35,0.0,0.0,0.0,0.0,0.0,0.0
20:39:35,0.0,0.0,0.0,0.0,0.0,0.0
20:39:35,0.0,0.0,0.0,0.0,0.0,0.0
20:39:35,0.0,0.0,0.0,0.0,0.0,0.0
20:39:35,0.0,0.0,0.0,0.0,0.0,0.0
20:39:35,0.0,0.0,0.0,0.0,0.0,0.0
20:39:35,0.0,0.0,0.0,0.0,0.0,0.0
20:39:35,0.0,0.0,0.0,0.0,0.0,0.0
20:39:36,0.0,0.0,0.0,0.0,0.0,0.0
20:39:36,0.0,0.0,0.0,0.0,0.0,0.0
20:39:36,0.0,0.0,0.0,0.0,0.0,0.0
20:39:36,0.0,0.0,0.0,0.0,0.0,0.0
20:39:36,0.0,0.0,0.0,0.0,0.0,0.0
20:39:36,0.0,0.0,0.0,0.0,0.0,0.0
20:39:36,0.0,0.0,0.0,0.0,0.0,0.0
20:39:36,0.0,0.0,0.0,0.0,0.0,0.0
20:39:36,0.0,0.0,0.0,0.0,0.0,0.0
20:39:37,0.0,0.0,0.0,0.0,0.0,0.0
20:39:37,0.0,0.0,0.0,0.0,0.0,0.0
20:39:37,0.0,0.0,0.0,0.0,0.0,0.0
20:39:37,0.0,0.0,0.0,0.0,0.0,0.0
20:39:37,0.0,0.0,0.0,0.0,0.0,0.0
20:39:37,0.0,0.0,0.0,0.0,0.0,0.0
20:39:37,0.0,0.0,0.0,0.0,0.0,0.0
20:39:37,0.0,0.0,0.0,0.0,0.0,0.0
20:39:37,0.0,0.0,0.0,0.0,0.0,0.0
20:39:38,0.0,0.0,0.0,0.0,0.0,0.0
20:39:38,0.0,0.0,0.0,0.0,0.0,0.0
20:39:38,0.0,0.0,0.0,0.0,0.0,0.0
20:39:38,0.0,0.0,0.0,0.0,0.0,0.0
20:39:38,0.0,0.0,0.0,0.0,0.0,0.0
20:39:38,0.0,0.0,0.0,0.0,0.0,0.0
20:39:38,0.0,0.0,0.0,0.0,0.0,0.0
20:39:38,0.0,0.0,0.0,0.0,0.0,0.0
20:39:38,0.0,0.0,0.0,0.0,0.0,0.0
20:39:39,0.0,0.0,0.0,0.0,0.0,0.0
20:39:39,0.0,0.0,0.0,0.0,0.0,0.0
20:39:39,0.0,0.0,0.0,0.0,0.0,0.0
20:39:39,0.0,0.0,0.0,0.0,0.0,0.0
20:39:39,0.0,0.0,0.0,0.0,0.0,0.0
20:39:39,0.0,0.0,0.0,0.0,0.0,0.0
20:39:39,0.0,0.0,0.0,0.0,0.0,0.0
20:39:39,0.0,0.0,0.0,0.0,0.0,0.0
20:39:39,0.0,0.0,0.0,0.0,0.0,0.0
20:39:40,0.0,0.0,0.0,0.0,0.0,0.0
20:39:40,0.0,0.0,0.0,0.0,0.0,0.0
20:39:40,0.0,0.0,0.0,0.0,0.0,0.0
20:39:40,0.0,0.0,0.0,0.0,0.0,0.0
20:39:40,0.0,0.0,0.0,0.0,0.0,0.0
20:39:40,0.0,0.0,0.0,0.0,0.0,0.0
20:39:40,0.0,0.0,0.0,0.0,0.0,0.0
20:39:40,0.0,0.0,0.0,0.0,0.0,0.0
20:39:40,0.0,0.0,0.0,0.0,0.0,0.0
20:39:41,0.0,0.0,0.0,0.0,0.0,0.0
20:39:41,0.0,0.0,0.0,0.0,0.0,0.0
20:39:41,0.0,0.0,0.0,0.0,0.0,0.0
20:39:41,0.0,0.0,0.0,0.0,0.0,0.0
20:39:41,0.0,0.0,0.0,0.0,0.0,0.0
20:39:41,0.0,0.0,0.0,0.0,0.0,0.0
20:39:41,0.0,0.0,0.0,0.0,0.0,0.0
20:39:41,0.0,0.0,0.0,0.0,0.0,0.0
20:39:41,0.0,0.0,0.0,0.0,0.0,0.0
20:39:42,0.0,0.0,0.0,0.0,0.0,0.0
20:39:42,0.0,0.0,0.0,0.0,0.0,0.0
20:39:42,0.0,0.0,0.0,0.0,0.0,0.0
20:39:42,0.0,0.0,0.0,0.0,0.0,0.0
20:39:42,0.0,0.0,0.0,0.0,0.0,0.0
20:39:42,0.0,0.0,0.0,0.0,0.0,0.0
20:39:42,0.0,0.0,0.0,0.0,0.0,0.0
20:39:42,0.0,0.0,0.0,0.0,0.0,0.0
20:39:43,0.0,0.0,0.0,0.0,0.0,0.0
20:39:43,0.0,0.0,0.0,0.0,0.0,0.0
20:39:43,0.0,0.0,0.0,0.0,0.0,0.0
20:39:43,0.0,0.0,0.0,0.0,0.0,0.0
20:39:43,0.0,0.0,0.0,0.0,0.0,0.0
20:39:43,0.0,0.0,0.0,0.0,0.0,0.0
20:39:43,0.0,0.0,0.0,0.0,0.0,0.0
20:39:43,0.0,0.0,0.0,0.0,0.0,0.0
20:39:43,0.0,0.0,0.0,0.0,0.0,0.0
20:39:44,0.0,0.0,0.0,0.0,0.0,0.0
20:39:44,0.0,0.0,0.0,0.0,0.0,0.0
20:39:44,0.0,0.0,0.0,0.0,0.0,0.0
20:39:44,0.0,0.0,0.0,0.0,0.0,0.0
20:39:44,0.0,0.0,0.0,0.0,0.0,0.0
20:39:44,0.0,0.0,0.0,0.0,0.0,0.0
20:39:44,0.0,0.0,0.0,0.0,0.0,0.0
20:39:44,0.0,0.0,0.0,0.0,0.0,0.0
20:39:45,0.0,0.0,0.0,0.0,0.0,0.0
20:39:45,0.0,0.0,0.0,0.0,0.0,0.0
20:39:45,0.0,0.0,0.0,0.0,0.0,0.0
20:39:45,0.0,0.0,0.0,0.0,0.0,0.0
20:39:45,0.0,0.0,0.0,0.0,0.0,0.0
20:39:45,0.0,0.0,0.0,0.0,0.0,0.0
20:39:45,0.0,0.0,0.0,0.0,0.0,0.0
